name,stusps,ring,order,lon,lat
Nebraska,NE,NE:0:0,0,-104.053,43.001
Nebraska,NE,NE:0:0,1,-103.133,43.001
Nebraska,NE,NE:0:0,2,-102.487,43.0
Nebraska,NE,NE:0:0,3,-101.85,42.999
Nebraska,NE,NE:0:0,4,-101.625,42.996
Nebraska,NE,NE:0:0,5,-100.632,42.998
Nebraska,NE,NE:0:0,6,-99.918,42.998
Nebraska,NE,NE:0:0,7,-99.471,42.998
Nebraska,NE,NE:0:0,8,-98.9,42.998
Nebraska,NE,NE:0:0,9,-98.499,42.999
Nebraska,NE,NE:0:0,10,-98.467,42.948
Nebraska,NE,NE:0:0,11,-98.258,42.874
Nebraska,NE,NE:0:0,12,-98.129,42.821
Nebraska,NE,NE:0:0,13,-98.035,42.764
Nebraska,NE,NE:0:0,14,-97.95,42.77
Nebraska,NE,NE:0:0,15,-97.845,42.868
Nebraska,NE,NE:0:0,16,-97.687,42.842
Nebraska,NE,NE:0:0,17,-97.604,42.858
Nebraska,NE,NE:0:0,18,-97.442,42.846
Nebraska,NE,NE:0:0,19,-97.307,42.868
Nebraska,NE,NE:0:0,20,-97.219,42.846
Nebraska,NE,NE:0:0,21,-97.21,42.809
Nebraska,NE,NE:0:0,22,-97.131,42.772
Nebraska,NE,NE:0:0,23,-96.982,42.761
Nebraska,NE,NE:0:0,24,-96.806,42.704
Nebraska,NE,NE:0:0,25,-96.802,42.672
Nebraska,NE,NE:0:0,26,-96.688,42.653
Nebraska,NE,NE:0:0,27,-96.711,42.608
Nebraska,NE,NE:0:0,28,-96.638,42.552
Nebraska,NE,NE:0:0,29,-96.626,42.514
Nebraska,NE,NE:0:0,30,-96.558,42.52
Nebraska,NE,NE:0:0,31,-96.501,42.483
Nebraska,NE,NE:0:0,32,-96.446,42.491
Nebraska,NE,NE:0:0,33,-96.381,42.446
Nebraska,NE,NE:0:0,34,-96.412,42.411
Nebraska,NE,NE:0:0,35,-96.408,42.337
Nebraska,NE,NE:0:0,36,-96.37,42.311
Nebraska,NE,NE:0:0,37,-96.324,42.23
Nebraska,NE,NE:0:0,38,-96.348,42.167
Nebraska,NE,NE:0:0,39,-96.267,42.11
Nebraska,NE,NE:0:0,40,-96.238,42.041
Nebraska,NE,NE:0:0,41,-96.184,41.977
Nebraska,NE,NE:0:0,42,-96.13,41.972
Nebraska,NE,NE:0:0,43,-96.162,41.902
Nebraska,NE,NE:0:0,44,-96.07,41.804
Nebraska,NE,NE:0:0,45,-96.118,41.694
Nebraska,NE,NE:0:0,46,-96.095,41.647
Nebraska,NE,NE:0:0,47,-96.109,41.597
Nebraska,NE,NE:0:0,48,-96.09,41.532
Nebraska,NE,NE:0:0,49,-96.005,41.472
Nebraska,NE,NE:0:0,50,-95.933,41.464
Nebraska,NE,NE:0:0,51,-95.926,41.196
Nebraska,NE,NE:0:0,52,-95.865,41.188
Nebraska,NE,NE:0:0,53,-95.882,41.144
Nebraska,NE,NE:0:0,54,-95.863,41.088
Nebraska,NE,NE:0:0,55,-95.863,40.997
Nebraska,NE,NE:0:0,56,-95.812,40.884
Nebraska,NE,NE:0:0,57,-95.848,40.864
Nebraska,NE,NE:0:0,58,-95.837,40.776
Nebraska,NE,NE:0:0,59,-95.889,40.732
Nebraska,NE,NE:0:0,60,-95.843,40.677
Nebraska,NE,NE:0:0,61,-95.789,40.659
Nebraska,NE,NE:0:0,62,-95.766,40.585
Nebraska,NE,NE:0:0,63,-95.757,40.526
Nebraska,NE,NE:0:0,64,-95.697,40.528
Nebraska,NE,NE:0:0,65,-95.693,40.469
Nebraska,NE,NE:0:0,66,-95.61,40.314
Nebraska,NE,NE:0:0,67,-95.47,40.228
Nebraska,NE,NE:0:0,68,-95.476,40.182
Nebraska,NE,NE:0:0,69,-95.399,40.126
Nebraska,NE,NE:0:0,70,-95.422,40.059
Nebraska,NE,NE:0:0,71,-95.308,40.0
Nebraska,NE,NE:0:0,72,-96.154,40.0
Nebraska,NE,NE:0:0,73,-97.05,40.001
Nebraska,NE,NE:0:0,74,-97.515,40.002
Nebraska,NE,NE:0:0,75,-98.1,40.002
Nebraska,NE,NE:0:0,76,-98.935,40.002
Nebraska,NE,NE:0:0,77,-99.813,40.001
Nebraska,NE,NE:0:0,78,-100.469,40.002
Nebraska,NE,NE:0:0,79,-101.41,40.002
Nebraska,NE,NE:0:0,80,-102.052,40.003
Nebraska,NE,NE:0:0,81,-102.052,40.538
Nebraska,NE,NE:0:0,82,-102.052,41.002
Nebraska,NE,NE:0:0,83,-102.866,41.002
Nebraska,NE,NE:0:0,84,-103.497,41.002
Nebraska,NE,NE:0:0,85,-104.053,41.001
Nebraska,NE,NE:0:0,86,-104.052,41.418
Nebraska,NE,NE:0:0,87,-104.053,41.885
Nebraska,NE,NE:0:0,88,-104.053,42.5
Washington,WA,WA:0:0,0,-122.526,47.359
Washington,WA,WA:0:0,1,-122.513,47.449
Washington,WA,WA:0:0,2,-122.433,47.466
Washington,WA,WA:0:0,3,-122.44,47.417
Washington,WA,WA:0:0,4,-122.402,47.381
Washington,WA,WA:0:0,5,-122.454,47.343
Washington,WA,WA:1:0,0,-122.77,48.228
Washington,WA,WA:1:0,1,-122.674,48.355
Washington,WA,WA:1:0,2,-122.665,48.402
Washington,WA,WA:1:0,3,-122.585,48.395
Washington,WA,WA:1:0,4,-122.585,48.353
Washington,WA,WA:1:0,5,-122.516,48.32
Washington,WA,WA:1:0,6,-122.531,48.282
Washington,WA,WA:1:0,7,-122.618,48.294
Washington,WA,WA:1:0,8,-122.669,48.241
Washington,WA,WA:1:0,9,-122.606,48.208
Washington,WA,WA:1:0,10,-122.558,48.12
Washington,WA,WA:1:0,11,-122.538,48.016
Washington,WA,WA:1:0,12,-122.448,48.054
Washington,WA,WA:1:0,13,-122.376,48.034
Washington,WA,WA:1:0,14,-122.351,47.953
Washington,WA,WA:1:0,15,-122.376,47.91
Washington,WA,WA:1:0,16,-122.431,47.915
Washington,WA,WA:1:0,17,-122.473,47.988
Washington,WA,WA:1:0,18,-122.521,47.973
Washington,WA,WA:1:0,19,-122.607,48.031
Washington,WA,WA:1:0,20,-122.61,48.152
Washington,WA,WA:1:0,21,-122.68,48.155
Washington,WA,WA:2:0,0,-123.203,48.596
Washington,WA,WA:2:0,1,-123.178,48.622
Washington,WA,WA:2:0,2,-123.049,48.621
Washington,WA,WA:2:0,3,-122.918,48.714
Washington,WA,WA:2:0,4,-122.876,48.712
Washington,WA,WA:2:0,5,-122.743,48.662
Washington,WA,WA:2:0,6,-122.81,48.619
Washington,WA,WA:2:0,7,-122.771,48.562
Washington,WA,WA:2:0,8,-122.816,48.488
Washington,WA,WA:2:0,9,-122.803,48.433
Washington,WA,WA:2:0,10,-122.874,48.418
Washington,WA,WA:2:0,11,-122.927,48.461
Washington,WA,WA:2:0,12,-123.039,48.46
Washington,WA,WA:2:0,13,-123.119,48.493
Washington,WA,WA:3:0,0,-117.032,48.999
Washington,WA,WA:3:0,1,-117.035,48.371
Washington,WA,WA:3:0,2,-117.042,47.839
Washington,WA,WA:3:0,3,-117.04,47.127
Washington,WA,WA:3:0,4,-117.04,46.425
Washington,WA,WA:3:0,5,-117.056,46.346
Washington,WA,WA:3:0,6,-116.985,46.293
Washington,WA,WA:3:0,7,-116.924,46.171
Washington,WA,WA:3:0,8,-116.96,46.099
Washington,WA,WA:3:0,9,-116.916,45.995
Washington,WA,WA:3:0,10,-117.475,45.998
Washington,WA,WA:3:0,11,-118.126,46.0
Washington,WA,WA:3:0,12,-118.987,46.0
Washington,WA,WA:3:0,13,-119.126,45.933
Washington,WA,WA:3:0,14,-119.257,45.94
Washington,WA,WA:3:0,15,-119.364,45.922
Washington,WA,WA:3:0,16,-119.623,45.906
Washington,WA,WA:3:0,17,-119.67,45.857
Washington,WA,WA:3:0,18,-119.966,45.824
Washington,WA,WA:3:0,19,-120.17,45.762
Washington,WA,WA:3:0,20,-120.211,45.726
Washington,WA,WA:3:0,21,-120.404,45.699
Washington,WA,WA:3:0,22,-120.506,45.7
Washington,WA,WA:3:0,23,-120.559,45.738
Washington,WA,WA:3:0,24,-120.635,45.746
Washington,WA,WA:3:0,25,-120.689,45.716
Washington,WA,WA:3:0,26,-120.856,45.672
Washington,WA,WA:3:0,27,-121.085,45.648
Washington,WA,WA:3:0,28,-121.132,45.61
Washington,WA,WA:3:0,29,-121.184,45.606
Washington,WA,WA:3:0,30,-121.216,45.671
Washington,WA,WA:3:0,31,-121.338,45.705
Washington,WA,WA:3:0,32,-121.402,45.693
Washington,WA,WA:3:0,33,-121.533,45.727
Washington,WA,WA:3:0,34,-121.735,45.694
Washington,WA,WA:3:0,35,-121.811,45.707
Washington,WA,WA:3:0,36,-121.908,45.654
Washington,WA,WA:3:0,37,-122.102,45.584
Washington,WA,WA:3:0,38,-122.184,45.578
Washington,WA,WA:3:0,39,-122.249,45.548
Washington,WA,WA:3:0,40,-122.332,45.548
Washington,WA,WA:3:0,41,-122.38,45.576
Washington,WA,WA:3:0,42,-122.475,45.578
Washington,WA,WA:3:0,43,-122.675,45.618
Washington,WA,WA:3:0,44,-122.764,45.657
Washington,WA,WA:3:0,45,-122.76,45.734
Washington,WA,WA:3:0,46,-122.796,45.81
Washington,WA,WA:3:0,47,-122.785,45.868
Washington,WA,WA:3:0,48,-122.814,45.961
Washington,WA,WA:3:0,49,-122.904,46.084
Washington,WA,WA:3:0,50,-123.116,46.185
Washington,WA,WA:3:0,51,-123.166,46.189
Washington,WA,WA:3:0,52,-123.28,46.145
Washington,WA,WA:3:0,53,-123.371,46.146
Washington,WA,WA:3:0,54,-123.431,46.182
Washington,WA,WA:3:0,55,-123.428,46.229
Washington,WA,WA:3:0,56,-123.48,46.269
Washington,WA,WA:3:0,57,-123.548,46.259
Washington,WA,WA:3:0,58,-123.67,46.267
Washington,WA,WA:3:0,59,-123.724,46.301
Washington,WA,WA:3:0,60,-123.909,46.245
Washington,WA,WA:3:0,61,-123.985,46.309
Washington,WA,WA:3:0,62,-124.065,46.327
Washington,WA,WA:3:0,63,-124.057,46.493
Washington,WA,WA:3:0,64,-124.032,46.496
Washington,WA,WA:3:0,65,-124.015,46.379
Washington,WA,WA:3:0,66,-123.954,46.379
Washington,WA,WA:3:0,67,-123.988,46.445
Washington,WA,WA:3:0,68,-123.894,46.537
Washington,WA,WA:3:0,69,-123.961,46.636
Washington,WA,WA:3:0,70,-123.877,46.731
Washington,WA,WA:3:0,71,-124.022,46.709
Washington,WA,WA:3:0,72,-124.097,46.746
Washington,WA,WA:3:0,73,-124.108,46.836
Washington,WA,WA:3:0,74,-124.089,46.868
Washington,WA,WA:3:0,75,-123.898,46.972
Washington,WA,WA:3:0,76,-123.992,46.98
Washington,WA,WA:3:0,77,-124.026,47.03
Washington,WA,WA:3:0,78,-124.122,47.042
Washington,WA,WA:3:0,79,-124.177,47.093
Washington,WA,WA:3:0,80,-124.236,47.287
Washington,WA,WA:3:0,81,-124.319,47.356
Washington,WA,WA:3:0,82,-124.356,47.546
Washington,WA,WA:3:0,83,-124.431,47.746
Washington,WA,WA:3:0,84,-124.477,47.77
Washington,WA,WA:3:0,85,-124.49,47.817
Washington,WA,WA:3:0,86,-124.626,47.888
Washington,WA,WA:3:0,87,-124.672,47.964
Washington,WA,WA:3:0,88,-124.687,48.099
Washington,WA,WA:3:0,89,-124.732,48.17
Washington,WA,WA:3:0,90,-124.704,48.184
Washington,WA,WA:3:0,91,-124.659,48.331
Washington,WA,WA:3:0,92,-124.653,48.391
Washington,WA,WA:3:0,93,-124.565,48.368
Washington,WA,WA:3:0,94,-124.381,48.285
Washington,WA,WA:3:0,95,-124.239,48.262
Washington,WA,WA:3:0,96,-124.102,48.217
Washington,WA,WA:3:0,97,-124.051,48.178
Washington,WA,WA:3:0,98,-123.981,48.165
Washington,WA,WA:3:0,99,-123.778,48.155
Washington,WA,WA:3:0,100,-123.703,48.167
Washington,WA,WA:3:0,101,-123.591,48.135
Washington,WA,WA:3:0,102,-123.395,48.114
Washington,WA,WA:3:0,103,-123.249,48.116
Washington,WA,WA:3:0,104,-123.164,48.166
Washington,WA,WA:3:0,105,-123.066,48.12
Washington,WA,WA:3:0,106,-123.039,48.081
Washington,WA,WA:3:0,107,-122.979,48.096
Washington,WA,WA:3:0,108,-122.878,48.047
Washington,WA,WA:3:0,109,-122.876,48.111
Washington,WA,WA:3:0,110,-122.801,48.088
Washington,WA,WA:3:0,111,-122.771,48.053
Washington,WA,WA:3:0,112,-122.698,48.103
Washington,WA,WA:3:0,113,-122.67,48.017
Washington,WA,WA:3:0,114,-122.718,47.988
Washington,WA,WA:3:0,115,-122.658,47.931
Washington,WA,WA:3:0,116,-122.636,47.866
Washington,WA,WA:3:0,117,-122.748,47.801
Washington,WA,WA:3:0,118,-122.782,47.704
Washington,WA,WA:3:0,119,-122.897,47.675
Washington,WA,WA:3:0,120,-122.857,47.65
Washington,WA,WA:3:0,121,-122.754,47.672
Washington,WA,WA:3:0,122,-122.74,47.736
Washington,WA,WA:3:0,123,-122.682,47.801
Washington,WA,WA:3:0,124,-122.528,47.906
Washington,WA,WA:3:0,125,-122.488,47.744
Washington,WA,WA:3:0,126,-122.518,47.651
Washington,WA,WA:3:0,127,-122.494,47.589
Washington,WA,WA:3:0,128,-122.543,47.556
Washington,WA,WA:3:0,129,-122.495,47.51
Washington,WA,WA:3:0,130,-122.531,47.469
Washington,WA,WA:3:0,131,-122.574,47.318
Washington,WA,WA:3:0,132,-122.548,47.285
Washington,WA,WA:3:0,133,-122.614,47.221
Washington,WA,WA:3:0,134,-122.697,47.284
Washington,WA,WA:3:0,135,-122.75,47.276
Washington,WA,WA:3:0,136,-122.591,47.178
Washington,WA,WA:3:0,137,-122.528,47.292
Washington,WA,WA:3:0,138,-122.444,47.267
Washington,WA,WA:3:0,139,-122.424,47.319
Washington,WA,WA:3:0,140,-122.325,47.349
Washington,WA,WA:3:0,141,-122.326,47.392
Washington,WA,WA:3:0,142,-122.397,47.515
Washington,WA,WA:3:0,143,-122.41,47.569
Washington,WA,WA:3:0,144,-122.343,47.591
Washington,WA,WA:3:0,145,-122.43,47.659
Washington,WA,WA:3:0,146,-122.373,47.729
Washington,WA,WA:3:0,147,-122.392,47.808
Washington,WA,WA:3:0,148,-122.34,47.847
Washington,WA,WA:3:0,149,-122.307,47.949
Washington,WA,WA:3:0,150,-122.226,47.976
Washington,WA,WA:3:0,151,-122.232,48.03
Washington,WA,WA:3:0,152,-122.281,48.05
Washington,WA,WA:3:0,153,-122.365,48.126
Washington,WA,WA:3:0,154,-122.396,48.229
Washington,WA,WA:3:0,155,-122.479,48.188
Washington,WA,WA:3:0,156,-122.537,48.184
Washington,WA,WA:3:0,157,-122.531,48.25
Washington,WA,WA:3:0,158,-122.407,48.252
Washington,WA,WA:3:0,159,-122.372,48.288
Washington,WA,WA:3:0,160,-122.409,48.326
Washington,WA,WA:3:0,161,-122.507,48.365
Washington,WA,WA:3:0,162,-122.582,48.429
Washington,WA,WA:3:0,163,-122.655,48.411
Washington,WA,WA:3:0,164,-122.665,48.478
Washington,WA,WA:3:0,165,-122.615,48.521
Washington,WA,WA:3:0,166,-122.537,48.467
Washington,WA,WA:3:0,167,-122.484,48.492
Washington,WA,WA:3:0,168,-122.478,48.559
Washington,WA,WA:3:0,169,-122.425,48.6
Washington,WA,WA:3:0,170,-122.5,48.656
Washington,WA,WA:3:0,171,-122.519,48.713
Washington,WA,WA:3:0,172,-122.49,48.751
Washington,WA,WA:3:0,173,-122.536,48.776
Washington,WA,WA:3:0,174,-122.647,48.774
Washington,WA,WA:3:0,175,-122.699,48.801
Washington,WA,WA:3:0,176,-122.723,48.853
Washington,WA,WA:3:0,177,-122.786,48.885
Washington,WA,WA:3:0,178,-122.747,48.931
Washington,WA,WA:3:0,179,-122.817,48.956
Washington,WA,WA:3:0,180,-122.758,49.002
Washington,WA,WA:3:0,181,-122.098,49.002
Washington,WA,WA:3:0,182,-121.751,48.997
Washington,WA,WA:3:0,183,-120.717,49.0
Washington,WA,WA:3:0,184,-120.001,48.999
Washington,WA,WA:3:0,185,-119.429,49.0
Washington,WA,WA:3:0,186,-118.837,49.0
Washington,WA,WA:3:0,187,-118.197,49.0
New Mexico,NM,NM:0:0,0,-109.045,36.999
New Mexico,NM,NM:0:0,1,-108.249,36.999
New Mexico,NM,NM:0:0,2,-107.482,37.0
New Mexico,NM,NM:0:0,3,-106.877,37.0
New Mexico,NM,NM:0:0,4,-106.87,36.992
New Mexico,NM,NM:0:0,5,-106.201,36.994
New Mexico,NM,NM:0:0,6,-105.627,36.996
New Mexico,NM,NM:0:0,7,-105.001,36.993
New Mexico,NM,NM:0:0,8,-104.339,36.994
New Mexico,NM,NM:0:0,9,-103.733,36.998
New Mexico,NM,NM:0:0,10,-103.002,37.0
New Mexico,NM,NM:0:0,11,-103.002,36.5
New Mexico,NM,NM:0:0,12,-103.042,36.5
New Mexico,NM,NM:0:0,13,-103.041,36.055
New Mexico,NM,NM:0:0,14,-103.042,35.622
New Mexico,NM,NM:0:0,15,-103.043,34.85
New Mexico,NM,NM:0:0,16,-103.044,34.313
New Mexico,NM,NM:0:0,17,-103.044,33.975
New Mexico,NM,NM:0:0,18,-103.053,33.571
New Mexico,NM,NM:0:0,19,-103.065,33.0
New Mexico,NM,NM:0:0,20,-103.065,32.522
New Mexico,NM,NM:0:0,21,-103.064,32.001
New Mexico,NM,NM:0:0,22,-103.723,32.0
New Mexico,NM,NM:0:0,23,-104.532,32.0
New Mexico,NM,NM:0:0,24,-105.429,32.001
New Mexico,NM,NM:0:0,25,-106.126,32.003
New Mexico,NM,NM:0:0,26,-106.618,32.0
New Mexico,NM,NM:0:0,27,-106.614,31.953
New Mexico,NM,NM:0:0,28,-106.645,31.895
New Mexico,NM,NM:0:0,29,-106.577,31.81
New Mexico,NM,NM:0:0,30,-106.528,31.783
New Mexico,NM,NM:0:0,31,-107.422,31.784
New Mexico,NM,NM:0:0,32,-108.208,31.784
New Mexico,NM,NM:0:0,33,-108.209,31.333
New Mexico,NM,NM:0:0,34,-109.05,31.333
New Mexico,NM,NM:0:0,35,-109.048,32.089
New Mexico,NM,NM:0:0,36,-109.048,32.426
New Mexico,NM,NM:0:0,37,-109.047,33.068
New Mexico,NM,NM:0:0,38,-109.047,33.625
New Mexico,NM,NM:0:0,39,-109.047,34.0
New Mexico,NM,NM:0:0,40,-109.046,34.522
New Mexico,NM,NM:0:0,41,-109.046,35.176
New Mexico,NM,NM:0:0,42,-109.046,35.617
New Mexico,NM,NM:0:0,43,-109.046,36.117
New Mexico,NM,NM:0:0,44,-109.045,36.527
South Dakota,SD,SD:0:0,0,-104.058,44.997
South Dakota,SD,SD:0:0,1,-104.04,45.001
South Dakota,SD,SD:0:0,2,-104.04,45.374
South Dakota,SD,SD:0:0,3,-104.045,45.945
South Dakota,SD,SD:0:0,4,-103.668,45.945
South Dakota,SD,SD:0:0,5,-102.92,45.945
South Dakota,SD,SD:0:0,6,-102.177,45.945
South Dakota,SD,SD:0:0,7,-101.42,45.944
South Dakota,SD,SD:0:0,8,-100.936,45.944
South Dakota,SD,SD:0:0,9,-100.171,45.943
South Dakota,SD,SD:0:0,10,-99.258,45.94
South Dakota,SD,SD:0:0,11,-98.415,45.937
South Dakota,SD,SD:0:0,12,-97.785,45.935
South Dakota,SD,SD:0:0,13,-97.145,45.935
South Dakota,SD,SD:0:0,14,-96.564,45.935
South Dakota,SD,SD:0:0,15,-96.58,45.826
South Dakota,SD,SD:0:0,16,-96.652,45.747
South Dakota,SD,SD:0:0,17,-96.841,45.645
South Dakota,SD,SD:0:0,18,-96.858,45.606
South Dakota,SD,SD:0:0,19,-96.765,45.521
South Dakota,SD,SD:0:0,20,-96.731,45.457
South Dakota,SD,SD:0:0,21,-96.68,45.41
South Dakota,SD,SD:0:0,22,-96.618,45.408
South Dakota,SD,SD:0:0,23,-96.489,45.357
South Dakota,SD,SD:0:0,24,-96.453,45.298
South Dakota,SD,SD:0:0,25,-96.452,44.703
South Dakota,SD,SD:0:0,26,-96.453,44.197
South Dakota,SD,SD:0:0,27,-96.453,43.5
South Dakota,SD,SD:0:0,28,-96.599,43.5
South Dakota,SD,SD:0:0,29,-96.594,43.434
South Dakota,SD,SD:0:0,30,-96.524,43.395
South Dakota,SD,SD:0:0,31,-96.526,43.312
South Dakota,SD,SD:0:0,32,-96.58,43.298
South Dakota,SD,SD:0:0,33,-96.555,43.227
South Dakota,SD,SD:0:0,34,-96.485,43.224
South Dakota,SD,SD:0:0,35,-96.439,43.114
South Dakota,SD,SD:0:0,36,-96.511,43.025
South Dakota,SD,SD:0:0,37,-96.541,42.924
South Dakota,SD,SD:0:0,38,-96.544,42.851
South Dakota,SD,SD:0:0,39,-96.578,42.828
South Dakota,SD,SD:0:0,40,-96.64,42.737
South Dakota,SD,SD:0:0,41,-96.631,42.706
South Dakota,SD,SD:0:0,42,-96.538,42.655
South Dakota,SD,SD:0:0,43,-96.446,42.491
South Dakota,SD,SD:0:0,44,-96.501,42.483
South Dakota,SD,SD:0:0,45,-96.558,42.52
South Dakota,SD,SD:0:0,46,-96.626,42.514
South Dakota,SD,SD:0:0,47,-96.638,42.552
South Dakota,SD,SD:0:0,48,-96.711,42.608
South Dakota,SD,SD:0:0,49,-96.688,42.653
South Dakota,SD,SD:0:0,50,-96.802,42.672
South Dakota,SD,SD:0:0,51,-96.806,42.704
South Dakota,SD,SD:0:0,52,-96.982,42.761
South Dakota,SD,SD:0:0,53,-97.131,42.772
South Dakota,SD,SD:0:0,54,-97.21,42.809
South Dakota,SD,SD:0:0,55,-97.219,42.846
South Dakota,SD,SD:0:0,56,-97.307,42.868
South Dakota,SD,SD:0:0,57,-97.442,42.846
South Dakota,SD,SD:0:0,58,-97.604,42.858
South Dakota,SD,SD:0:0,59,-97.687,42.842
South Dakota,SD,SD:0:0,60,-97.845,42.868
South Dakota,SD,SD:0:0,61,-97.95,42.77
South Dakota,SD,SD:0:0,62,-98.035,42.764
South Dakota,SD,SD:0:0,63,-98.129,42.821
South Dakota,SD,SD:0:0,64,-98.258,42.874
South Dakota,SD,SD:0:0,65,-98.467,42.948
South Dakota,SD,SD:0:0,66,-98.499,42.999
South Dakota,SD,SD:0:0,67,-98.9,42.998
South Dakota,SD,SD:0:0,68,-99.471,42.998
South Dakota,SD,SD:0:0,69,-99.918,42.998
South Dakota,SD,SD:0:0,70,-100.632,42.998
South Dakota,SD,SD:0:0,71,-101.625,42.996
South Dakota,SD,SD:0:0,72,-101.85,42.999
South Dakota,SD,SD:0:0,73,-102.487,43.0
South Dakota,SD,SD:0:0,74,-103.133,43.001
South Dakota,SD,SD:0:0,75,-104.053,43.001
South Dakota,SD,SD:0:0,76,-104.054,43.29
South Dakota,SD,SD:0:0,77,-104.055,43.853
South Dakota,SD,SD:0:0,78,-104.054,44.18
South Dakota,SD,SD:0:0,79,-104.056,44.691
Texas,TX,TX:0:0,0,-103.002,36.5
Texas,TX,TX:0:0,1,-102.25,36.5
Texas,TX,TX:0:0,2,-101.624,36.5
Texas,TX,TX:0:0,3,-101.085,36.499
Texas,TX,TX:0:0,4,-100.522,36.499
Texas,TX,TX:0:0,5,-100.0,36.5
Texas,TX,TX:0:0,6,-100.0,36.056
Texas,TX,TX:0:0,7,-100.0,35.619
Texas,TX,TX:0:0,8,-100.0,35.03
Texas,TX,TX:0:0,9,-100.0,34.561
Texas,TX,TX:0:0,10,-99.946,34.579
Texas,TX,TX:0:0,11,-99.887,34.549
Texas,TX,TX:0:0,12,-99.754,34.421
Texas,TX,TX:0:0,13,-99.696,34.381
Texas,TX,TX:0:0,14,-99.6,34.375
Texas,TX,TX:0:0,15,-99.58,34.417
Texas,TX,TX:0:0,16,-99.5,34.41
Texas,TX,TX:0:0,17,-99.441,34.374
Texas,TX,TX:0:0,18,-99.397,34.378
Texas,TX,TX:0:0,19,-99.395,34.442
Texas,TX,TX:0:0,20,-99.261,34.403
Texas,TX,TX:0:0,21,-99.213,34.34
Texas,TX,TX:0:0,22,-99.19,34.214
Texas,TX,TX:0:0,23,-99.043,34.198
Texas,TX,TX:0:0,24,-98.95,34.212
Texas,TX,TX:0:0,25,-98.909,34.177
Texas,TX,TX:0:0,26,-98.766,34.136
Texas,TX,TX:0:0,27,-98.69,34.133
Texas,TX,TX:0:0,28,-98.648,34.164
Texas,TX,TX:0:0,29,-98.577,34.149
Texas,TX,TX:0:0,30,-98.486,34.063
Texas,TX,TX:0:0,31,-98.418,34.083
Texas,TX,TX:0:0,32,-98.364,34.157
Texas,TX,TX:0:0,33,-98.3,34.135
Texas,TX,TX:0:0,34,-98.169,34.114
Texas,TX,TX:0:0,35,-98.119,34.084
Texas,TX,TX:0:0,36,-98.083,34.002
Texas,TX,TX:0:0,37,-97.946,33.988
Texas,TX,TX:0:0,38,-97.968,33.882
Texas,TX,TX:0:0,39,-97.866,33.849
Texas,TX,TX:0:0,40,-97.834,33.858
Texas,TX,TX:0:0,41,-97.672,33.991
Texas,TX,TX:0:0,42,-97.589,33.952
Texas,TX,TX:0:0,43,-97.552,33.898
Texas,TX,TX:0:0,44,-97.501,33.92
Texas,TX,TX:0:0,45,-97.46,33.904
Texas,TX,TX:0:0,46,-97.463,33.842
Texas,TX,TX:0:0,47,-97.373,33.819
Texas,TX,TX:0:0,48,-97.337,33.873
Texas,TX,TX:0:0,49,-97.272,33.863
Texas,TX,TX:0:0,50,-97.211,33.916
Texas,TX,TX:0:0,51,-97.167,33.847
Texas,TX,TX:0:0,52,-97.205,33.801
Texas,TX,TX:0:0,53,-97.172,33.738
Texas,TX,TX:0:0,54,-97.097,33.728
Texas,TX,TX:0:0,55,-97.095,33.799
Texas,TX,TX:0:0,56,-96.986,33.887
Texas,TX,TX:0:0,57,-96.995,33.932
Texas,TX,TX:0:0,58,-96.922,33.96
Texas,TX,TX:0:0,59,-96.866,33.853
Texas,TX,TX:0:0,60,-96.794,33.869
Texas,TX,TX:0:0,61,-96.762,33.824
Texas,TX,TX:0:0,62,-96.691,33.85
Texas,TX,TX:0:0,63,-96.673,33.912
Texas,TX,TX:0:0,64,-96.597,33.875
Texas,TX,TX:0:0,65,-96.623,33.841
Texas,TX,TX:0:0,66,-96.527,33.821
Texas,TX,TX:0:0,67,-96.5,33.773
Texas,TX,TX:0:0,68,-96.423,33.776
Texas,TX,TX:0:0,69,-96.343,33.687
Texas,TX,TX:0:0,70,-96.277,33.77
Texas,TX,TX:0:0,71,-96.229,33.748
Texas,TX,TX:0:0,72,-96.169,33.77
Texas,TX,TX:0:0,73,-96.148,33.838
Texas,TX,TX:0:0,74,-96.049,33.836
Texas,TX,TX:0:0,75,-95.941,33.862
Texas,TX,TX:0:0,76,-95.935,33.887
Texas,TX,TX:0:0,77,-95.828,33.836
Texas,TX,TX:0:0,78,-95.714,33.885
Texas,TX,TX:0:0,79,-95.563,33.932
Texas,TX,TX:0:0,80,-95.533,33.881
Texas,TX,TX:0:0,81,-95.408,33.866
Texas,TX,TX:0:0,82,-95.295,33.875
Texas,TX,TX:0:0,83,-95.253,33.905
Texas,TX,TX:0:0,84,-95.23,33.961
Texas,TX,TX:0:0,85,-95.131,33.937
Texas,TX,TX:0:0,86,-95.049,33.864
Texas,TX,TX:0:0,87,-94.964,33.837
Texas,TX,TX:0:0,88,-94.92,33.786
Texas,TX,TX:0:0,89,-94.831,33.74
Texas,TX,TX:0:0,90,-94.775,33.755
Texas,TX,TX:0:0,91,-94.708,33.687
Texas,TX,TX:0:0,92,-94.652,33.691
Texas,TX,TX:0:0,93,-94.486,33.638
Texas,TX,TX:0:0,94,-94.393,33.551
Texas,TX,TX:0:0,95,-94.226,33.553
Texas,TX,TX:0:0,96,-94.183,33.592
Texas,TX,TX:0:0,97,-94.043,33.552
Texas,TX,TX:0:0,98,-94.043,33.019
Texas,TX,TX:0:0,99,-94.043,32.693
Texas,TX,TX:0:0,100,-94.043,31.999
Texas,TX,TX:0:0,101,-93.977,31.926
Texas,TX,TX:0:0,102,-93.91,31.893
Texas,TX,TX:0:0,103,-93.871,31.817
Texas,TX,TX:0:0,104,-93.823,31.774
Texas,TX,TX:0:0,105,-93.804,31.686
Texas,TX,TX:0:0,106,-93.838,31.607
Texas,TX,TX:0:0,107,-93.819,31.555
Texas,TX,TX:0:0,108,-93.726,31.504
Texas,TX,TX:0:0,109,-93.749,31.469
Texas,TX,TX:0:0,110,-93.701,31.438
Texas,TX,TX:0:0,111,-93.664,31.36
Texas,TX,TX:0:0,112,-93.688,31.31
Texas,TX,TX:0:0,113,-93.62,31.271
Texas,TX,TX:0:0,114,-93.6,31.176
Texas,TX,TX:0:0,115,-93.549,31.187
Texas,TX,TX:0:0,116,-93.547,31.083
Texas,TX,TX:0:0,117,-93.517,31.024
Texas,TX,TX:0:0,118,-93.568,30.978
Texas,TX,TX:0:0,119,-93.526,30.939
Texas,TX,TX:0:0,120,-93.568,30.888
Texas,TX,TX:0:0,121,-93.554,30.825
Texas,TX,TX:0:0,122,-93.589,30.787
Texas,TX,TX:0:0,123,-93.621,30.695
Texas,TX,TX:0:0,124,-93.683,30.641
Texas,TX,TX:0:0,125,-93.68,30.6
Texas,TX,TX:0:0,126,-93.728,30.574
Texas,TX,TX:0:0,127,-93.698,30.444
Texas,TX,TX:0:0,128,-93.759,30.387
Texas,TX,TX:0:0,129,-93.766,30.333
Texas,TX,TX:0:0,130,-93.714,30.294
Texas,TX,TX:0:0,131,-93.721,30.21
Texas,TX,TX:0:0,132,-93.698,30.153
Texas,TX,TX:0:0,133,-93.732,30.089
Texas,TX,TX:0:0,134,-93.721,30.053
Texas,TX,TX:0:0,135,-93.787,29.991
Texas,TX,TX:0:0,136,-93.855,29.864
Texas,TX,TX:0:0,137,-93.923,29.819
Texas,TX,TX:0:0,138,-93.838,29.691
Texas,TX,TX:0:0,139,-94.001,29.681
Texas,TX,TX:0:0,140,-94.134,29.647
Texas,TX,TX:0:0,141,-94.595,29.468
Texas,TX,TX:0:0,142,-94.67,29.431
Texas,TX,TX:0:0,143,-94.731,29.369
Texas,TX,TX:0:0,144,-94.767,29.393
Texas,TX,TX:0:0,145,-94.672,29.477
Texas,TX,TX:0:0,146,-94.594,29.492
Texas,TX,TX:0:0,147,-94.546,29.572
Texas,TX,TX:0:0,148,-94.741,29.526
Texas,TX,TX:0:0,149,-94.781,29.531
Texas,TX,TX:0:0,150,-94.709,29.625
Texas,TX,TX:0:0,151,-94.696,29.758
Texas,TX,TX:0:0,152,-94.757,29.781
Texas,TX,TX:0:0,153,-94.816,29.757
Texas,TX,TX:0:0,154,-94.873,29.671
Texas,TX,TX:0:0,155,-94.921,29.658
Texas,TX,TX:0:0,156,-94.943,29.698
Texas,TX,TX:0:0,157,-95.005,29.659
Texas,TX,TX:0:0,158,-94.983,29.601
Texas,TX,TX:0:0,159,-95.018,29.555
Texas,TX,TX:0:0,160,-94.982,29.511
Texas,TX,TX:0:0,161,-94.909,29.497
Texas,TX,TX:0:0,162,-94.931,29.451
Texas,TX,TX:0:0,163,-94.891,29.433
Texas,TX,TX:0:0,164,-94.894,29.308
Texas,TX,TX:0:0,165,-94.953,29.29
Texas,TX,TX:0:0,166,-95.099,29.174
Texas,TX,TX:0:0,167,-95.159,29.189
Texas,TX,TX:0:0,168,-95.165,29.114
Texas,TX,TX:0:0,169,-95.099,29.129
Texas,TX,TX:0:0,170,-95.004,29.184
Texas,TX,TX:0:0,171,-94.879,29.286
Texas,TX,TX:0:0,172,-94.825,29.306
Texas,TX,TX:0:0,173,-94.822,29.344
Texas,TX,TX:0:0,174,-94.731,29.332
Texas,TX,TX:0:0,175,-94.804,29.279
Texas,TX,TX:0:0,176,-95.026,29.148
Texas,TX,TX:0:0,177,-95.125,29.067
Texas,TX,TX:0:0,178,-95.353,28.898
Texas,TX,TX:0:0,179,-95.382,28.866
Texas,TX,TX:0:0,180,-95.44,28.859
Texas,TX,TX:0:0,181,-95.813,28.665
Texas,TX,TX:0:0,182,-96.078,28.557
Texas,TX,TX:0:0,183,-96.22,28.492
Texas,TX,TX:0:0,184,-96.39,28.382
Texas,TX,TX:0:0,185,-96.443,28.318
Texas,TX,TX:0:0,186,-96.632,28.223
Texas,TX,TX:0:0,187,-96.792,28.11
Texas,TX,TX:0:0,188,-96.886,28.031
Texas,TX,TX:0:0,189,-97.003,27.908
Texas,TX,TX:0:0,190,-97.045,27.834
Texas,TX,TX:0:0,191,-97.141,27.717
Texas,TX,TX:0:0,192,-97.213,27.596
Texas,TX,TX:0:0,193,-97.296,27.427
Texas,TX,TX:0:0,194,-97.358,27.235
Texas,TX,TX:0:0,195,-97.379,27.06
Texas,TX,TX:0:0,196,-97.377,26.972
Texas,TX,TX:0:0,197,-97.348,26.796
Texas,TX,TX:0:0,198,-97.296,26.618
Texas,TX,TX:0:0,199,-97.337,26.651
Texas,TX,TX:0:0,200,-97.389,26.8
Texas,TX,TX:0:0,201,-97.401,26.892
Texas,TX,TX:0:0,202,-97.4,27.115
Texas,TX,TX:0:0,203,-97.361,27.352
Texas,TX,TX:0:0,204,-97.304,27.507
Texas,TX,TX:0:0,205,-97.235,27.634
Texas,TX,TX:0:0,206,-97.121,27.799
Texas,TX,TX:0:0,207,-97.13,27.839
Texas,TX,TX:0:0,208,-97.082,27.913
Texas,TX,TX:0:0,209,-97.017,27.946
Texas,TX,TX:0:0,210,-96.934,28.056
Texas,TX,TX:0:0,211,-96.92,28.094
Texas,TX,TX:0:0,212,-96.819,28.143
Texas,TX,TX:0:0,213,-96.791,28.189
Texas,TX,TX:0:0,214,-96.735,28.191
Texas,TX,TX:0:0,215,-96.599,28.293
Texas,TX,TX:0:0,216,-96.441,28.343
Texas,TX,TX:0:0,217,-96.453,28.419
Texas,TX,TX:0:0,218,-96.581,28.353
Texas,TX,TX:0:0,219,-96.621,28.319
Texas,TX,TX:0:0,220,-96.684,28.314
Texas,TX,TX:0:0,221,-96.71,28.407
Texas,TX,TX:0:0,222,-96.776,28.406
Texas,TX,TX:0:0,223,-96.795,28.365
Texas,TX,TX:0:0,224,-96.787,28.256
Texas,TX,TX:0:0,225,-96.8,28.224
Texas,TX,TX:0:0,226,-96.935,28.124
Texas,TX,TX:0:0,227,-97.027,28.148
Texas,TX,TX:0:0,228,-97.037,28.186
Texas,TX,TX:0:0,229,-97.154,28.133
Texas,TX,TX:0:0,230,-97.214,28.087
Texas,TX,TX:0:0,231,-97.137,28.057
Texas,TX,TX:0:0,232,-97.052,28.106
Texas,TX,TX:0:0,233,-97.026,28.042
Texas,TX,TX:0:0,234,-97.049,28.022
Texas,TX,TX:0:0,235,-97.187,27.824
Texas,TX,TX:0:0,236,-97.225,27.826
Texas,TX,TX:0:0,237,-97.251,27.876
Texas,TX,TX:0:0,238,-97.325,27.868
Texas,TX,TX:0:0,239,-97.454,27.874
Texas,TX,TX:0:0,240,-97.472,27.824
Texas,TX,TX:0:0,241,-97.392,27.814
Texas,TX,TX:0:0,242,-97.368,27.742
Texas,TX,TX:0:0,243,-97.254,27.697
Texas,TX,TX:0:0,244,-97.322,27.571
Texas,TX,TX:0:0,245,-97.405,27.33
Texas,TX,TX:0:0,246,-97.483,27.298
Texas,TX,TX:0:0,247,-97.514,27.362
Texas,TX,TX:0:0,248,-97.609,27.285
Texas,TX,TX:0:0,249,-97.629,27.243
Texas,TX,TX:0:0,250,-97.543,27.229
Texas,TX,TX:0:0,251,-97.45,27.263
Texas,TX,TX:0:0,252,-97.422,27.258
Texas,TX,TX:0:0,253,-97.444,26.987
Texas,TX,TX:0:0,254,-97.466,26.81
Texas,TX,TX:0:0,255,-97.467,26.71
Texas,TX,TX:0:0,256,-97.446,26.609
Texas,TX,TX:0:0,257,-97.407,26.499
Texas,TX,TX:0:0,258,-97.381,26.481
Texas,TX,TX:0:0,259,-97.28,26.271
Texas,TX,TX:0:0,260,-97.311,26.231
Texas,TX,TX:0:0,261,-97.291,26.105
Texas,TX,TX:0:0,262,-97.271,26.086
Texas,TX,TX:0:0,263,-97.152,26.062
Texas,TX,TX:0:0,264,-97.146,25.956
Texas,TX,TX:0:0,265,-97.277,25.952
Texas,TX,TX:0:0,266,-97.368,25.916
Texas,TX,TX:0:0,267,-97.373,25.84
Texas,TX,TX:0:0,268,-97.423,25.84
Texas,TX,TX:0:0,269,-97.449,25.872
Texas,TX,TX:0:0,270,-97.522,25.886
Texas,TX,TX:0:0,271,-97.546,25.934
Texas,TX,TX:0:0,272,-97.583,25.938
Texas,TX,TX:0:0,273,-97.649,26.021
Texas,TX,TX:0:0,274,-97.759,26.032
Texas,TX,TX:0:0,275,-97.801,26.06
Texas,TX,TX:0:0,276,-97.887,26.066
Texas,TX,TX:0:0,277,-98.039,26.041
Texas,TX,TX:0:0,278,-98.106,26.068
Texas,TX,TX:0:0,279,-98.249,26.073
Texas,TX,TX:0:0,280,-98.355,26.153
Texas,TX,TX:0:0,281,-98.465,26.222
Texas,TX,TX:0:0,282,-98.497,26.213
Texas,TX,TX:0:0,283,-98.585,26.254
Texas,TX,TX:0:0,284,-98.669,26.236
Texas,TX,TX:0:0,285,-98.755,26.325
Texas,TX,TX:0:0,286,-98.825,26.371
Texas,TX,TX:0:0,287,-98.891,26.358
Texas,TX,TX:0:0,288,-98.968,26.398
Texas,TX,TX:0:0,289,-99.039,26.413
Texas,TX,TX:0:0,290,-99.082,26.397
Texas,TX,TX:0:0,291,-99.111,26.426
Texas,TX,TX:0:0,292,-99.092,26.477
Texas,TX,TX:0:0,293,-99.128,26.525
Texas,TX,TX:0:0,294,-99.167,26.536
Texas,TX,TX:0:0,295,-99.178,26.621
Texas,TX,TX:0:0,296,-99.209,26.725
Texas,TX,TX:0:0,297,-99.24,26.746
Texas,TX,TX:0:0,298,-99.269,26.843
Texas,TX,TX:0:0,299,-99.329,26.88
Texas,TX,TX:0:0,300,-99.337,26.923
Texas,TX,TX:0:0,301,-99.377,26.974
Texas,TX,TX:0:0,302,-99.447,27.023
Texas,TX,TX:0:0,303,-99.429,27.091
Texas,TX,TX:0:0,304,-99.426,27.176
Texas,TX,TX:0:0,305,-99.442,27.25
Texas,TX,TX:0:0,306,-99.497,27.272
Texas,TX,TX:0:0,307,-99.505,27.338
Texas,TX,TX:0:0,308,-99.48,27.486
Texas,TX,TX:0:0,309,-99.528,27.499
Texas,TX,TX:0:0,310,-99.511,27.564
Texas,TX,TX:0:0,311,-99.54,27.603
Texas,TX,TX:0:0,312,-99.604,27.642
Texas,TX,TX:0:0,313,-99.639,27.627
Texas,TX,TX:0:0,314,-99.705,27.655
Texas,TX,TX:0:0,315,-99.813,27.774
Texas,TX,TX:0:0,316,-99.878,27.799
Texas,TX,TX:0:0,317,-99.901,27.864
Texas,TX,TX:0:0,318,-99.893,27.899
Texas,TX,TX:0:0,319,-99.937,27.941
Texas,TX,TX:0:0,320,-99.932,27.981
Texas,TX,TX:0:0,321,-99.991,27.995
Texas,TX,TX:0:0,322,-100.018,28.065
Texas,TX,TX:0:0,323,-100.053,28.085
Texas,TX,TX:0:0,324,-100.083,28.144
Texas,TX,TX:0:0,325,-100.208,28.19
Texas,TX,TX:0:0,326,-100.294,28.284
Texas,TX,TX:0:0,327,-100.289,28.317
Texas,TX,TX:0:0,328,-100.35,28.403
Texas,TX,TX:0:0,329,-100.336,28.43
Texas,TX,TX:0:0,330,-100.411,28.552
Texas,TX,TX:0:0,331,-100.398,28.585
Texas,TX,TX:0:0,332,-100.447,28.609
Texas,TX,TX:0:0,333,-100.5,28.662
Texas,TX,TX:0:0,334,-100.508,28.741
Texas,TX,TX:0:0,335,-100.571,28.826
Texas,TX,TX:0:0,336,-100.602,28.902
Texas,TX,TX:0:0,337,-100.652,28.943
Texas,TX,TX:0:0,338,-100.646,28.986
Texas,TX,TX:0:0,339,-100.675,29.1
Texas,TX,TX:0:0,340,-100.776,29.173
Texas,TX,TX:0:0,341,-100.798,29.247
Texas,TX,TX:0:0,342,-100.879,29.282
Texas,TX,TX:0:0,343,-100.887,29.308
Texas,TX,TX:0:0,344,-101.011,29.369
Texas,TX,TX:0:0,345,-101.06,29.459
Texas,TX,TX:0:0,346,-101.152,29.477
Texas,TX,TX:0:0,347,-101.174,29.515
Texas,TX,TX:0:0,348,-101.261,29.537
Texas,TX,TX:0:0,349,-101.252,29.626
Texas,TX,TX:0:0,350,-101.314,29.596
Texas,TX,TX:0:0,351,-101.317,29.655
Texas,TX,TX:0:0,352,-101.367,29.664
Texas,TX,TX:0:0,353,-101.397,29.734
Texas,TX,TX:0:0,354,-101.475,29.781
Texas,TX,TX:0:0,355,-101.714,29.768
Texas,TX,TX:0:0,356,-101.853,29.802
Texas,TX,TX:0:0,357,-101.93,29.789
Texas,TX,TX:0:0,358,-101.975,29.81
Texas,TX,TX:0:0,359,-102.05,29.785
Texas,TX,TX:0:0,360,-102.116,29.792
Texas,TX,TX:0:0,361,-102.205,29.842
Texas,TX,TX:0:0,362,-102.341,29.869
Texas,TX,TX:0:0,363,-102.387,29.767
Texas,TX,TX:0:0,364,-102.49,29.784
Texas,TX,TX:0:0,365,-102.623,29.737
Texas,TX,TX:0:0,366,-102.677,29.738
Texas,TX,TX:0:0,367,-102.693,29.677
Texas,TX,TX:0:0,368,-102.768,29.595
Texas,TX,TX:0:0,369,-102.771,29.549
Texas,TX,TX:0:0,370,-102.809,29.522
Texas,TX,TX:0:0,371,-102.843,29.358
Texas,TX,TX:0:0,372,-102.88,29.353
Texas,TX,TX:0:0,373,-102.906,29.26
Texas,TX,TX:0:0,374,-102.867,29.225
Texas,TX,TX:0:0,375,-102.953,29.176
Texas,TX,TX:0:0,376,-102.998,29.173
Texas,TX,TX:0:0,377,-103.015,29.126
Texas,TX,TX:0:0,378,-103.1,29.058
Texas,TX,TX:0:0,379,-103.115,28.985
Texas,TX,TX:0:0,380,-103.249,28.981
Texas,TX,TX:0:0,381,-103.336,29.02
Texas,TX,TX:0:0,382,-103.428,29.042
Texas,TX,TX:0:0,383,-103.525,29.137
Texas,TX,TX:0:0,384,-103.611,29.166
Texas,TX,TX:0:0,385,-103.646,29.159
Texas,TX,TX:0:0,386,-103.725,29.191
Texas,TX,TX:0:0,387,-103.779,29.254
Texas,TX,TX:0:0,388,-103.838,29.278
Texas,TX,TX:0:0,389,-103.975,29.296
Texas,TX,TX:0:0,390,-104.038,29.32
Texas,TX,TX:0:0,391,-104.18,29.413
Texas,TX,TX:0:0,392,-104.213,29.473
Texas,TX,TX:0:0,393,-104.264,29.514
Texas,TX,TX:0:0,394,-104.338,29.52
Texas,TX,TX:0:0,395,-104.4,29.572
Texas,TX,TX:0:0,396,-104.508,29.64
Texas,TX,TX:0:0,397,-104.54,29.676
Texas,TX,TX:0:0,398,-104.566,29.77
Texas,TX,TX:0:0,399,-104.61,29.819
Texas,TX,TX:0:0,400,-104.68,29.925
Texas,TX,TX:0:0,401,-104.68,29.975
Texas,TX,TX:0:0,402,-104.707,30.051
Texas,TX,TX:0:0,403,-104.685,30.086
Texas,TX,TX:0:0,404,-104.687,30.179
Texas,TX,TX:0:0,405,-104.762,30.301
Texas,TX,TX:0:0,406,-104.86,30.39
Texas,TX,TX:0:0,407,-104.852,30.419
Texas,TX,TX:0:0,408,-104.899,30.57
Texas,TX,TX:0:0,409,-104.925,30.605
Texas,TX,TX:0:0,410,-104.972,30.61
Texas,TX,TX:0:0,411,-104.986,30.661
Texas,TX,TX:0:0,412,-105.152,30.751
Texas,TX,TX:0:0,413,-105.195,30.792
Texas,TX,TX:0:0,414,-105.261,30.798
Texas,TX,TX:0:0,415,-105.287,30.822
Texas,TX,TX:0:0,416,-105.397,30.855
Texas,TX,TX:0:0,417,-105.4,30.889
Texas,TX,TX:0:0,418,-105.557,30.99
Texas,TX,TX:0:0,419,-105.603,31.083
Texas,TX,TX:0:0,420,-105.649,31.116
Texas,TX,TX:0:0,421,-105.773,31.167
Texas,TX,TX:0:0,422,-105.869,31.289
Texas,TX,TX:0:0,423,-105.933,31.313
Texas,TX,TX:0:0,424,-105.954,31.365
Texas,TX,TX:0:0,425,-106.005,31.392
Texas,TX,TX:0:0,426,-106.08,31.399
Texas,TX,TX:0:0,427,-106.206,31.466
Texas,TX,TX:0:0,428,-106.246,31.541
Texas,TX,TX:0:0,429,-106.281,31.562
Texas,TX,TX:0:0,430,-106.304,31.62
Texas,TX,TX:0:0,431,-106.381,31.732
Texas,TX,TX:0:0,432,-106.452,31.765
Texas,TX,TX:0:0,433,-106.49,31.748
Texas,TX,TX:0:0,434,-106.528,31.783
Texas,TX,TX:0:0,435,-106.577,31.81
Texas,TX,TX:0:0,436,-106.645,31.895
Texas,TX,TX:0:0,437,-106.614,31.953
Texas,TX,TX:0:0,438,-106.618,32.0
Texas,TX,TX:0:0,439,-106.126,32.003
Texas,TX,TX:0:0,440,-105.429,32.001
Texas,TX,TX:0:0,441,-104.532,32.0
Texas,TX,TX:0:0,442,-103.723,32.0
Texas,TX,TX:0:0,443,-103.064,32.001
Texas,TX,TX:0:0,444,-103.065,32.522
Texas,TX,TX:0:0,445,-103.065,33.0
Texas,TX,TX:0:0,446,-103.053,33.571
Texas,TX,TX:0:0,447,-103.044,33.975
Texas,TX,TX:0:0,448,-103.044,34.313
Texas,TX,TX:0:0,449,-103.043,34.85
Texas,TX,TX:0:0,450,-103.042,35.622
Texas,TX,TX:0:0,451,-103.041,36.055
Texas,TX,TX:0:0,452,-103.042,36.5
California,CA,CA:0:0,0,-118.603,33.478
California,CA,CA:0:0,1,-118.545,33.474
California,CA,CA:0:0,2,-118.446,33.429
California,CA,CA:0:0,3,-118.368,33.407
California,CA,CA:0:0,4,-118.31,33.336
California,CA,CA:0:0,5,-118.375,33.32
California,CA,CA:0:0,6,-118.465,33.326
California,CA,CA:0:0,7,-118.489,33.357
California,CA,CA:0:0,8,-118.489,33.42
California,CA,CA:0:0,9,-118.559,33.433
California,CA,CA:1:0,0,-118.606,33.031
California,CA,CA:1:0,1,-118.575,33.034
California,CA,CA:1:0,2,-118.497,32.934
California,CA,CA:1:0,3,-118.37,32.839
California,CA,CA:1:0,4,-118.426,32.801
California,CA,CA:1:0,5,-118.496,32.852
California,CA,CA:2:0,0,-119.579,33.279
California,CA,CA:2:0,1,-119.528,33.285
California,CA,CA:2:0,2,-119.458,33.255
California,CA,CA:2:0,3,-119.476,33.216
California,CA,CA:2:0,4,-119.546,33.233
California,CA,CA:3:0,0,-119.919,34.077
California,CA,CA:3:0,1,-119.808,34.052
California,CA,CA:3:0,2,-119.756,34.057
California,CA,CA:3:0,3,-119.687,34.02
California,CA,CA:3:0,4,-119.663,33.986
California,CA,CA:3:0,5,-119.721,33.96
California,CA,CA:3:0,6,-119.873,33.98
California,CA,CA:3:0,7,-119.876,34.032
California,CA,CA:4:0,0,-120.247,34.002
California,CA,CA:4:0,1,-120.074,34.024
California,CA,CA:4:0,2,-119.974,33.942
California,CA,CA:4:0,3,-120.122,33.896
California,CA,CA:4:0,4,-120.169,33.919
California,CA,CA:5:0,0,-120.449,34.037
California,CA,CA:5:0,1,-120.362,34.073
California,CA,CA:5:0,2,-120.358,34.015
California,CA,CA:6:0,0,-124.212,41.998
California,CA,CA:6:0,1,-123.728,41.997
California,CA,CA:6:0,2,-123.348,41.999
California,CA,CA:6:0,3,-123.146,42.009
California,CA,CA:6:0,4,-123.045,42.003
California,CA,CA:6:0,5,-122.635,42.005
California,CA,CA:6:0,6,-122.378,42.01
California,CA,CA:6:0,7,-121.581,41.999
California,CA,CA:6:0,8,-121.035,41.993
California,CA,CA:6:0,9,-120.286,41.993
California,CA,CA:6:0,10,-119.999,41.995
California,CA,CA:6:0,11,-119.998,41.619
California,CA,CA:6:0,12,-120.0,41.184
California,CA,CA:6:0,13,-119.996,40.5
California,CA,CA:6:0,14,-119.998,39.957
California,CA,CA:6:0,15,-120.006,39.225
California,CA,CA:6:0,16,-120.001,39.0
California,CA,CA:6:0,17,-119.588,38.715
California,CA,CA:6:0,18,-119.097,38.373
California,CA,CA:6:0,19,-118.772,38.142
California,CA,CA:6:0,20,-118.251,37.769
California,CA,CA:6:0,21,-117.876,37.497
California,CA,CA:6:0,22,-117.376,37.127
California,CA,CA:6:0,23,-117.001,36.848
California,CA,CA:6:0,24,-116.542,36.5
California,CA,CA:6:0,25,-116.094,36.156
California,CA,CA:6:0,26,-115.751,35.889
California,CA,CA:6:0,27,-115.271,35.513
California,CA,CA:6:0,28,-114.633,35.002
California,CA,CA:6:0,29,-114.631,34.866
California,CA,CA:6:0,30,-114.587,34.836
California,CA,CA:6:0,31,-114.553,34.767
California,CA,CA:6:0,32,-114.472,34.713
California,CA,CA:6:0,33,-114.381,34.53
California,CA,CA:6:0,34,-114.387,34.458
California,CA,CA:6:0,35,-114.343,34.451
California,CA,CA:6:0,36,-114.226,34.366
California,CA,CA:6:0,37,-114.177,34.349
California,CA,CA:6:0,38,-114.138,34.303
California,CA,CA:6:0,39,-114.167,34.25
California,CA,CA:6:0,40,-114.254,34.174
California,CA,CA:6:0,41,-114.325,34.137
California,CA,CA:6:0,42,-114.416,34.108
California,CA,CA:6:0,43,-114.46,33.997
California,CA,CA:6:0,44,-114.534,33.926
California,CA,CA:6:0,45,-114.503,33.868
California,CA,CA:6:0,46,-114.53,33.848
California,CA,CA:6:0,47,-114.496,33.697
California,CA,CA:6:0,48,-114.532,33.675
California,CA,CA:6:0,49,-114.559,33.532
California,CA,CA:6:0,50,-114.63,33.428
California,CA,CA:6:0,51,-114.723,33.399
California,CA,CA:6:0,52,-114.701,33.337
California,CA,CA:6:0,53,-114.731,33.302
California,CA,CA:6:0,54,-114.677,33.27
California,CA,CA:6:0,55,-114.679,33.163
California,CA,CA:6:0,56,-114.708,33.097
California,CA,CA:6:0,57,-114.671,33.038
California,CA,CA:6:0,58,-114.572,33.037
California,CA,CA:6:0,59,-114.506,33.017
California,CA,CA:6:0,60,-114.464,32.913
California,CA,CA:6:0,61,-114.469,32.845
California,CA,CA:6:0,62,-114.532,32.791
California,CA,CA:6:0,63,-114.539,32.757
California,CA,CA:6:0,64,-114.615,32.734
California,CA,CA:6:0,65,-114.689,32.738
California,CA,CA:6:0,66,-114.72,32.719
California,CA,CA:6:0,67,-115.465,32.667
California,CA,CA:6:0,68,-116.047,32.623
California,CA,CA:6:0,69,-116.627,32.576
California,CA,CA:6:0,70,-117.125,32.534
California,CA,CA:6:0,71,-117.139,32.627
California,CA,CA:6:0,72,-117.197,32.689
California,CA,CA:6:0,73,-117.246,32.669
California,CA,CA:6:0,74,-117.261,32.803
California,CA,CA:6:0,75,-117.282,32.84
California,CA,CA:6:0,76,-117.252,32.874
California,CA,CA:6:0,77,-117.281,33.012
California,CA,CA:6:0,78,-117.328,33.122
California,CA,CA:6:0,79,-117.506,33.334
California,CA,CA:6:0,80,-117.596,33.387
California,CA,CA:6:0,81,-117.646,33.441
California,CA,CA:6:0,82,-117.726,33.483
California,CA,CA:6:0,83,-117.785,33.542
California,CA,CA:6:0,84,-117.877,33.592
California,CA,CA:6:0,85,-117.927,33.606
California,CA,CA:6:0,86,-118.089,33.73
California,CA,CA:6:0,87,-118.181,33.763
California,CA,CA:6:0,88,-118.183,33.723
California,CA,CA:6:0,89,-118.259,33.704
California,CA,CA:6:0,90,-118.411,33.742
California,CA,CA:6:0,91,-118.428,33.775
California,CA,CA:6:0,92,-118.392,33.841
California,CA,CA:6:0,93,-118.442,33.94
California,CA,CA:6:0,94,-118.52,34.028
California,CA,CA:6:0,95,-118.569,34.042
California,CA,CA:6:0,96,-118.745,34.032
California,CA,CA:6:0,97,-118.805,34.001
California,CA,CA:6:0,98,-118.855,34.034
California,CA,CA:6:0,99,-118.955,34.048
California,CA,CA:6:0,100,-119.089,34.098
California,CA,CA:6:0,101,-119.13,34.1
California,CA,CA:6:0,102,-119.216,34.146
California,CA,CA:6:0,103,-119.27,34.253
California,CA,CA:6:0,104,-119.461,34.374
California,CA,CA:6:0,105,-119.559,34.413
California,CA,CA:6:0,106,-119.672,34.416
California,CA,CA:6:0,107,-119.709,34.395
California,CA,CA:6:0,108,-119.795,34.418
California,CA,CA:6:0,109,-119.874,34.409
California,CA,CA:6:0,110,-120.008,34.46
California,CA,CA:6:0,111,-120.141,34.473
California,CA,CA:6:0,112,-120.302,34.467
California,CA,CA:6:0,113,-120.471,34.448
California,CA,CA:6:0,114,-120.511,34.523
California,CA,CA:6:0,115,-120.646,34.581
California,CA,CA:6:0,116,-120.602,34.692
California,CA,CA:6:0,117,-120.637,34.756
California,CA,CA:6:0,118,-120.61,34.843
California,CA,CA:6:0,119,-120.671,34.904
California,CA,CA:6:0,120,-120.63,35.062
California,CA,CA:6:0,121,-120.636,35.124
California,CA,CA:6:0,122,-120.699,35.171
California,CA,CA:6:0,123,-120.786,35.178
California,CA,CA:6:0,124,-120.856,35.206
California,CA,CA:6:0,125,-120.897,35.248
California,CA,CA:6:0,126,-120.867,35.327
California,CA,CA:6:0,127,-120.869,35.403
California,CA,CA:6:0,128,-120.908,35.449
California,CA,CA:6:0,129,-121.003,35.461
California,CA,CA:6:0,130,-121.102,35.549
California,CA,CA:6:0,131,-121.167,35.635
California,CA,CA:6:0,132,-121.285,35.674
California,CA,CA:6:0,133,-121.332,35.783
California,CA,CA:6:0,134,-121.462,35.886
California,CA,CA:6:0,135,-121.503,36.0
California,CA,CA:6:0,136,-121.575,36.025
California,CA,CA:6:0,137,-121.63,36.114
California,CA,CA:6:0,138,-121.717,36.195
California,CA,CA:6:0,139,-121.814,36.234
California,CA,CA:6:0,140,-121.895,36.318
California,CA,CA:6:0,141,-121.902,36.382
California,CA,CA:6:0,142,-121.942,36.486
California,CA,CA:6:0,143,-121.933,36.56
California,CA,CA:6:0,144,-121.97,36.583
California,CA,CA:6:0,145,-121.924,36.635
California,CA,CA:6:0,146,-121.871,36.605
California,CA,CA:6:0,147,-121.825,36.657
California,CA,CA:6:0,148,-121.788,36.804
California,CA,CA:6:0,149,-121.862,36.932
California,CA,CA:6:0,150,-121.93,36.978
California,CA,CA:6:0,151,-121.973,36.954
California,CA,CA:6:0,152,-122.106,36.956
California,CA,CA:6:0,153,-122.206,37.014
California,CA,CA:6:0,154,-122.285,37.102
California,CA,CA:6:0,155,-122.405,37.196
California,CA,CA:6:0,156,-122.418,37.249
California,CA,CA:6:0,157,-122.401,37.359
California,CA,CA:6:0,158,-122.452,37.481
California,CA,CA:6:0,159,-122.517,37.521
California,CA,CA:6:0,160,-122.497,37.686
California,CA,CA:6:0,161,-122.514,37.781
California,CA,CA:6:0,162,-122.407,37.811
California,CA,CA:6:0,163,-122.37,37.718
California,CA,CA:6:0,164,-122.386,37.638
California,CA,CA:6:0,165,-122.36,37.593
California,CA,CA:6:0,166,-122.263,37.573
California,CA,CA:6:0,167,-122.168,37.504
California,CA,CA:6:0,168,-122.14,37.508
California,CA,CA:6:0,169,-122.163,37.668
California,CA,CA:6:0,170,-122.247,37.722
California,CA,CA:6:0,171,-122.264,37.765
California,CA,CA:6:0,172,-122.331,37.784
California,CA,CA:6:0,173,-122.304,37.83
California,CA,CA:6:0,174,-122.31,37.893
California,CA,CA:6:0,175,-122.389,37.91
California,CA,CA:6:0,176,-122.414,37.937
California,CA,CA:6:0,177,-122.369,38.008
California,CA,CA:6:0,178,-122.301,38.011
California,CA,CA:6:0,179,-122.263,38.045
California,CA,CA:6:0,180,-122.302,38.105
California,CA,CA:6:0,181,-122.394,38.143
California,CA,CA:6:0,182,-122.491,38.108
California,CA,CA:6:0,183,-122.498,38.019
California,CA,CA:6:0,184,-122.472,37.903
California,CA,CA:6:0,185,-122.476,37.833
California,CA,CA:6:0,186,-122.529,37.819
California,CA,CA:6:0,187,-122.561,37.852
California,CA,CA:6:0,188,-122.657,37.905
California,CA,CA:6:0,189,-122.703,37.894
California,CA,CA:6:0,190,-122.783,37.951
California,CA,CA:6:0,191,-122.821,37.997
California,CA,CA:6:0,192,-122.94,38.032
California,CA,CA:6:0,193,-123.012,38.003
California,CA,CA:6:0,194,-122.949,38.154
California,CA,CA:6:0,195,-122.969,38.243
California,CA,CA:6:0,196,-123.004,38.297
California,CA,CA:6:0,197,-123.075,38.323
California,CA,CA:6:0,198,-123.068,38.36
California,CA,CA:6:0,199,-123.129,38.45
California,CA,CA:6:0,200,-123.25,38.511
California,CA,CA:6:0,201,-123.332,38.566
California,CA,CA:6:0,202,-123.442,38.7
California,CA,CA:6:0,203,-123.647,38.845
California,CA,CA:6:0,204,-123.725,38.917
California,CA,CA:6:0,205,-123.694,39.057
California,CA,CA:6:0,206,-123.804,39.279
California,CA,CA:6:0,207,-123.826,39.369
California,CA,CA:6:0,208,-123.815,39.447
California,CA,CA:6:0,209,-123.766,39.553
California,CA,CA:6:0,210,-123.793,39.684
California,CA,CA:6:0,211,-123.83,39.723
California,CA,CA:6:0,212,-123.852,39.832
California,CA,CA:6:0,213,-123.908,39.863
California,CA,CA:6:0,214,-123.93,39.91
California,CA,CA:6:0,215,-124.036,40.013
California,CA,CA:6:0,216,-124.08,40.03
California,CA,CA:6:0,217,-124.111,40.104
California,CA,CA:6:0,218,-124.188,40.131
California,CA,CA:6:0,219,-124.363,40.261
California,CA,CA:6:0,220,-124.348,40.315
California,CA,CA:6:0,221,-124.374,40.393
California,CA,CA:6:0,222,-124.41,40.438
California,CA,CA:6:0,223,-124.329,40.616
California,CA,CA:6:0,224,-124.158,40.876
California,CA,CA:6:0,225,-124.112,41.028
California,CA,CA:6:0,226,-124.154,41.054
California,CA,CA:6:0,227,-124.144,41.145
California,CA,CA:6:0,228,-124.107,41.23
California,CA,CA:6:0,229,-124.063,41.44
California,CA,CA:6:0,230,-124.082,41.548
California,CA,CA:6:0,231,-124.136,41.657
California,CA,CA:6:0,232,-124.143,41.709
California,CA,CA:6:0,233,-124.256,41.783
California,CA,CA:6:0,234,-124.22,41.846
California,CA,CA:6:0,235,-124.203,41.941
Kentucky,KY,KY:0:0,0,-89.133,36.982
Kentucky,KY,KY:0:0,1,-89.183,37.037
Kentucky,KY,KY:0:0,2,-89.155,37.089
Kentucky,KY,KY:0:0,3,-89.03,37.211
Kentucky,KY,KY:0:0,4,-88.917,37.224
Kentucky,KY,KY:0:0,5,-88.806,37.189
Kentucky,KY,KY:0:0,6,-88.732,37.144
Kentucky,KY,KY:0:0,7,-88.631,37.121
Kentucky,KY,KY:0:0,8,-88.545,37.07
Kentucky,KY,KY:0:0,9,-88.459,37.074
Kentucky,KY,KY:0:0,10,-88.424,37.152
Kentucky,KY,KY:0:0,11,-88.448,37.204
Kentucky,KY,KY:0:0,12,-88.516,37.284
Kentucky,KY,KY:0:0,13,-88.477,37.387
Kentucky,KY,KY:0:0,14,-88.409,37.425
Kentucky,KY,KY:0:0,15,-88.362,37.403
Kentucky,KY,KY:0:0,16,-88.282,37.453
Kentucky,KY,KY:0:0,17,-88.088,37.471
Kentucky,KY,KY:0:0,18,-88.069,37.525
Kentucky,KY,KY:0:0,19,-88.133,37.574
Kentucky,KY,KY:0:0,20,-88.158,37.665
Kentucky,KY,KY:0:0,21,-88.125,37.707
Kentucky,KY,KY:0:0,22,-88.064,37.739
Kentucky,KY,KY:0:0,23,-88.028,37.799
Kentucky,KY,KY:0:0,24,-87.945,37.775
Kentucky,KY,KY:0:0,25,-87.907,37.808
Kentucky,KY,KY:0:0,26,-87.938,37.891
Kentucky,KY,KY:0:0,27,-87.905,37.925
Kentucky,KY,KY:0:0,28,-87.831,37.877
Kentucky,KY,KY:0:0,29,-87.684,37.903
Kentucky,KY,KY:0:0,30,-87.672,37.829
Kentucky,KY,KY:0:0,31,-87.615,37.832
Kentucky,KY,KY:0:0,32,-87.592,37.887
Kentucky,KY,KY:0:0,33,-87.626,37.933
Kentucky,KY,KY:0:0,34,-87.586,37.975
Kentucky,KY,KY:0:0,35,-87.551,37.925
Kentucky,KY,KY:0:0,36,-87.501,37.909
Kentucky,KY,KY:0:0,37,-87.45,37.941
Kentucky,KY,KY:0:0,38,-87.38,37.936
Kentucky,KY,KY:0:0,39,-87.221,37.849
Kentucky,KY,KY:0:0,40,-87.159,37.838
Kentucky,KY,KY:0:0,41,-87.128,37.785
Kentucky,KY,KY:0:0,42,-87.071,37.802
Kentucky,KY,KY:0:0,43,-87.033,37.907
Kentucky,KY,KY:0:0,44,-86.919,37.937
Kentucky,KY,KY:0:0,45,-86.856,37.987
Kentucky,KY,KY:0:0,46,-86.795,37.989
Kentucky,KY,KY:0:0,47,-86.751,37.913
Kentucky,KY,KY:0:0,48,-86.686,37.913
Kentucky,KY,KY:0:0,49,-86.598,37.867
Kentucky,KY,KY:0:0,50,-86.589,37.921
Kentucky,KY,KY:0:0,51,-86.534,37.917
Kentucky,KY,KY:0:0,52,-86.517,38.043
Kentucky,KY,KY:0:0,53,-86.452,38.05
Kentucky,KY,KY:0:0,54,-86.375,38.131
Kentucky,KY,KY:0:0,55,-86.348,38.195
Kentucky,KY,KY:0:0,56,-86.272,38.138
Kentucky,KY,KY:0:0,57,-86.267,38.057
Kentucky,KY,KY:0:0,58,-86.179,38.011
Kentucky,KY,KY:0:0,59,-86.108,38.013
Kentucky,KY,KY:0:0,60,-86.048,37.959
Kentucky,KY,KY:0:0,61,-86.021,37.996
Kentucky,KY,KY:0:0,62,-85.951,38.006
Kentucky,KY,KY:0:0,63,-85.906,38.086
Kentucky,KY,KY:0:0,64,-85.909,38.161
Kentucky,KY,KY:0:0,65,-85.792,38.289
Kentucky,KY,KY:0:0,66,-85.739,38.269
Kentucky,KY,KY:0:0,67,-85.654,38.327
Kentucky,KY,KY:0:0,68,-85.621,38.423
Kentucky,KY,KY:0:0,69,-85.588,38.45
Kentucky,KY,KY:0:0,70,-85.499,38.468
Kentucky,KY,KY:0:0,71,-85.433,38.524
Kentucky,KY,KY:0:0,72,-85.416,38.564
Kentucky,KY,KY:0:0,73,-85.439,38.61
Kentucky,KY,KY:0:0,74,-85.452,38.709
Kentucky,KY,KY:0:0,75,-85.411,38.737
Kentucky,KY,KY:0:0,76,-85.259,38.738
Kentucky,KY,KY:0:0,77,-85.191,38.688
Kentucky,KY,KY:0:0,78,-85.133,38.702
Kentucky,KY,KY:0:0,79,-84.979,38.779
Kentucky,KY,KY:0:0,80,-84.812,38.793
Kentucky,KY,KY:0:0,81,-84.813,38.895
Kentucky,KY,KY:0:0,82,-84.878,38.92
Kentucky,KY,KY:0:0,83,-84.837,38.988
Kentucky,KY,KY:0:0,84,-84.897,39.052
Kentucky,KY,KY:0:0,85,-84.82,39.105
Kentucky,KY,KY:0:0,86,-84.754,39.147
Kentucky,KY,KY:0:0,87,-84.632,39.077
Kentucky,KY,KY:0:0,88,-84.51,39.094
Kentucky,KY,KY:0:0,89,-84.471,39.121
Kentucky,KY,KY:0:0,90,-84.43,39.058
Kentucky,KY,KY:0:0,91,-84.36,39.041
Kentucky,KY,KY:0:0,92,-84.305,39.006
Kentucky,KY,KY:0:0,93,-84.288,38.956
Kentucky,KY,KY:0:0,94,-84.234,38.893
Kentucky,KY,KY:0:0,95,-84.213,38.806
Kentucky,KY,KY:0:0,96,-84.071,38.77
Kentucky,KY,KY:0:0,97,-83.979,38.787
Kentucky,KY,KY:0:0,98,-83.859,38.757
Kentucky,KY,KY:0:0,99,-83.784,38.696
Kentucky,KY,KY:0:0,100,-83.772,38.658
Kentucky,KY,KY:0:0,101,-83.668,38.628
Kentucky,KY,KY:0:0,102,-83.616,38.684
Kentucky,KY,KY:0:0,103,-83.521,38.703
Kentucky,KY,KY:0:0,104,-83.468,38.675
Kentucky,KY,KY:0:0,105,-83.367,38.659
Kentucky,KY,KY:0:0,106,-83.294,38.597
Kentucky,KY,KY:0:0,107,-83.24,38.629
Kentucky,KY,KY:0:0,108,-83.143,38.625
Kentucky,KY,KY:0:0,109,-83.103,38.677
Kentucky,KY,KY:0:0,110,-83.033,38.724
Kentucky,KY,KY:0:0,111,-82.979,38.726
Kentucky,KY,KY:0:0,112,-82.894,38.757
Kentucky,KY,KY:0:0,113,-82.87,38.728
Kentucky,KY,KY:0:0,114,-82.847,38.595
Kentucky,KY,KY:0:0,115,-82.8,38.563
Kentucky,KY,KY:0:0,116,-82.725,38.558
Kentucky,KY,KY:0:0,117,-82.614,38.475
Kentucky,KY,KY:0:0,118,-82.594,38.422
Kentucky,KY,KY:0:0,119,-82.598,38.345
Kentucky,KY,KY:0:0,120,-82.575,38.264
Kentucky,KY,KY:0:0,121,-82.637,38.139
Kentucky,KY,KY:0:0,122,-82.551,38.071
Kentucky,KY,KY:0:0,123,-82.518,38.002
Kentucky,KY,KY:0:0,124,-82.464,37.983
Kentucky,KY,KY:0:0,125,-82.502,37.933
Kentucky,KY,KY:0:0,126,-82.421,37.886
Kentucky,KY,KY:0:0,127,-82.42,37.847
Kentucky,KY,KY:0:0,128,-82.34,37.786
Kentucky,KY,KY:0:0,129,-82.296,37.687
Kentucky,KY,KY:0:0,130,-82.213,37.625
Kentucky,KY,KY:0:0,131,-82.132,37.594
Kentucky,KY,KY:0:0,132,-82.117,37.56
Kentucky,KY,KY:0:0,133,-82.055,37.537
Kentucky,KY,KY:0:0,134,-81.968,37.538
Kentucky,KY,KY:0:0,135,-82.351,37.267
Kentucky,KY,KY:0:0,136,-82.499,37.227
Kentucky,KY,KY:0:0,137,-82.722,37.12
Kentucky,KY,KY:0:0,138,-82.722,37.058
Kentucky,KY,KY:0:0,139,-82.782,37.008
Kentucky,KY,KY:0:0,140,-82.823,37.004
Kentucky,KY,KY:0:0,141,-82.879,36.889
Kentucky,KY,KY:0:0,142,-82.97,36.858
Kentucky,KY,KY:0:0,143,-83.073,36.855
Kentucky,KY,KY:0:0,144,-83.132,36.781
Kentucky,KY,KY:0:0,145,-83.136,36.743
Kentucky,KY,KY:0:0,146,-83.195,36.739
Kentucky,KY,KY:0:0,147,-83.386,36.687
Kentucky,KY,KY:0:0,148,-83.424,36.667
Kentucky,KY,KY:0:0,149,-83.532,36.665
Kentucky,KY,KY:0:0,150,-83.675,36.601
Kentucky,KY,KY:0:0,151,-83.691,36.583
Kentucky,KY,KY:0:0,152,-83.988,36.59
Kentucky,KY,KY:0:0,153,-84.543,36.596
Kentucky,KY,KY:0:0,154,-84.843,36.605
Kentucky,KY,KY:0:0,155,-85.195,36.625
Kentucky,KY,KY:0:0,156,-85.488,36.615
Kentucky,KY,KY:0:0,157,-85.832,36.622
Kentucky,KY,KY:0:0,158,-86.333,36.649
Kentucky,KY,KY:0:0,159,-86.59,36.652
Kentucky,KY,KY:0:0,160,-87.115,36.642
Kentucky,KY,KY:0:0,161,-87.414,36.641
Kentucky,KY,KY:0:0,162,-87.853,36.633
Kentucky,KY,KY:0:0,163,-87.85,36.664
Kentucky,KY,KY:0:0,164,-88.071,36.678
Kentucky,KY,KY:0:0,165,-88.032,36.541
Kentucky,KY,KY:0:0,166,-88.053,36.497
Kentucky,KY,KY:0:0,167,-88.331,36.501
Kentucky,KY,KY:0:0,168,-89.118,36.504
Kentucky,KY,KY:0:0,169,-89.3,36.507
Kentucky,KY,KY:0:0,170,-89.417,36.499
Kentucky,KY,KY:0:0,171,-89.375,36.616
Kentucky,KY,KY:0:0,172,-89.327,36.632
Kentucky,KY,KY:0:0,173,-89.258,36.565
Kentucky,KY,KY:0:0,174,-89.227,36.569
Kentucky,KY,KY:0:0,175,-89.159,36.666
Kentucky,KY,KY:0:0,176,-89.199,36.716
Kentucky,KY,KY:0:0,177,-89.167,36.76
Kentucky,KY,KY:0:0,178,-89.177,36.807
Kentucky,KY,KY:0:0,179,-89.138,36.847
Kentucky,KY,KY:0:0,180,-89.101,36.944
Kentucky,KY,KY:1:0,0,-89.485,36.497
Kentucky,KY,KY:1:0,1,-89.539,36.498
Kentucky,KY,KY:1:0,2,-89.571,36.547
Kentucky,KY,KY:1:0,3,-89.553,36.577
Kentucky,KY,KY:1:0,4,-89.485,36.572
Ohio,OH,OH:0:0,0,-84.806,41.696
Ohio,OH,OH:0:0,1,-84.36,41.707
Ohio,OH,OH:0:0,2,-83.454,41.733
Ohio,OH,OH:0:0,3,-83.446,41.707
Ohio,OH,OH:0:0,4,-83.357,41.688
Ohio,OH,OH:0:0,5,-83.327,41.702
Ohio,OH,OH:0:0,6,-83.232,41.644
Ohio,OH,OH:0:0,7,-83.067,41.595
Ohio,OH,OH:0:0,8,-83.0,41.539
Ohio,OH,OH:0:0,9,-82.934,41.514
Ohio,OH,OH:0:0,10,-82.857,41.548
Ohio,OH,OH:0:0,11,-82.722,41.517
Ohio,OH,OH:0:0,12,-82.617,41.428
Ohio,OH,OH:0:0,13,-82.481,41.381
Ohio,OH,OH:0:0,14,-82.362,41.427
Ohio,OH,OH:0:0,15,-82.255,41.434
Ohio,OH,OH:0:0,16,-82.193,41.465
Ohio,OH,OH:0:0,17,-82.012,41.516
Ohio,OH,OH:0:0,18,-81.938,41.491
Ohio,OH,OH:0:0,19,-81.745,41.487
Ohio,OH,OH:0:0,20,-81.6,41.561
Ohio,OH,OH:0:0,21,-81.443,41.673
Ohio,OH,OH:0:0,22,-81.287,41.76
Ohio,OH,OH:0:0,23,-81.249,41.761
Ohio,OH,OH:0:0,24,-81.01,41.854
Ohio,OH,OH:0:0,25,-80.9,41.869
Ohio,OH,OH:0:0,26,-80.519,41.978
Ohio,OH,OH:0:0,27,-80.519,41.249
Ohio,OH,OH:0:0,28,-80.519,40.639
Ohio,OH,OH:0:0,29,-80.577,40.614
Ohio,OH,OH:0:0,30,-80.627,40.62
Ohio,OH,OH:0:0,31,-80.667,40.574
Ohio,OH,OH:0:0,32,-80.599,40.483
Ohio,OH,OH:0:0,33,-80.611,40.438
Ohio,OH,OH:0:0,34,-80.6,40.318
Ohio,OH,OH:0:0,35,-80.705,40.155
Ohio,OH,OH:0:0,36,-80.74,39.971
Ohio,OH,OH:0:0,37,-80.803,39.919
Ohio,OH,OH:0:0,38,-80.793,39.864
Ohio,OH,OH:0:0,39,-80.865,39.753
Ohio,OH,OH:0:0,40,-80.88,39.621
Ohio,OH,OH:0:0,41,-80.933,39.615
Ohio,OH,OH:0:0,42,-81.024,39.552
Ohio,OH,OH:0:0,43,-81.134,39.445
Ohio,OH,OH:0:0,44,-81.186,39.431
Ohio,OH,OH:0:0,45,-81.224,39.386
Ohio,OH,OH:0:0,46,-81.271,39.386
Ohio,OH,OH:0:0,47,-81.348,39.346
Ohio,OH,OH:0:0,48,-81.456,39.409
Ohio,OH,OH:0:0,49,-81.558,39.339
Ohio,OH,OH:0:0,50,-81.57,39.268
Ohio,OH,OH:0:0,51,-81.678,39.274
Ohio,OH,OH:0:0,52,-81.691,39.228
Ohio,OH,OH:0:0,53,-81.756,39.177
Ohio,OH,OH:0:0,54,-81.752,39.09
Ohio,OH,OH:0:0,55,-81.812,39.06
Ohio,OH,OH:0:0,56,-81.764,39.015
Ohio,OH,OH:0:0,57,-81.782,38.965
Ohio,OH,OH:0:0,58,-81.844,38.929
Ohio,OH,OH:0:0,59,-81.889,38.874
Ohio,OH,OH:0:0,60,-81.927,38.901
Ohio,OH,OH:0:0,61,-81.901,38.938
Ohio,OH,OH:0:0,62,-81.933,38.988
Ohio,OH,OH:0:0,63,-82.036,39.025
Ohio,OH,OH:0:0,64,-82.089,38.976
Ohio,OH,OH:0:0,65,-82.143,38.898
Ohio,OH,OH:0:0,66,-82.145,38.84
Ohio,OH,OH:0:0,67,-82.217,38.796
Ohio,OH,OH:0:0,68,-82.182,38.709
Ohio,OH,OH:0:0,69,-82.172,38.626
Ohio,OH,OH:0:0,70,-82.189,38.595
Ohio,OH,OH:0:0,71,-82.291,38.579
Ohio,OH,OH:0:0,72,-82.324,38.449
Ohio,OH,OH:0:0,73,-82.405,38.439
Ohio,OH,OH:0:0,74,-82.53,38.405
Ohio,OH,OH:0:0,75,-82.594,38.422
Ohio,OH,OH:0:0,76,-82.614,38.475
Ohio,OH,OH:0:0,77,-82.725,38.558
Ohio,OH,OH:0:0,78,-82.8,38.563
Ohio,OH,OH:0:0,79,-82.847,38.595
Ohio,OH,OH:0:0,80,-82.87,38.728
Ohio,OH,OH:0:0,81,-82.894,38.757
Ohio,OH,OH:0:0,82,-82.979,38.726
Ohio,OH,OH:0:0,83,-83.033,38.724
Ohio,OH,OH:0:0,84,-83.103,38.677
Ohio,OH,OH:0:0,85,-83.143,38.625
Ohio,OH,OH:0:0,86,-83.24,38.629
Ohio,OH,OH:0:0,87,-83.294,38.597
Ohio,OH,OH:0:0,88,-83.367,38.659
Ohio,OH,OH:0:0,89,-83.468,38.675
Ohio,OH,OH:0:0,90,-83.521,38.703
Ohio,OH,OH:0:0,91,-83.616,38.684
Ohio,OH,OH:0:0,92,-83.668,38.628
Ohio,OH,OH:0:0,93,-83.772,38.658
Ohio,OH,OH:0:0,94,-83.784,38.696
Ohio,OH,OH:0:0,95,-83.859,38.757
Ohio,OH,OH:0:0,96,-83.979,38.787
Ohio,OH,OH:0:0,97,-84.071,38.77
Ohio,OH,OH:0:0,98,-84.213,38.806
Ohio,OH,OH:0:0,99,-84.234,38.893
Ohio,OH,OH:0:0,100,-84.288,38.956
Ohio,OH,OH:0:0,101,-84.305,39.006
Ohio,OH,OH:0:0,102,-84.36,39.041
Ohio,OH,OH:0:0,103,-84.43,39.058
Ohio,OH,OH:0:0,104,-84.471,39.121
Ohio,OH,OH:0:0,105,-84.51,39.094
Ohio,OH,OH:0:0,106,-84.632,39.077
Ohio,OH,OH:0:0,107,-84.754,39.147
Ohio,OH,OH:0:0,108,-84.82,39.105
Ohio,OH,OH:0:0,109,-84.814,39.814
Ohio,OH,OH:0:0,110,-84.804,40.31
Ohio,OH,OH:0:0,111,-84.802,40.801
Ohio,OH,OH:0:0,112,-84.804,41.436
Alabama,AL,AL:0:0,0,-88.2,34.996
Alabama,AL,AL:0:0,1,-88.203,35.008
Alabama,AL,AL:0:0,2,-87.429,35.003
Alabama,AL,AL:0:0,3,-86.862,34.992
Alabama,AL,AL:0:0,4,-86.397,34.992
Alabama,AL,AL:0:0,5,-85.605,34.985
Alabama,AL,AL:0:0,6,-85.561,34.75
Alabama,AL,AL:0:0,7,-85.47,34.328
Alabama,AL,AL:0:0,8,-85.357,33.75
Alabama,AL,AL:0:0,9,-85.304,33.483
Alabama,AL,AL:0:0,10,-85.184,32.861
Alabama,AL,AL:0:0,11,-85.168,32.812
Alabama,AL,AL:0:0,12,-85.122,32.773
Alabama,AL,AL:0:0,13,-85.115,32.686
Alabama,AL,AL:0:0,14,-85.089,32.658
Alabama,AL,AL:0:0,15,-85.068,32.58
Alabama,AL,AL:0:0,16,-85.007,32.524
Alabama,AL,AL:0:0,17,-84.972,32.443
Alabama,AL,AL:0:0,18,-85.002,32.322
Alabama,AL,AL:0:0,19,-84.934,32.298
Alabama,AL,AL:0:0,20,-84.889,32.262
Alabama,AL,AL:0:0,21,-84.925,32.222
Alabama,AL,AL:0:0,22,-85.011,32.18
Alabama,AL,AL:0:0,23,-85.059,32.136
Alabama,AL,AL:0:0,24,-85.054,32.014
Alabama,AL,AL:0:0,25,-85.082,31.945
Alabama,AL,AL:0:0,26,-85.13,31.884
Alabama,AL,AL:0:0,27,-85.142,31.839
Alabama,AL,AL:0:0,28,-85.119,31.733
Alabama,AL,AL:0:0,29,-85.126,31.695
Alabama,AL,AL:0:0,30,-85.062,31.623
Alabama,AL,AL:0:0,31,-85.045,31.518
Alabama,AL,AL:0:0,32,-85.092,31.363
Alabama,AL,AL:0:0,33,-85.09,31.295
Alabama,AL,AL:0:0,34,-85.108,31.186
Alabama,AL,AL:0:0,35,-85.036,31.108
Alabama,AL,AL:0:0,36,-85.002,31.001
Alabama,AL,AL:0:0,37,-85.894,30.993
Alabama,AL,AL:0:0,38,-86.52,30.993
Alabama,AL,AL:0:0,39,-87.141,31.0
Alabama,AL,AL:0:0,40,-87.599,30.997
Alabama,AL,AL:0:0,41,-87.589,30.964
Alabama,AL,AL:0:0,42,-87.635,30.866
Alabama,AL,AL:0:0,43,-87.552,30.786
Alabama,AL,AL:0:0,44,-87.533,30.743
Alabama,AL,AL:0:0,45,-87.407,30.675
Alabama,AL,AL:0:0,46,-87.394,30.631
Alabama,AL,AL:0:0,47,-87.447,30.527
Alabama,AL,AL:0:0,48,-87.436,30.48
Alabama,AL,AL:0:0,49,-87.371,30.43
Alabama,AL,AL:0:0,50,-87.43,30.406
Alabama,AL,AL:0:0,51,-87.451,30.346
Alabama,AL,AL:0:0,52,-87.518,30.28
Alabama,AL,AL:0:0,53,-87.657,30.25
Alabama,AL,AL:0:0,54,-87.767,30.262
Alabama,AL,AL:0:0,55,-87.756,30.291
Alabama,AL,AL:0:0,56,-87.845,30.377
Alabama,AL,AL:0:0,57,-87.906,30.409
Alabama,AL,AL:0:0,58,-87.933,30.487
Alabama,AL,AL:0:0,59,-87.902,30.551
Alabama,AL,AL:0:0,60,-87.937,30.657
Alabama,AL,AL:0:0,61,-88.008,30.685
Alabama,AL,AL:0:0,62,-88.062,30.645
Alabama,AL,AL:0:0,63,-88.054,30.612
Alabama,AL,AL:0:0,64,-88.101,30.51
Alabama,AL,AL:0:0,65,-88.107,30.377
Alabama,AL,AL:0:0,66,-88.136,30.321
Alabama,AL,AL:0:0,67,-88.192,30.317
Alabama,AL,AL:0:0,68,-88.204,30.362
Alabama,AL,AL:0:0,69,-88.332,30.388
Alabama,AL,AL:0:0,70,-88.395,30.369
Alabama,AL,AL:0:0,71,-88.419,30.867
Alabama,AL,AL:0:0,72,-88.439,31.247
Alabama,AL,AL:0:0,73,-88.473,31.894
Alabama,AL,AL:0:0,74,-88.404,32.45
Alabama,AL,AL:0:0,75,-88.331,33.073
Alabama,AL,AL:0:0,76,-88.252,33.72
Alabama,AL,AL:0:0,77,-88.211,34.029
Alabama,AL,AL:0:0,78,-88.134,34.623
Alabama,AL,AL:0:0,79,-88.098,34.892
Alabama,AL,AL:0:0,80,-88.155,34.922
Georgia,GA,GA:0:0,0,-85.605,34.985
Georgia,GA,GA:0:0,1,-85.385,34.983
Georgia,GA,GA:0:0,2,-84.939,34.988
Georgia,GA,GA:0:0,3,-84.322,34.988
Georgia,GA,GA:0:0,4,-83.62,34.987
Georgia,GA,GA:0:0,5,-83.62,34.992
Georgia,GA,GA:0:0,6,-83.109,35.001
Georgia,GA,GA:0:0,7,-83.121,34.939
Georgia,GA,GA:0:0,8,-83.239,34.876
Georgia,GA,GA:0:0,9,-83.268,34.821
Georgia,GA,GA:0:0,10,-83.324,34.79
Georgia,GA,GA:0:0,11,-83.353,34.729
Georgia,GA,GA:0:0,12,-83.339,34.682
Georgia,GA,GA:0:0,13,-83.168,34.591
Georgia,GA,GA:0:0,14,-83.085,34.531
Georgia,GA,GA:0:0,15,-83.069,34.502
Georgia,GA,GA:0:0,16,-83.003,34.472
Georgia,GA,GA:0:0,17,-82.903,34.486
Georgia,GA,GA:0:0,18,-82.861,34.457
Georgia,GA,GA:0:0,19,-82.835,34.366
Georgia,GA,GA:0:0,20,-82.794,34.34
Georgia,GA,GA:0:0,21,-82.747,34.266
Georgia,GA,GA:0:0,22,-82.718,34.151
Georgia,GA,GA:0:0,23,-82.677,34.132
Georgia,GA,GA:0:0,24,-82.641,34.068
Georgia,GA,GA:0:0,25,-82.596,34.031
Georgia,GA,GA:0:0,26,-82.557,33.945
Georgia,GA,GA:0:0,27,-82.423,33.864
Georgia,GA,GA:0:0,28,-82.347,33.834
Georgia,GA,GA:0:0,29,-82.255,33.76
Georgia,GA,GA:0:0,30,-82.197,33.631
Georgia,GA,GA:0:0,31,-82.134,33.591
Georgia,GA,GA:0:0,32,-82.046,33.564
Georgia,GA,GA:0:0,33,-81.986,33.487
Georgia,GA,GA:0:0,34,-81.914,33.441
Georgia,GA,GA:0:0,35,-81.945,33.364
Georgia,GA,GA:0:0,36,-81.906,33.324
Georgia,GA,GA:0:0,37,-81.847,33.307
Georgia,GA,GA:0:0,38,-81.828,33.229
Georgia,GA,GA:0:0,39,-81.757,33.198
Georgia,GA,GA:0:0,40,-81.763,33.159
Georgia,GA,GA:0:0,41,-81.705,33.116
Georgia,GA,GA:0:0,42,-81.618,33.095
Georgia,GA,GA:0:0,43,-81.491,33.008
Georgia,GA,GA:0:0,44,-81.503,32.939
Georgia,GA,GA:0:0,45,-81.422,32.835
Georgia,GA,GA:0:0,46,-81.428,32.702
Georgia,GA,GA:0:0,47,-81.401,32.677
Georgia,GA,GA:0:0,48,-81.412,32.618
Georgia,GA,GA:0:0,49,-81.367,32.577
Georgia,GA,GA:0:0,50,-81.281,32.556
Georgia,GA,GA:0:0,51,-81.2,32.468
Georgia,GA,GA:0:0,52,-81.205,32.424
Georgia,GA,GA:0:0,53,-81.12,32.288
Georgia,GA,GA:0:0,54,-81.156,32.241
Georgia,GA,GA:0:0,55,-81.118,32.189
Georgia,GA,GA:0:0,56,-81.117,32.118
Georgia,GA,GA:0:0,57,-81.067,32.09
Georgia,GA,GA:0:0,58,-81.007,32.101
Georgia,GA,GA:0:0,59,-80.918,32.038
Georgia,GA,GA:0:0,60,-80.886,32.035
Georgia,GA,GA:0:0,61,-80.841,32.011
Georgia,GA,GA:0:0,62,-80.863,31.969
Georgia,GA,GA:0:0,63,-80.911,31.944
Georgia,GA,GA:0:0,64,-81.04,31.823
Georgia,GA,GA:0:0,65,-81.068,31.769
Georgia,GA,GA:0:0,66,-81.131,31.723
Georgia,GA,GA:0:0,67,-81.133,31.623
Georgia,GA,GA:0:0,68,-81.16,31.57
Georgia,GA,GA:0:0,69,-81.254,31.556
Georgia,GA,GA:0:0,70,-81.259,31.529
Georgia,GA,GA:0:0,71,-81.177,31.517
Georgia,GA,GA:0:0,72,-81.279,31.367
Georgia,GA,GA:0:0,73,-81.275,31.289
Georgia,GA,GA:0:0,74,-81.314,31.208
Georgia,GA,GA:0:0,75,-81.368,31.137
Georgia,GA,GA:0:0,76,-81.4,31.134
Georgia,GA,GA:0:0,77,-81.42,31.017
Georgia,GA,GA:0:0,78,-81.494,30.978
Georgia,GA,GA:0:0,79,-81.403,30.958
Georgia,GA,GA:0:0,80,-81.405,30.908
Georgia,GA,GA:0:0,81,-81.447,30.81
Georgia,GA,GA:0:0,82,-81.459,30.742
Georgia,GA,GA:0:0,83,-81.444,30.71
Georgia,GA,GA:0:0,84,-81.49,30.726
Georgia,GA,GA:0:0,85,-81.541,30.713
Georgia,GA,GA:0:0,86,-81.695,30.748
Georgia,GA,GA:0:0,87,-81.72,30.745
Georgia,GA,GA:0:0,88,-81.809,30.79
Georgia,GA,GA:0:0,89,-81.869,30.793
Georgia,GA,GA:0:0,90,-81.95,30.827
Georgia,GA,GA:0:0,91,-81.979,30.776
Georgia,GA,GA:0:0,92,-82.04,30.748
Georgia,GA,GA:0:0,93,-82.05,30.656
Georgia,GA,GA:0:0,94,-82.012,30.594
Georgia,GA,GA:0:0,95,-82.018,30.475
Georgia,GA,GA:0:0,96,-82.048,30.363
Georgia,GA,GA:0:0,97,-82.17,30.359
Georgia,GA,GA:0:0,98,-82.21,30.425
Georgia,GA,GA:0:0,99,-82.201,30.485
Georgia,GA,GA:0:0,100,-82.236,30.545
Georgia,GA,GA:0:0,101,-82.215,30.569
Georgia,GA,GA:0:0,102,-83.131,30.624
Georgia,GA,GA:0:0,103,-83.5,30.646
Georgia,GA,GA:0:0,104,-84.057,30.675
Georgia,GA,GA:0:0,105,-84.865,30.712
Georgia,GA,GA:0:0,106,-84.914,30.754
Georgia,GA,GA:0:0,107,-84.936,30.821
Georgia,GA,GA:0:0,108,-84.937,30.885
Georgia,GA,GA:0:0,109,-84.984,30.937
Georgia,GA,GA:0:0,110,-85.002,31.001
Georgia,GA,GA:0:0,111,-85.036,31.108
Georgia,GA,GA:0:0,112,-85.108,31.186
Georgia,GA,GA:0:0,113,-85.09,31.295
Georgia,GA,GA:0:0,114,-85.092,31.363
Georgia,GA,GA:0:0,115,-85.045,31.518
Georgia,GA,GA:0:0,116,-85.062,31.623
Georgia,GA,GA:0:0,117,-85.126,31.695
Georgia,GA,GA:0:0,118,-85.119,31.733
Georgia,GA,GA:0:0,119,-85.142,31.839
Georgia,GA,GA:0:0,120,-85.13,31.884
Georgia,GA,GA:0:0,121,-85.082,31.945
Georgia,GA,GA:0:0,122,-85.054,32.014
Georgia,GA,GA:0:0,123,-85.059,32.136
Georgia,GA,GA:0:0,124,-85.011,32.18
Georgia,GA,GA:0:0,125,-84.925,32.222
Georgia,GA,GA:0:0,126,-84.889,32.262
Georgia,GA,GA:0:0,127,-84.934,32.298
Georgia,GA,GA:0:0,128,-85.002,32.322
Georgia,GA,GA:0:0,129,-84.972,32.443
Georgia,GA,GA:0:0,130,-85.007,32.524
Georgia,GA,GA:0:0,131,-85.068,32.58
Georgia,GA,GA:0:0,132,-85.089,32.658
Georgia,GA,GA:0:0,133,-85.115,32.686
Georgia,GA,GA:0:0,134,-85.122,32.773
Georgia,GA,GA:0:0,135,-85.168,32.812
Georgia,GA,GA:0:0,136,-85.184,32.861
Georgia,GA,GA:0:0,137,-85.304,33.483
Georgia,GA,GA:0:0,138,-85.357,33.75
Georgia,GA,GA:0:0,139,-85.47,34.328
Georgia,GA,GA:0:0,140,-85.561,34.75
Wisconsin,WI,WI:0:0,0,-86.956,45.352
Wisconsin,WI,WI:0:0,1,-86.943,45.415
Wisconsin,WI,WI:0:0,2,-86.824,45.406
Wisconsin,WI,WI:0:0,3,-86.899,45.323
Wisconsin,WI,WI:1:0,0,-90.652,46.925
Wisconsin,WI,WI:1:0,1,-90.529,46.968
Wisconsin,WI,WI:1:0,2,-90.549,46.915
Wisconsin,WI,WI:2:0,0,-90.777,47.024
Wisconsin,WI,WI:2:0,1,-90.65,47.055
Wisconsin,WI,WI:2:0,2,-90.61,46.991
Wisconsin,WI,WI:2:0,3,-90.672,46.949
Wisconsin,WI,WI:3:0,0,-90.792,46.785
Wisconsin,WI,WI:3:0,1,-90.733,46.8
Wisconsin,WI,WI:3:0,2,-90.616,46.874
Wisconsin,WI,WI:3:0,3,-90.569,46.847
Wisconsin,WI,WI:3:0,4,-90.676,46.819
Wisconsin,WI,WI:3:0,5,-90.764,46.755
Wisconsin,WI,WI:4:0,0,-92.015,46.706
Wisconsin,WI,WI:4:0,1,-91.943,46.68
Wisconsin,WI,WI:4:0,2,-91.82,46.69
Wisconsin,WI,WI:4:0,3,-91.574,46.757
Wisconsin,WI,WI:4:0,4,-91.511,46.757
Wisconsin,WI,WI:4:0,5,-91.227,46.864
Wisconsin,WI,WI:4:0,6,-91.168,46.845
Wisconsin,WI,WI:4:0,7,-91.097,46.862
Wisconsin,WI,WI:4:0,8,-90.995,46.918
Wisconsin,WI,WI:4:0,9,-90.838,46.957
Wisconsin,WI,WI:4:0,10,-90.755,46.898
Wisconsin,WI,WI:4:0,11,-90.799,46.823
Wisconsin,WI,WI:4:0,12,-90.885,46.756
Wisconsin,WI,WI:4:0,13,-90.853,46.7
Wisconsin,WI,WI:4:0,14,-90.911,46.663
Wisconsin,WI,WI:4:0,15,-90.951,46.597
Wisconsin,WI,WI:4:0,16,-90.906,46.584
Wisconsin,WI,WI:4:0,17,-90.755,46.646
Wisconsin,WI,WI:4:0,18,-90.737,46.692
Wisconsin,WI,WI:4:0,19,-90.586,46.6
Wisconsin,WI,WI:4:0,20,-90.418,46.566
Wisconsin,WI,WI:4:0,21,-90.337,46.554
Wisconsin,WI,WI:4:0,22,-90.265,46.504
Wisconsin,WI,WI:4:0,23,-90.217,46.502
Wisconsin,WI,WI:4:0,24,-90.119,46.359
Wisconsin,WI,WI:4:0,25,-90.12,46.337
Wisconsin,WI,WI:4:0,26,-89.496,46.216
Wisconsin,WI,WI:4:0,27,-89.092,46.139
Wisconsin,WI,WI:4:0,28,-88.776,46.016
Wisconsin,WI,WI:4:0,29,-88.74,46.027
Wisconsin,WI,WI:4:0,30,-88.616,45.988
Wisconsin,WI,WI:4:0,31,-88.565,46.016
Wisconsin,WI,WI:4:0,32,-88.506,46.013
Wisconsin,WI,WI:4:0,33,-88.417,45.975
Wisconsin,WI,WI:4:0,34,-88.103,45.922
Wisconsin,WI,WI:4:0,35,-88.089,45.856
Wisconsin,WI,WI:4:0,36,-88.136,45.819
Wisconsin,WI,WI:4:0,37,-88.094,45.786
Wisconsin,WI,WI:4:0,38,-87.996,45.795
Wisconsin,WI,WI:4:0,39,-87.963,45.758
Wisconsin,WI,WI:4:0,40,-87.88,45.755
Wisconsin,WI,WI:4:0,41,-87.782,45.673
Wisconsin,WI,WI:4:0,42,-87.824,45.647
Wisconsin,WI,WI:4:0,43,-87.778,45.609
Wisconsin,WI,WI:4:0,44,-87.813,45.464
Wisconsin,WI,WI:4:0,45,-87.862,45.434
Wisconsin,WI,WI:4:0,46,-87.863,45.353
Wisconsin,WI,WI:4:0,47,-87.754,45.349
Wisconsin,WI,WI:4:0,48,-87.694,45.39
Wisconsin,WI,WI:4:0,49,-87.648,45.339
Wisconsin,WI,WI:4:0,50,-87.687,45.298
Wisconsin,WI,WI:4:0,51,-87.742,45.197
Wisconsin,WI,WI:4:0,52,-87.661,45.108
Wisconsin,WI,WI:4:0,53,-87.59,45.095
Wisconsin,WI,WI:4:0,54,-87.626,45.045
Wisconsin,WI,WI:4:0,55,-87.63,44.977
Wisconsin,WI,WI:4:0,56,-87.82,44.951
Wisconsin,WI,WI:4:0,57,-87.828,44.891
Wisconsin,WI,WI:4:0,58,-87.901,44.827
Wisconsin,WI,WI:4:0,59,-87.983,44.72
Wisconsin,WI,WI:4:0,60,-88.012,44.602
Wisconsin,WI,WI:4:0,61,-88.006,44.539
Wisconsin,WI,WI:4:0,62,-87.929,44.536
Wisconsin,WI,WI:4:0,63,-87.867,44.608
Wisconsin,WI,WI:4:0,64,-87.766,44.642
Wisconsin,WI,WI:4:0,65,-87.721,44.725
Wisconsin,WI,WI:4:0,66,-87.61,44.838
Wisconsin,WI,WI:4:0,67,-87.515,44.87
Wisconsin,WI,WI:4:0,68,-87.478,44.864
Wisconsin,WI,WI:4:0,69,-87.406,44.904
Wisconsin,WI,WI:4:0,70,-87.36,44.988
Wisconsin,WI,WI:4:0,71,-87.265,45.081
Wisconsin,WI,WI:4:0,72,-87.238,45.167
Wisconsin,WI,WI:4:0,73,-87.12,45.191
Wisconsin,WI,WI:4:0,74,-87.109,45.257
Wisconsin,WI,WI:4:0,75,-87.017,45.299
Wisconsin,WI,WI:4:0,76,-86.983,45.295
Wisconsin,WI,WI:4:0,77,-86.986,45.216
Wisconsin,WI,WI:4:0,78,-87.033,45.222
Wisconsin,WI,WI:4:0,79,-87.048,45.089
Wisconsin,WI,WI:4:0,80,-87.189,44.969
Wisconsin,WI,WI:4:0,81,-87.172,44.931
Wisconsin,WI,WI:4:0,82,-87.205,44.876
Wisconsin,WI,WI:4:0,83,-87.305,44.805
Wisconsin,WI,WI:4:0,84,-87.394,44.641
Wisconsin,WI,WI:4:0,85,-87.437,44.605
Wisconsin,WI,WI:4:0,86,-87.484,44.511
Wisconsin,WI,WI:4:0,87,-87.518,44.376
Wisconsin,WI,WI:4:0,88,-87.545,44.321
Wisconsin,WI,WI:4:0,89,-87.508,44.23
Wisconsin,WI,WI:4:0,90,-87.52,44.18
Wisconsin,WI,WI:4:0,91,-87.647,44.105
Wisconsin,WI,WI:4:0,92,-87.736,43.88
Wisconsin,WI,WI:4:0,93,-87.7,43.767
Wisconsin,WI,WI:4:0,94,-87.706,43.68
Wisconsin,WI,WI:4:0,95,-87.79,43.563
Wisconsin,WI,WI:4:0,96,-87.793,43.493
Wisconsin,WI,WI:4:0,97,-87.865,43.394
Wisconsin,WI,WI:4:0,98,-87.912,43.25
Wisconsin,WI,WI:4:0,99,-87.881,43.171
Wisconsin,WI,WI:4:0,100,-87.9,43.137
Wisconsin,WI,WI:4:0,101,-87.866,43.074
Wisconsin,WI,WI:4:0,102,-87.888,43.001
Wisconsin,WI,WI:4:0,103,-87.843,42.944
Wisconsin,WI,WI:4:0,104,-87.848,42.889
Wisconsin,WI,WI:4:0,105,-87.823,42.835
Wisconsin,WI,WI:4:0,106,-87.767,42.785
Wisconsin,WI,WI:4:0,107,-87.815,42.644
Wisconsin,WI,WI:4:0,108,-87.8,42.492
Wisconsin,WI,WI:4:0,109,-88.115,42.496
Wisconsin,WI,WI:4:0,110,-88.787,42.492
Wisconsin,WI,WI:4:0,111,-89.251,42.498
Wisconsin,WI,WI:4:0,112,-90.074,42.508
Wisconsin,WI,WI:4:0,113,-90.643,42.508
Wisconsin,WI,WI:4:0,114,-90.662,42.568
Wisconsin,WI,WI:4:0,115,-90.72,42.641
Wisconsin,WI,WI:4:0,116,-90.952,42.687
Wisconsin,WI,WI:4:0,117,-91.051,42.737
Wisconsin,WI,WI:4:0,118,-91.101,42.883
Wisconsin,WI,WI:4:0,119,-91.146,42.91
Wisconsin,WI,WI:4:0,120,-91.175,43.039
Wisconsin,WI,WI:4:0,121,-91.178,43.129
Wisconsin,WI,WI:4:0,122,-91.058,43.254
Wisconsin,WI,WI:4:0,123,-91.129,43.326
Wisconsin,WI,WI:4:0,124,-91.202,43.349
Wisconsin,WI,WI:4:0,125,-91.198,43.395
Wisconsin,WI,WI:4:0,126,-91.232,43.46
Wisconsin,WI,WI:4:0,127,-91.218,43.501
Wisconsin,WI,WI:4:0,128,-91.232,43.582
Wisconsin,WI,WI:4:0,129,-91.269,43.615
Wisconsin,WI,WI:4:0,130,-91.268,43.71
Wisconsin,WI,WI:4:0,131,-91.244,43.775
Wisconsin,WI,WI:4:0,132,-91.284,43.847
Wisconsin,WI,WI:4:0,133,-91.441,44.002
Wisconsin,WI,WI:4:0,134,-91.583,44.027
Wisconsin,WI,WI:4:0,135,-91.711,44.12
Wisconsin,WI,WI:4:0,136,-91.875,44.201
Wisconsin,WI,WI:4:0,137,-91.926,44.334
Wisconsin,WI,WI:4:0,138,-92.054,44.401
Wisconsin,WI,WI:4:0,139,-92.215,44.439
Wisconsin,WI,WI:4:0,140,-92.277,44.474
Wisconsin,WI,WI:4:0,141,-92.348,44.557
Wisconsin,WI,WI:4:0,142,-92.518,44.575
Wisconsin,WI,WI:4:0,143,-92.621,44.615
Wisconsin,WI,WI:4:0,144,-92.622,44.639
Wisconsin,WI,WI:4:0,145,-92.737,44.717
Wisconsin,WI,WI:4:0,146,-92.808,44.751
Wisconsin,WI,WI:4:0,147,-92.765,44.841
Wisconsin,WI,WI:4:0,148,-92.775,44.893
Wisconsin,WI,WI:4:0,149,-92.751,44.937
Wisconsin,WI,WI:4:0,150,-92.765,45.029
Wisconsin,WI,WI:4:0,151,-92.792,45.08
Wisconsin,WI,WI:4:0,152,-92.745,45.108
Wisconsin,WI,WI:4:0,153,-92.767,45.185
Wisconsin,WI,WI:4:0,154,-92.759,45.291
Wisconsin,WI,WI:4:0,155,-92.65,45.399
Wisconsin,WI,WI:4:0,156,-92.647,45.442
Wisconsin,WI,WI:4:0,157,-92.77,45.567
Wisconsin,WI,WI:4:0,158,-92.884,45.575
Wisconsin,WI,WI:4:0,159,-92.869,45.718
Wisconsin,WI,WI:4:0,160,-92.785,45.764
Wisconsin,WI,WI:4:0,161,-92.708,45.895
Wisconsin,WI,WI:4:0,162,-92.64,45.932
Wisconsin,WI,WI:4:0,163,-92.464,45.976
Wisconsin,WI,WI:4:0,164,-92.421,46.027
Wisconsin,WI,WI:4:0,165,-92.362,46.013
Wisconsin,WI,WI:4:0,166,-92.294,46.074
Wisconsin,WI,WI:4:0,167,-92.292,46.666
Wisconsin,WI,WI:4:0,168,-92.212,46.65
Wisconsin,WI,WI:4:0,169,-92.089,46.749
Oregon,OR,OR:0:0,0,-123.548,46.259
Oregon,OR,OR:0:0,1,-123.48,46.269
Oregon,OR,OR:0:0,2,-123.428,46.229
Oregon,OR,OR:0:0,3,-123.431,46.182
Oregon,OR,OR:0:0,4,-123.371,46.146
Oregon,OR,OR:0:0,5,-123.28,46.145
Oregon,OR,OR:0:0,6,-123.166,46.189
Oregon,OR,OR:0:0,7,-123.116,46.185
Oregon,OR,OR:0:0,8,-122.904,46.084
Oregon,OR,OR:0:0,9,-122.814,45.961
Oregon,OR,OR:0:0,10,-122.785,45.868
Oregon,OR,OR:0:0,11,-122.796,45.81
Oregon,OR,OR:0:0,12,-122.76,45.734
Oregon,OR,OR:0:0,13,-122.764,45.657
Oregon,OR,OR:0:0,14,-122.675,45.618
Oregon,OR,OR:0:0,15,-122.475,45.578
Oregon,OR,OR:0:0,16,-122.38,45.576
Oregon,OR,OR:0:0,17,-122.332,45.548
Oregon,OR,OR:0:0,18,-122.249,45.548
Oregon,OR,OR:0:0,19,-122.184,45.578
Oregon,OR,OR:0:0,20,-122.102,45.584
Oregon,OR,OR:0:0,21,-121.908,45.654
Oregon,OR,OR:0:0,22,-121.811,45.707
Oregon,OR,OR:0:0,23,-121.735,45.694
Oregon,OR,OR:0:0,24,-121.533,45.727
Oregon,OR,OR:0:0,25,-121.402,45.693
Oregon,OR,OR:0:0,26,-121.338,45.705
Oregon,OR,OR:0:0,27,-121.216,45.671
Oregon,OR,OR:0:0,28,-121.184,45.606
Oregon,OR,OR:0:0,29,-121.132,45.61
Oregon,OR,OR:0:0,30,-121.085,45.648
Oregon,OR,OR:0:0,31,-120.856,45.672
Oregon,OR,OR:0:0,32,-120.689,45.716
Oregon,OR,OR:0:0,33,-120.635,45.746
Oregon,OR,OR:0:0,34,-120.559,45.738
Oregon,OR,OR:0:0,35,-120.506,45.7
Oregon,OR,OR:0:0,36,-120.404,45.699
Oregon,OR,OR:0:0,37,-120.211,45.726
Oregon,OR,OR:0:0,38,-120.17,45.762
Oregon,OR,OR:0:0,39,-119.966,45.824
Oregon,OR,OR:0:0,40,-119.67,45.857
Oregon,OR,OR:0:0,41,-119.623,45.906
Oregon,OR,OR:0:0,42,-119.364,45.922
Oregon,OR,OR:0:0,43,-119.257,45.94
Oregon,OR,OR:0:0,44,-119.126,45.933
Oregon,OR,OR:0:0,45,-118.987,46.0
Oregon,OR,OR:0:0,46,-118.126,46.0
Oregon,OR,OR:0:0,47,-117.475,45.998
Oregon,OR,OR:0:0,48,-116.916,45.995
Oregon,OR,OR:0:0,49,-116.783,45.825
Oregon,OR,OR:0:0,50,-116.698,45.821
Oregon,OR,OR:0:0,51,-116.665,45.782
Oregon,OR,OR:0:0,52,-116.593,45.779
Oregon,OR,OR:0:0,53,-116.536,45.734
Oregon,OR,OR:0:0,54,-116.535,45.692
Oregon,OR,OR:0:0,55,-116.464,45.616
Oregon,OR,OR:0:0,56,-116.549,45.51
Oregon,OR,OR:0:0,57,-116.674,45.322
Oregon,OR,OR:0:0,58,-116.731,45.14
Oregon,OR,OR:0:0,59,-116.848,45.023
Oregon,OR,OR:0:0,60,-116.832,44.933
Oregon,OR,OR:0:0,61,-116.935,44.784
Oregon,OR,OR:0:0,62,-117.044,44.745
Oregon,OR,OR:0:0,63,-117.121,44.615
Oregon,OR,OR:0:0,64,-117.144,44.546
Oregon,OR,OR:0:0,65,-117.226,44.479
Oregon,OR,OR:0:0,66,-117.215,44.427
Oregon,OR,OR:0:0,67,-117.243,44.397
Oregon,OR,OR:0:0,68,-117.19,44.337
Oregon,OR,OR:0:0,69,-117.217,44.288
Oregon,OR,OR:0:0,70,-117.17,44.259
Oregon,OR,OR:0:0,71,-117.104,44.28
Oregon,OR,OR:0:0,72,-117.057,44.231
Oregon,OR,OR:0:0,73,-116.976,44.243
Oregon,OR,OR:0:0,74,-116.972,44.197
Oregon,OR,OR:0:0,75,-116.896,44.154
Oregon,OR,OR:0:0,76,-116.934,44.1
Oregon,OR,OR:0:0,77,-116.977,44.085
Oregon,OR,OR:0:0,78,-116.934,44.021
Oregon,OR,OR:0:0,79,-116.96,43.983
Oregon,OR,OR:0:0,80,-116.982,43.869
Oregon,OR,OR:0:0,81,-117.027,43.808
Oregon,OR,OR:0:0,82,-117.027,43.025
Oregon,OR,OR:0:0,83,-117.027,42.625
Oregon,OR,OR:0:0,84,-117.026,42.0
Oregon,OR,OR:0:0,85,-117.626,41.998
Oregon,OR,OR:0:0,86,-118.197,41.997
Oregon,OR,OR:0:0,87,-118.696,41.992
Oregon,OR,OR:0:0,88,-119.208,41.993
Oregon,OR,OR:0:0,89,-119.79,41.998
Oregon,OR,OR:0:0,90,-119.999,41.995
Oregon,OR,OR:0:0,91,-120.286,41.993
Oregon,OR,OR:0:0,92,-121.035,41.993
Oregon,OR,OR:0:0,93,-121.581,41.999
Oregon,OR,OR:0:0,94,-122.378,42.01
Oregon,OR,OR:0:0,95,-122.635,42.005
Oregon,OR,OR:0:0,96,-123.045,42.003
Oregon,OR,OR:0:0,97,-123.146,42.009
Oregon,OR,OR:0:0,98,-123.348,41.999
Oregon,OR,OR:0:0,99,-123.728,41.997
Oregon,OR,OR:0:0,100,-124.212,41.998
Oregon,OR,OR:0:0,101,-124.3,42.052
Oregon,OR,OR:0:0,102,-124.356,42.115
Oregon,OR,OR:0:0,103,-124.361,42.181
Oregon,OR,OR:0:0,104,-124.411,42.251
Oregon,OR,OR:0:0,105,-124.429,42.332
Oregon,OR,OR:0:0,106,-124.435,42.44
Oregon,OR,OR:0:0,107,-124.39,42.575
Oregon,OR,OR:0:0,108,-124.417,42.662
Oregon,OR,OR:0:0,109,-124.474,42.733
Oregon,OR,OR:0:0,110,-124.515,42.737
Oregon,OR,OR:0:0,111,-124.552,42.841
Oregon,OR,OR:0:0,112,-124.457,43.0
Oregon,OR,OR:0:0,113,-124.434,43.116
Oregon,OR,OR:0:0,114,-124.382,43.27
Oregon,OR,OR:0:0,115,-124.403,43.306
Oregon,OR,OR:0:0,116,-124.342,43.351
Oregon,OR,OR:0:0,117,-124.287,43.436
Oregon,OR,OR:0:0,118,-124.234,43.557
Oregon,OR,OR:0:0,119,-124.168,43.809
Oregon,OR,OR:0:0,120,-124.122,44.104
Oregon,OR,OR:0:0,121,-124.109,44.265
Oregon,OR,OR:0:0,122,-124.084,44.416
Oregon,OR,OR:0:0,123,-124.084,44.501
Oregon,OR,OR:0:0,124,-124.058,44.659
Oregon,OR,OR:0:0,125,-124.067,44.831
Oregon,OR,OR:0:0,126,-124.032,44.901
Oregon,OR,OR:0:0,127,-123.975,45.145
Oregon,OR,OR:0:0,128,-123.964,45.317
Oregon,OR,OR:0:0,129,-123.98,45.348
Oregon,OR,OR:0:0,130,-123.961,45.431
Oregon,OR,OR:0:0,131,-123.939,45.662
Oregon,OR,OR:0:0,132,-123.969,45.757
Oregon,OR,OR:0:0,133,-123.968,45.908
Oregon,OR,OR:0:0,134,-123.994,45.946
Oregon,OR,OR:0:0,135,-123.937,45.977
Oregon,OR,OR:0:0,136,-123.933,46.072
Oregon,OR,OR:0:0,137,-124.01,46.224
Oregon,OR,OR:0:0,138,-123.855,46.157
Oregon,OR,OR:0:0,139,-123.758,46.213
Oregon,OR,OR:0:0,140,-123.718,46.189
Oregon,OR,OR:0:0,141,-123.62,46.215
Pennsylvania,PA,PA:0:0,0,-80.519,41.978
Pennsylvania,PA,PA:0:0,1,-80.33,42.036
Pennsylvania,PA,PA:0:0,2,-80.188,42.094
Pennsylvania,PA,PA:0:0,3,-80.136,42.15
Pennsylvania,PA,PA:0:0,4,-80.061,42.145
Pennsylvania,PA,PA:0:0,5,-79.931,42.207
Pennsylvania,PA,PA:0:0,6,-79.762,42.27
Pennsylvania,PA,PA:0:0,7,-79.761,41.999
Pennsylvania,PA,PA:0:0,8,-78.875,41.998
Pennsylvania,PA,PA:0:0,9,-77.832,41.999
Pennsylvania,PA,PA:0:0,10,-77.125,41.999
Pennsylvania,PA,PA:0:0,11,-76.75,42.002
Pennsylvania,PA,PA:0:0,12,-76.344,41.998
Pennsylvania,PA,PA:0:0,13,-75.742,41.998
Pennsylvania,PA,PA:0:0,14,-75.36,41.999
Pennsylvania,PA,PA:0:0,15,-75.279,41.939
Pennsylvania,PA,PA:0:0,16,-75.264,41.871
Pennsylvania,PA,PA:0:0,17,-75.198,41.869
Pennsylvania,PA,PA:0:0,18,-75.114,41.844
Pennsylvania,PA,PA:0:0,19,-75.105,41.774
Pennsylvania,PA,PA:0:0,20,-75.053,41.753
Pennsylvania,PA,PA:0:0,21,-75.044,41.618
Pennsylvania,PA,PA:0:0,22,-75.075,41.606
Pennsylvania,PA,PA:0:0,23,-74.984,41.507
Pennsylvania,PA,PA:0:0,24,-74.909,41.472
Pennsylvania,PA,PA:0:0,25,-74.889,41.438
Pennsylvania,PA,PA:0:0,26,-74.759,41.423
Pennsylvania,PA,PA:0:0,27,-74.695,41.357
Pennsylvania,PA,PA:0:0,28,-74.753,41.346
Pennsylvania,PA,PA:0:0,29,-74.838,41.277
Pennsylvania,PA,PA:0:0,30,-74.882,41.181
Pennsylvania,PA,PA:0:0,31,-74.982,41.108
Pennsylvania,PA,PA:0:0,32,-75.026,41.04
Pennsylvania,PA,PA:0:0,33,-75.131,40.991
Pennsylvania,PA,PA:0:0,34,-75.051,40.868
Pennsylvania,PA,PA:0:0,35,-75.109,40.791
Pennsylvania,PA,PA:0:0,36,-75.172,40.778
Pennsylvania,PA,PA:0:0,37,-75.204,40.691
Pennsylvania,PA,PA:0:0,38,-75.194,40.576
Pennsylvania,PA,PA:0:0,39,-75.1,40.568
Pennsylvania,PA,PA:0:0,40,-75.069,40.542
Pennsylvania,PA,PA:0:0,41,-75.056,40.416
Pennsylvania,PA,PA:0:0,42,-74.964,40.395
Pennsylvania,PA,PA:0:0,43,-74.94,40.338
Pennsylvania,PA,PA:0:0,44,-74.868,40.295
Pennsylvania,PA,PA:0:0,45,-74.842,40.251
Pennsylvania,PA,PA:0:0,46,-74.77,40.215
Pennsylvania,PA,PA:0:0,47,-74.726,40.145
Pennsylvania,PA,PA:0:0,48,-74.816,40.128
Pennsylvania,PA,PA:0:0,49,-74.864,40.082
Pennsylvania,PA,PA:0:0,50,-74.932,40.068
Pennsylvania,PA,PA:0:0,51,-75.13,39.959
Pennsylvania,PA,PA:0:0,52,-75.151,39.883
Pennsylvania,PA,PA:0:0,53,-75.271,39.849
Pennsylvania,PA,PA:0:0,54,-75.33,39.849
Pennsylvania,PA,PA:0:0,55,-75.415,39.802
Pennsylvania,PA,PA:0:0,56,-75.499,39.833
Pennsylvania,PA,PA:0:0,57,-75.617,39.834
Pennsylvania,PA,PA:0:0,58,-75.701,39.803
Pennsylvania,PA,PA:0:0,59,-75.789,39.722
Pennsylvania,PA,PA:0:0,60,-76.233,39.722
Pennsylvania,PA,PA:0:0,61,-76.991,39.72
Pennsylvania,PA,PA:0:0,62,-77.535,39.72
Pennsylvania,PA,PA:0:0,63,-78.538,39.723
Pennsylvania,PA,PA:0:0,64,-79.477,39.721
Pennsylvania,PA,PA:0:0,65,-79.853,39.721
Pennsylvania,PA,PA:0:0,66,-80.519,39.721
Pennsylvania,PA,PA:0:0,67,-80.519,40.096
Pennsylvania,PA,PA:0:0,68,-80.519,40.639
Pennsylvania,PA,PA:0:0,69,-80.519,41.249
Mississippi,MS,MS:0:0,0,-91.166,33.004
Mississippi,MS,MS:0:0,1,-91.125,33.064
Mississippi,MS,MS:0:0,2,-91.201,33.11
Mississippi,MS,MS:0:0,3,-91.184,33.142
Mississippi,MS,MS:0:0,4,-91.088,33.145
Mississippi,MS,MS:0:0,5,-91.083,33.222
Mississippi,MS,MS:0:0,6,-91.142,33.3
Mississippi,MS,MS:0:0,7,-91.142,33.349
Mississippi,MS,MS:0:0,8,-91.209,33.404
Mississippi,MS,MS:0:0,9,-91.169,33.453
Mississippi,MS,MS:0:0,10,-91.228,33.565
Mississippi,MS,MS:0:0,11,-91.132,33.599
Mississippi,MS,MS:0:0,12,-91.139,33.626
Mississippi,MS,MS:0:0,13,-91.219,33.662
Mississippi,MS,MS:0:0,14,-91.161,33.707
Mississippi,MS,MS:0:0,15,-91.084,33.657
Mississippi,MS,MS:0:0,16,-91.035,33.673
Mississippi,MS,MS:0:0,17,-91.068,33.716
Mississippi,MS,MS:0:0,18,-91.145,33.727
Mississippi,MS,MS:0:0,19,-91.107,33.771
Mississippi,MS,MS:0:0,20,-91.054,33.779
Mississippi,MS,MS:0:0,21,-91.071,33.867
Mississippi,MS,MS:0:0,22,-91.011,33.926
Mississippi,MS,MS:0:0,23,-91.088,33.975
Mississippi,MS,MS:0:0,24,-90.988,34.019
Mississippi,MS,MS:0:0,25,-90.889,34.03
Mississippi,MS,MS:0:0,26,-90.87,34.083
Mississippi,MS,MS:0:0,27,-90.946,34.109
Mississippi,MS,MS:0:0,28,-90.91,34.166
Mississippi,MS,MS:0:0,29,-90.823,34.144
Mississippi,MS,MS:0:0,30,-90.817,34.183
Mississippi,MS,MS:0:0,31,-90.888,34.182
Mississippi,MS,MS:0:0,32,-90.933,34.215
Mississippi,MS,MS:0:0,33,-90.907,34.244
Mississippi,MS,MS:0:0,34,-90.848,34.207
Mississippi,MS,MS:0:0,35,-90.832,34.267
Mississippi,MS,MS:0:0,36,-90.741,34.307
Mississippi,MS,MS:0:0,37,-90.756,34.367
Mississippi,MS,MS:0:0,38,-90.683,34.369
Mississippi,MS,MS:0:0,39,-90.614,34.391
Mississippi,MS,MS:0:0,40,-90.567,34.43
Mississippi,MS,MS:0:0,41,-90.59,34.485
Mississippi,MS,MS:0:0,42,-90.546,34.538
Mississippi,MS,MS:0:0,43,-90.587,34.616
Mississippi,MS,MS:0:0,44,-90.517,34.631
Mississippi,MS,MS:0:0,45,-90.467,34.696
Mississippi,MS,MS:0:0,46,-90.451,34.748
Mississippi,MS,MS:0:0,47,-90.484,34.861
Mississippi,MS,MS:0:0,48,-90.437,34.883
Mississippi,MS,MS:0:0,49,-90.415,34.832
Mississippi,MS,MS:0:0,50,-90.25,34.907
Mississippi,MS,MS:0:0,51,-90.25,34.951
Mississippi,MS,MS:0:0,52,-90.309,34.996
Mississippi,MS,MS:0:0,53,-89.848,34.994
Mississippi,MS,MS:0:0,54,-89.435,34.994
Mississippi,MS,MS:0:0,55,-88.851,34.995
Mississippi,MS,MS:0:0,56,-88.2,34.996
Mississippi,MS,MS:0:0,57,-88.155,34.922
Mississippi,MS,MS:0:0,58,-88.098,34.892
Mississippi,MS,MS:0:0,59,-88.134,34.623
Mississippi,MS,MS:0:0,60,-88.211,34.029
Mississippi,MS,MS:0:0,61,-88.252,33.72
Mississippi,MS,MS:0:0,62,-88.331,33.073
Mississippi,MS,MS:0:0,63,-88.404,32.45
Mississippi,MS,MS:0:0,64,-88.473,31.894
Mississippi,MS,MS:0:0,65,-88.439,31.247
Mississippi,MS,MS:0:0,66,-88.419,30.867
Mississippi,MS,MS:0:0,67,-88.395,30.369
Mississippi,MS,MS:0:0,68,-88.454,30.33
Mississippi,MS,MS:0:0,69,-88.664,30.362
Mississippi,MS,MS:0:0,70,-88.701,30.344
Mississippi,MS,MS:0:0,71,-88.819,30.361
Mississippi,MS,MS:0:0,72,-88.922,30.394
Mississippi,MS,MS:0:0,73,-89.083,30.368
Mississippi,MS,MS:0:0,74,-89.272,30.305
Mississippi,MS,MS:0:0,75,-89.33,30.303
Mississippi,MS,MS:0:0,76,-89.419,30.254
Mississippi,MS,MS:0:0,77,-89.448,30.185
Mississippi,MS,MS:0:0,78,-89.525,30.181
Mississippi,MS,MS:0:0,79,-89.57,30.18
Mississippi,MS,MS:0:0,80,-89.617,30.227
Mississippi,MS,MS:0:0,81,-89.642,30.304
Mississippi,MS,MS:0:0,82,-89.63,30.339
Mississippi,MS,MS:0:0,83,-89.684,30.406
Mississippi,MS,MS:0:0,84,-89.683,30.452
Mississippi,MS,MS:0:0,85,-89.768,30.515
Mississippi,MS,MS:0:0,86,-89.82,30.597
Mississippi,MS,MS:0:0,87,-89.846,30.707
Mississippi,MS,MS:0:0,88,-89.756,30.943
Mississippi,MS,MS:0:0,89,-89.753,31.002
Mississippi,MS,MS:0:0,90,-90.381,31.0
Mississippi,MS,MS:0:0,91,-91.108,30.999
Mississippi,MS,MS:0:0,92,-91.625,30.999
Mississippi,MS,MS:0:0,93,-91.564,31.039
Mississippi,MS,MS:0:0,94,-91.568,31.07
Mississippi,MS,MS:0:0,95,-91.626,31.117
Mississippi,MS,MS:0:0,96,-91.59,31.194
Mississippi,MS,MS:0:0,97,-91.644,31.234
Mississippi,MS,MS:0:0,98,-91.638,31.268
Mississippi,MS,MS:0:0,99,-91.519,31.275
Mississippi,MS,MS:0:0,100,-91.516,31.37
Mississippi,MS,MS:0:0,101,-91.472,31.396
Mississippi,MS,MS:0:0,102,-91.513,31.444
Mississippi,MS,MS:0:0,103,-91.516,31.531
Mississippi,MS,MS:0:0,104,-91.45,31.54
Mississippi,MS,MS:0:0,105,-91.485,31.586
Mississippi,MS,MS:0:0,106,-91.498,31.645
Mississippi,MS,MS:0:0,107,-91.421,31.612
Mississippi,MS,MS:0:0,108,-91.396,31.644
Mississippi,MS,MS:0:0,109,-91.397,31.711
Mississippi,MS,MS:0:0,110,-91.346,31.843
Mississippi,MS,MS:0:0,111,-91.268,31.863
Mississippi,MS,MS:0:0,112,-91.201,31.909
Mississippi,MS,MS:0:0,113,-91.188,31.961
Mississippi,MS,MS:0:0,114,-91.076,32.017
Mississippi,MS,MS:0:0,115,-91.099,32.048
Mississippi,MS,MS:0:0,116,-91.039,32.098
Mississippi,MS,MS:0:0,117,-91.053,32.124
Mississippi,MS,MS:0:0,118,-91.163,32.133
Mississippi,MS,MS:0:0,119,-91.164,32.197
Mississippi,MS,MS:0:0,120,-91.034,32.242
Mississippi,MS,MS:0:0,121,-90.983,32.212
Mississippi,MS,MS:0:0,122,-90.948,32.283
Mississippi,MS,MS:0:0,123,-90.894,32.328
Mississippi,MS,MS:0:0,124,-91.005,32.368
Mississippi,MS,MS:0:0,125,-90.966,32.434
Mississippi,MS,MS:0:0,126,-91.03,32.434
Mississippi,MS,MS:0:0,127,-91.095,32.459
Mississippi,MS,MS:0:0,128,-91.117,32.5
Mississippi,MS,MS:0:0,129,-91.071,32.549
Mississippi,MS,MS:0:0,130,-91.119,32.585
Mississippi,MS,MS:0:0,131,-91.153,32.641
Mississippi,MS,MS:0:0,132,-91.064,32.703
Mississippi,MS,MS:0:0,133,-91.061,32.727
Mississippi,MS,MS:0:0,134,-91.165,32.751
Mississippi,MS,MS:0:0,135,-91.145,32.843
Mississippi,MS,MS:0:0,136,-91.071,32.889
Mississippi,MS,MS:0:0,137,-91.087,32.976
Mississippi,MS,MS:0:0,138,-91.16,32.9
Mississippi,MS,MS:0:0,139,-91.213,32.922
Missouri,MO,MO:0:0,0,-95.766,40.585
Missouri,MO,MO:0:0,1,-94.992,40.576
Missouri,MO,MO:0:0,2,-94.489,40.571
Missouri,MO,MO:0:0,3,-94.034,40.574
Missouri,MO,MO:0:0,4,-93.261,40.581
Missouri,MO,MO:0:0,5,-92.757,40.589
Missouri,MO,MO:0:0,6,-92.096,40.602
Missouri,MO,MO:0:0,7,-91.729,40.614
Missouri,MO,MO:0:0,8,-91.682,40.553
Missouri,MO,MO:0:0,9,-91.625,40.544
Missouri,MO,MO:0:0,10,-91.617,40.505
Missouri,MO,MO:0:0,11,-91.485,40.384
Missouri,MO,MO:0:0,12,-91.419,40.378
Missouri,MO,MO:0:0,13,-91.462,40.342
Missouri,MO,MO:0:0,14,-91.507,40.236
Missouri,MO,MO:0:0,15,-91.51,40.128
Missouri,MO,MO:0:0,16,-91.495,40.036
Missouri,MO,MO:0:0,17,-91.421,39.915
Missouri,MO,MO:0:0,18,-91.448,39.878
Missouri,MO,MO:0:0,19,-91.43,39.838
Missouri,MO,MO:0:0,20,-91.362,39.785
Missouri,MO,MO:0:0,21,-91.37,39.733
Missouri,MO,MO:0:0,22,-91.241,39.63
Missouri,MO,MO:0:0,23,-91.186,39.605
Missouri,MO,MO:0:0,24,-91.148,39.546
Missouri,MO,MO:0:0,25,-91.1,39.539
Missouri,MO,MO:0:0,26,-91.059,39.469
Missouri,MO,MO:0:0,27,-90.994,39.423
Missouri,MO,MO:0:0,28,-90.84,39.34
Missouri,MO,MO:0:0,29,-90.727,39.251
Missouri,MO,MO:0:0,30,-90.683,39.088
Missouri,MO,MO:0:0,31,-90.713,39.057
Missouri,MO,MO:0:0,32,-90.661,38.925
Missouri,MO,MO:0:0,33,-90.583,38.869
Missouri,MO,MO:0:0,34,-90.544,38.875
Missouri,MO,MO:0:0,35,-90.451,38.968
Missouri,MO,MO:0:0,36,-90.309,38.924
Missouri,MO,MO:0:0,37,-90.25,38.919
Missouri,MO,MO:0:0,38,-90.113,38.849
Missouri,MO,MO:0:0,39,-90.123,38.798
Missouri,MO,MO:0:0,40,-90.166,38.773
Missouri,MO,MO:0:0,41,-90.212,38.712
Missouri,MO,MO:0:0,42,-90.183,38.665
Missouri,MO,MO:0:0,43,-90.192,38.599
Missouri,MO,MO:0:0,44,-90.26,38.528
Missouri,MO,MO:0:0,45,-90.295,38.427
Missouri,MO,MO:0:0,46,-90.35,38.378
Missouri,MO,MO:0:0,47,-90.374,38.282
Missouri,MO,MO:0:0,48,-90.354,38.214
Missouri,MO,MO:0:0,49,-90.275,38.158
Missouri,MO,MO:0:0,50,-90.243,38.113
Missouri,MO,MO:0:0,51,-90.131,38.062
Missouri,MO,MO:0:0,52,-90.008,37.97
Missouri,MO,MO:0:0,53,-89.974,37.919
Missouri,MO,MO:0:0,54,-89.902,37.87
Missouri,MO,MO:0:0,55,-89.845,37.906
Missouri,MO,MO:0:0,56,-89.796,37.86
Missouri,MO,MO:0:0,57,-89.74,37.847
Missouri,MO,MO:0:0,58,-89.583,37.713
Missouri,MO,MO:0:0,59,-89.512,37.686
Missouri,MO,MO:0:0,60,-89.516,37.536
Missouri,MO,MO:0:0,61,-89.422,37.397
Missouri,MO,MO:0:0,62,-89.436,37.344
Missouri,MO,MO:0:0,63,-89.491,37.331
Missouri,MO,MO:0:0,64,-89.518,37.285
Missouri,MO,MO:0:0,65,-89.461,37.251
Missouri,MO,MO:0:0,66,-89.462,37.2
Missouri,MO,MO:0:0,67,-89.376,37.086
Missouri,MO,MO:0:0,68,-89.378,37.04
Missouri,MO,MO:0:0,69,-89.292,36.992
Missouri,MO,MO:0:0,70,-89.198,37.012
Missouri,MO,MO:0:0,71,-89.133,36.982
Missouri,MO,MO:0:0,72,-89.101,36.944
Missouri,MO,MO:0:0,73,-89.138,36.847
Missouri,MO,MO:0:0,74,-89.177,36.807
Missouri,MO,MO:0:0,75,-89.167,36.76
Missouri,MO,MO:0:0,76,-89.199,36.716
Missouri,MO,MO:0:0,77,-89.159,36.666
Missouri,MO,MO:0:0,78,-89.227,36.569
Missouri,MO,MO:0:0,79,-89.258,36.565
Missouri,MO,MO:0:0,80,-89.327,36.632
Missouri,MO,MO:0:0,81,-89.375,36.616
Missouri,MO,MO:0:0,82,-89.417,36.499
Missouri,MO,MO:0:0,83,-89.485,36.497
Missouri,MO,MO:0:0,84,-89.485,36.572
Missouri,MO,MO:0:0,85,-89.553,36.577
Missouri,MO,MO:0:0,86,-89.571,36.547
Missouri,MO,MO:0:0,87,-89.539,36.498
Missouri,MO,MO:0:0,88,-89.542,36.42
Missouri,MO,MO:0:0,89,-89.51,36.374
Missouri,MO,MO:0:0,90,-89.532,36.339
Missouri,MO,MO:0:0,91,-89.611,36.34
Missouri,MO,MO:0:0,92,-89.612,36.309
Missouri,MO,MO:0:0,93,-89.536,36.271
Missouri,MO,MO:0:0,94,-89.587,36.239
Missouri,MO,MO:0:0,95,-89.695,36.253
Missouri,MO,MO:0:0,96,-89.693,36.225
Missouri,MO,MO:0:0,97,-89.607,36.171
Missouri,MO,MO:0:0,98,-89.594,36.127
Missouri,MO,MO:0:0,99,-89.68,36.082
Missouri,MO,MO:0:0,100,-89.687,36.034
Missouri,MO,MO:0:0,101,-89.733,36.001
Missouri,MO,MO:0:0,102,-90.378,35.996
Missouri,MO,MO:0:0,103,-90.319,36.09
Missouri,MO,MO:0:0,104,-90.236,36.139
Missouri,MO,MO:0:0,105,-90.183,36.205
Missouri,MO,MO:0:0,106,-90.084,36.272
Missouri,MO,MO:0:0,107,-90.066,36.386
Missouri,MO,MO:0:0,108,-90.144,36.424
Missouri,MO,MO:0:0,109,-90.152,36.498
Missouri,MO,MO:0:0,110,-90.693,36.499
Missouri,MO,MO:0:0,111,-91.405,36.497
Missouri,MO,MO:0:0,112,-92.35,36.498
Missouri,MO,MO:0:0,113,-93.126,36.498
Missouri,MO,MO:0:0,114,-94.111,36.499
Missouri,MO,MO:0:0,115,-94.618,36.499
Missouri,MO,MO:0:0,116,-94.618,36.999
Missouri,MO,MO:0:0,117,-94.618,37.773
Missouri,MO,MO:0:0,118,-94.613,38.218
Missouri,MO,MO:0:0,119,-94.612,38.62
Missouri,MO,MO:0:0,120,-94.607,39.119
Missouri,MO,MO:0:0,121,-94.616,39.16
Missouri,MO,MO:0:0,122,-94.687,39.184
Missouri,MO,MO:0:0,123,-94.737,39.169
Missouri,MO,MO:0:0,124,-94.824,39.21
Missouri,MO,MO:0:0,125,-94.846,39.268
Missouri,MO,MO:0:0,126,-94.9,39.3
Missouri,MO,MO:0:0,127,-94.923,39.384
Missouri,MO,MO:0:0,128,-95.103,39.533
Missouri,MO,MO:0:0,129,-95.057,39.581
Missouri,MO,MO:0:0,130,-95.028,39.665
Missouri,MO,MO:0:0,131,-94.969,39.693
Missouri,MO,MO:0:0,132,-94.955,39.746
Missouri,MO,MO:0:0,133,-94.887,39.833
Missouri,MO,MO:0:0,134,-94.943,39.857
Missouri,MO,MO:0:0,135,-94.959,39.902
Missouri,MO,MO:0:0,136,-95.019,39.897
Missouri,MO,MO:0:0,137,-95.082,39.862
Missouri,MO,MO:0:0,138,-95.206,39.908
Missouri,MO,MO:0:0,139,-95.308,40.0
Missouri,MO,MO:0:0,140,-95.422,40.059
Missouri,MO,MO:0:0,141,-95.399,40.126
Missouri,MO,MO:0:0,142,-95.476,40.182
Missouri,MO,MO:0:0,143,-95.47,40.228
Missouri,MO,MO:0:0,144,-95.61,40.314
Missouri,MO,MO:0:0,145,-95.693,40.469
Missouri,MO,MO:0:0,146,-95.697,40.528
Missouri,MO,MO:0:0,147,-95.757,40.526
North Carolina,NC,NC:0:0,0,-76.014,35.069
North Carolina,NC,NC:0:0,1,-75.984,35.12
North Carolina,NC,NC:0:0,2,-75.641,35.234
North Carolina,NC,NC:0:0,3,-75.536,35.273
North Carolina,NC,NC:0:0,4,-75.526,35.234
North Carolina,NC,NC:0:0,5,-75.61,35.228
North Carolina,NC,NC:0:0,6,-75.77,35.18
North Carolina,NC,NC:1:0,0,-81.678,36.588
North Carolina,NC,NC:1:0,1,-80.838,36.559
North Carolina,NC,NC:1:0,2,-80.705,36.562
North Carolina,NC,NC:1:0,3,-80.295,36.544
North Carolina,NC,NC:1:0,4,-79.511,36.541
North Carolina,NC,NC:1:0,5,-78.979,36.542
North Carolina,NC,NC:1:0,6,-78.51,36.541
North Carolina,NC,NC:1:0,7,-77.75,36.546
North Carolina,NC,NC:1:0,8,-76.916,36.544
North Carolina,NC,NC:1:0,9,-76.807,36.551
North Carolina,NC,NC:1:0,10,-76.313,36.551
North Carolina,NC,NC:1:0,11,-75.867,36.551
North Carolina,NC,NC:1:0,12,-75.819,36.358
North Carolina,NC,NC:1:0,13,-75.773,36.229
North Carolina,NC,NC:1:0,14,-75.718,36.114
North Carolina,NC,NC:1:0,15,-75.659,36.02
North Carolina,NC,NC:1:0,16,-75.724,36.003
North Carolina,NC,NC:1:0,17,-75.759,36.152
North Carolina,NC,NC:1:0,18,-75.814,36.285
North Carolina,NC,NC:1:0,19,-75.851,36.416
North Carolina,NC,NC:1:0,20,-75.9,36.482
North Carolina,NC,NC:1:0,21,-75.99,36.494
North Carolina,NC,NC:1:0,22,-76.02,36.459
North Carolina,NC,NC:1:0,23,-75.924,36.368
North Carolina,NC,NC:1:0,24,-75.8,36.113
North Carolina,NC,NC:1:0,25,-75.868,36.127
North Carolina,NC,NC:1:0,26,-75.864,36.159
North Carolina,NC,NC:1:0,27,-75.911,36.212
North Carolina,NC,NC:1:0,28,-76.017,36.186
North Carolina,NC,NC:1:0,29,-76.132,36.288
North Carolina,NC,NC:1:0,30,-76.149,36.264
North Carolina,NC,NC:1:0,31,-76.08,36.199
North Carolina,NC,NC:1:0,32,-76.072,36.14
North Carolina,NC,NC:1:0,33,-76.179,36.123
North Carolina,NC,NC:1:0,34,-76.217,36.095
North Carolina,NC,NC:1:0,35,-76.265,36.105
North Carolina,NC,NC:1:0,36,-76.411,36.078
North Carolina,NC,NC:1:0,37,-76.459,36.024
North Carolina,NC,NC:1:0,38,-76.576,36.006
North Carolina,NC,NC:1:0,39,-76.615,36.038
North Carolina,NC,NC:1:0,40,-76.676,36.044
North Carolina,NC,NC:1:0,41,-76.674,35.935
North Carolina,NC,NC:1:0,42,-76.529,35.944
North Carolina,NC,NC:1:0,43,-76.398,35.984
North Carolina,NC,NC:1:0,44,-76.363,35.942
North Carolina,NC,NC:1:0,45,-76.177,35.993
North Carolina,NC,NC:1:0,46,-76.062,35.993
North Carolina,NC,NC:1:0,47,-76.014,35.957
North Carolina,NC,NC:1:0,48,-76.014,35.921
North Carolina,NC,NC:1:0,49,-76.063,35.853
North Carolina,NC,NC:1:0,50,-76.047,35.718
North Carolina,NC,NC:1:0,51,-75.987,35.768
North Carolina,NC,NC:1:0,52,-75.978,35.897
North Carolina,NC,NC:1:0,53,-75.899,35.977
North Carolina,NC,NC:1:0,54,-75.85,35.976
North Carolina,NC,NC:1:0,55,-75.782,35.936
North Carolina,NC,NC:1:0,56,-75.727,35.811
North Carolina,NC,NC:1:0,57,-75.739,35.771
North Carolina,NC,NC:1:0,58,-75.714,35.694
North Carolina,NC,NC:1:0,59,-75.73,35.626
North Carolina,NC,NC:1:0,60,-75.837,35.571
North Carolina,NC,NC:1:0,61,-75.895,35.573
North Carolina,NC,NC:1:0,62,-75.996,35.475
North Carolina,NC,NC:1:0,63,-76.011,35.423
North Carolina,NC,NC:1:0,64,-76.064,35.405
North Carolina,NC,NC:1:0,65,-76.069,35.371
North Carolina,NC,NC:1:0,66,-76.143,35.329
North Carolina,NC,NC:1:0,67,-76.341,35.347
North Carolina,NC,NC:1:0,68,-76.486,35.371
North Carolina,NC,NC:1:0,69,-76.54,35.411
North Carolina,NC,NC:1:0,70,-76.586,35.509
North Carolina,NC,NC:1:0,71,-76.477,35.512
North Carolina,NC,NC:1:0,72,-76.484,35.538
North Carolina,NC,NC:1:0,73,-76.6,35.539
North Carolina,NC,NC:1:0,74,-76.634,35.51
North Carolina,NC,NC:1:0,75,-76.601,35.461
North Carolina,NC,NC:1:0,76,-76.606,35.387
North Carolina,NC,NC:1:0,77,-76.71,35.427
North Carolina,NC,NC:1:0,78,-76.759,35.419
North Carolina,NC,NC:1:0,79,-76.831,35.448
North Carolina,NC,NC:1:0,80,-77.027,35.491
North Carolina,NC,NC:1:0,81,-76.967,35.438
North Carolina,NC,NC:1:0,82,-76.892,35.434
North Carolina,NC,NC:1:0,83,-76.664,35.346
North Carolina,NC,NC:1:0,84,-76.5,35.322
North Carolina,NC,NC:1:0,85,-76.468,35.261
North Carolina,NC,NC:1:0,86,-76.54,35.167
North Carolina,NC,NC:1:0,87,-76.546,35.123
North Carolina,NC,NC:1:0,88,-76.6,35.068
North Carolina,NC,NC:1:0,89,-76.801,34.964
North Carolina,NC,NC:1:0,90,-76.983,35.061
North Carolina,NC,NC:1:0,91,-76.977,35.005
North Carolina,NC,NC:1:0,92,-76.894,34.957
North Carolina,NC,NC:1:0,93,-76.763,34.92
North Carolina,NC,NC:1:0,94,-76.635,34.989
North Carolina,NC,NC:1:0,95,-76.503,35.007
North Carolina,NC,NC:1:0,96,-76.475,35.07
North Carolina,NC,NC:1:0,97,-76.436,35.058
North Carolina,NC,NC:1:0,98,-76.396,34.975
North Carolina,NC,NC:1:0,99,-76.332,34.971
North Carolina,NC,NC:1:0,100,-76.278,34.94
North Carolina,NC,NC:1:0,101,-76.348,34.872
North Carolina,NC,NC:1:0,102,-76.449,34.815
North Carolina,NC,NC:1:0,103,-76.502,34.743
North Carolina,NC,NC:1:0,104,-76.525,34.682
North Carolina,NC,NC:1:0,105,-76.323,34.861
North Carolina,NC,NC:1:0,106,-76.494,34.662
North Carolina,NC,NC:1:0,107,-76.549,34.646
North Carolina,NC,NC:1:0,108,-76.676,34.693
North Carolina,NC,NC:1:0,109,-76.77,34.697
North Carolina,NC,NC:1:0,110,-77.031,34.661
North Carolina,NC,NC:1:0,111,-77.209,34.605
North Carolina,NC,NC:1:0,112,-77.323,34.536
North Carolina,NC,NC:1:0,113,-77.463,34.471
North Carolina,NC,NC:1:0,114,-77.582,34.401
North Carolina,NC,NC:1:0,115,-77.74,34.273
North Carolina,NC,NC:1:0,116,-77.829,34.163
North Carolina,NC,NC:1:0,117,-77.947,33.912
North Carolina,NC,NC:1:0,118,-77.96,33.853
North Carolina,NC,NC:1:0,119,-78.019,33.888
North Carolina,NC,NC:1:0,120,-78.178,33.914
North Carolina,NC,NC:1:0,121,-78.384,33.902
North Carolina,NC,NC:1:0,122,-78.541,33.851
North Carolina,NC,NC:1:0,123,-78.875,34.134
North Carolina,NC,NC:1:0,124,-79.25,34.45
North Carolina,NC,NC:1:0,125,-79.358,34.545
North Carolina,NC,NC:1:0,126,-79.675,34.805
North Carolina,NC,NC:1:0,127,-79.871,34.805
North Carolina,NC,NC:1:0,128,-80.5,34.817
North Carolina,NC,NC:1:0,129,-80.798,34.82
North Carolina,NC,NC:1:0,130,-80.782,34.936
North Carolina,NC,NC:1:0,131,-80.935,35.107
North Carolina,NC,NC:1:0,132,-81.041,35.045
North Carolina,NC,NC:1:0,133,-81.057,35.086
North Carolina,NC,NC:1:0,134,-81.044,35.15
North Carolina,NC,NC:1:0,135,-81.716,35.179
North Carolina,NC,NC:1:0,136,-82.177,35.194
North Carolina,NC,NC:1:0,137,-82.275,35.2
North Carolina,NC,NC:1:0,138,-82.46,35.178
North Carolina,NC,NC:1:0,139,-82.61,35.139
North Carolina,NC,NC:1:0,140,-82.754,35.07
North Carolina,NC,NC:1:0,141,-82.783,35.086
North Carolina,NC,NC:1:0,142,-83.109,35.001
North Carolina,NC,NC:1:0,143,-83.62,34.992
North Carolina,NC,NC:1:0,144,-83.62,34.987
North Carolina,NC,NC:1:0,145,-84.322,34.988
North Carolina,NC,NC:1:0,146,-84.29,35.226
North Carolina,NC,NC:1:0,147,-84.224,35.269
North Carolina,NC,NC:1:0,148,-84.199,35.244
North Carolina,NC,NC:1:0,149,-84.098,35.247
North Carolina,NC,NC:1:0,150,-84.021,35.301
North Carolina,NC,NC:1:0,151,-84.038,35.348
North Carolina,NC,NC:1:0,152,-84.022,35.404
North Carolina,NC,NC:1:0,153,-83.961,35.464
North Carolina,NC,NC:1:0,154,-83.912,35.476
North Carolina,NC,NC:1:0,155,-83.883,35.517
North Carolina,NC,NC:1:0,156,-83.826,35.524
North Carolina,NC,NC:1:0,157,-83.772,35.562
North Carolina,NC,NC:1:0,158,-83.63,35.568
North Carolina,NC,NC:1:0,159,-83.498,35.563
North Carolina,NC,NC:1:0,160,-83.446,35.612
North Carolina,NC,NC:1:0,161,-83.313,35.655
North Carolina,NC,NC:1:0,162,-83.241,35.727
North Carolina,NC,NC:1:0,163,-83.186,35.73
North Carolina,NC,NC:1:0,164,-83.159,35.765
North Carolina,NC,NC:1:0,165,-83.079,35.789
North Carolina,NC,NC:1:0,166,-82.992,35.774
North Carolina,NC,NC:1:0,167,-82.901,35.873
North Carolina,NC,NC:1:0,168,-82.899,35.945
North Carolina,NC,NC:1:0,169,-82.826,35.93
North Carolina,NC,NC:1:0,170,-82.785,35.988
North Carolina,NC,NC:1:0,171,-82.632,36.066
North Carolina,NC,NC:1:0,172,-82.595,36.03
North Carolina,NC,NC:1:0,173,-82.611,35.967
North Carolina,NC,NC:1:0,174,-82.55,35.964
North Carolina,NC,NC:1:0,175,-82.461,36.008
North Carolina,NC,NC:1:0,176,-82.409,36.083
North Carolina,NC,NC:1:0,177,-82.289,36.136
North Carolina,NC,NC:1:0,178,-82.205,36.157
North Carolina,NC,NC:1:0,179,-82.148,36.15
North Carolina,NC,NC:1:0,180,-82.131,36.106
North Carolina,NC,NC:1:0,181,-82.033,36.12
North Carolina,NC,NC:1:0,182,-81.908,36.302
North Carolina,NC,NC:1:0,183,-81.795,36.358
North Carolina,NC,NC:1:0,184,-81.723,36.355
North Carolina,NC,NC:1:0,185,-81.738,36.411
North Carolina,NC,NC:1:0,186,-81.695,36.468
North Carolina,NC,NC:1:0,187,-81.708,36.536
Oklahoma,OK,OK:0:0,0,-103.002,37.0
Oklahoma,OK,OK:0:0,1,-102.698,36.995
Oklahoma,OK,OK:0:0,2,-102.042,36.993
Oklahoma,OK,OK:0:0,3,-101.358,36.996
Oklahoma,OK,OK:0:0,4,-100.735,36.999
Oklahoma,OK,OK:0:0,5,-100.202,37.002
Oklahoma,OK,OK:0:0,6,-99.649,37.0
Oklahoma,OK,OK:0:0,7,-99.029,37.0
Oklahoma,OK,OK:0:0,8,-98.354,36.998
Oklahoma,OK,OK:0:0,9,-97.462,36.999
Oklahoma,OK,OK:0:0,10,-97.03,36.999
Oklahoma,OK,OK:0:0,11,-96.5,36.999
Oklahoma,OK,OK:0:0,12,-96.001,36.999
Oklahoma,OK,OK:0:0,13,-95.408,36.999
Oklahoma,OK,OK:0:0,14,-94.618,36.999
Oklahoma,OK,OK:0:0,15,-94.618,36.499
Oklahoma,OK,OK:0:0,16,-94.523,35.934
Oklahoma,OK,OK:0:0,17,-94.431,35.394
Oklahoma,OK,OK:0:0,18,-94.458,34.643
Oklahoma,OK,OK:0:0,19,-94.47,34.19
Oklahoma,OK,OK:0:0,20,-94.486,33.638
Oklahoma,OK,OK:0:0,21,-94.652,33.691
Oklahoma,OK,OK:0:0,22,-94.708,33.687
Oklahoma,OK,OK:0:0,23,-94.775,33.755
Oklahoma,OK,OK:0:0,24,-94.831,33.74
Oklahoma,OK,OK:0:0,25,-94.92,33.786
Oklahoma,OK,OK:0:0,26,-94.964,33.837
Oklahoma,OK,OK:0:0,27,-95.049,33.864
Oklahoma,OK,OK:0:0,28,-95.131,33.937
Oklahoma,OK,OK:0:0,29,-95.23,33.961
Oklahoma,OK,OK:0:0,30,-95.253,33.905
Oklahoma,OK,OK:0:0,31,-95.295,33.875
Oklahoma,OK,OK:0:0,32,-95.408,33.866
Oklahoma,OK,OK:0:0,33,-95.533,33.881
Oklahoma,OK,OK:0:0,34,-95.563,33.932
Oklahoma,OK,OK:0:0,35,-95.714,33.885
Oklahoma,OK,OK:0:0,36,-95.828,33.836
Oklahoma,OK,OK:0:0,37,-95.935,33.887
Oklahoma,OK,OK:0:0,38,-95.941,33.862
Oklahoma,OK,OK:0:0,39,-96.049,33.836
Oklahoma,OK,OK:0:0,40,-96.148,33.838
Oklahoma,OK,OK:0:0,41,-96.169,33.77
Oklahoma,OK,OK:0:0,42,-96.229,33.748
Oklahoma,OK,OK:0:0,43,-96.277,33.77
Oklahoma,OK,OK:0:0,44,-96.343,33.687
Oklahoma,OK,OK:0:0,45,-96.423,33.776
Oklahoma,OK,OK:0:0,46,-96.5,33.773
Oklahoma,OK,OK:0:0,47,-96.527,33.821
Oklahoma,OK,OK:0:0,48,-96.623,33.841
Oklahoma,OK,OK:0:0,49,-96.597,33.875
Oklahoma,OK,OK:0:0,50,-96.673,33.912
Oklahoma,OK,OK:0:0,51,-96.691,33.85
Oklahoma,OK,OK:0:0,52,-96.762,33.824
Oklahoma,OK,OK:0:0,53,-96.794,33.869
Oklahoma,OK,OK:0:0,54,-96.866,33.853
Oklahoma,OK,OK:0:0,55,-96.922,33.96
Oklahoma,OK,OK:0:0,56,-96.995,33.932
Oklahoma,OK,OK:0:0,57,-96.986,33.887
Oklahoma,OK,OK:0:0,58,-97.095,33.799
Oklahoma,OK,OK:0:0,59,-97.097,33.728
Oklahoma,OK,OK:0:0,60,-97.172,33.738
Oklahoma,OK,OK:0:0,61,-97.205,33.801
Oklahoma,OK,OK:0:0,62,-97.167,33.847
Oklahoma,OK,OK:0:0,63,-97.211,33.916
Oklahoma,OK,OK:0:0,64,-97.272,33.863
Oklahoma,OK,OK:0:0,65,-97.337,33.873
Oklahoma,OK,OK:0:0,66,-97.373,33.819
Oklahoma,OK,OK:0:0,67,-97.463,33.842
Oklahoma,OK,OK:0:0,68,-97.46,33.904
Oklahoma,OK,OK:0:0,69,-97.501,33.92
Oklahoma,OK,OK:0:0,70,-97.552,33.898
Oklahoma,OK,OK:0:0,71,-97.589,33.952
Oklahoma,OK,OK:0:0,72,-97.672,33.991
Oklahoma,OK,OK:0:0,73,-97.834,33.858
Oklahoma,OK,OK:0:0,74,-97.866,33.849
Oklahoma,OK,OK:0:0,75,-97.968,33.882
Oklahoma,OK,OK:0:0,76,-97.946,33.988
Oklahoma,OK,OK:0:0,77,-98.083,34.002
Oklahoma,OK,OK:0:0,78,-98.119,34.084
Oklahoma,OK,OK:0:0,79,-98.169,34.114
Oklahoma,OK,OK:0:0,80,-98.3,34.135
Oklahoma,OK,OK:0:0,81,-98.364,34.157
Oklahoma,OK,OK:0:0,82,-98.418,34.083
Oklahoma,OK,OK:0:0,83,-98.486,34.063
Oklahoma,OK,OK:0:0,84,-98.577,34.149
Oklahoma,OK,OK:0:0,85,-98.648,34.164
Oklahoma,OK,OK:0:0,86,-98.69,34.133
Oklahoma,OK,OK:0:0,87,-98.766,34.136
Oklahoma,OK,OK:0:0,88,-98.909,34.177
Oklahoma,OK,OK:0:0,89,-98.95,34.212
Oklahoma,OK,OK:0:0,90,-99.043,34.198
Oklahoma,OK,OK:0:0,91,-99.19,34.214
Oklahoma,OK,OK:0:0,92,-99.213,34.34
Oklahoma,OK,OK:0:0,93,-99.261,34.403
Oklahoma,OK,OK:0:0,94,-99.395,34.442
Oklahoma,OK,OK:0:0,95,-99.397,34.378
Oklahoma,OK,OK:0:0,96,-99.441,34.374
Oklahoma,OK,OK:0:0,97,-99.5,34.41
Oklahoma,OK,OK:0:0,98,-99.58,34.417
Oklahoma,OK,OK:0:0,99,-99.6,34.375
Oklahoma,OK,OK:0:0,100,-99.696,34.381
Oklahoma,OK,OK:0:0,101,-99.754,34.421
Oklahoma,OK,OK:0:0,102,-99.887,34.549
Oklahoma,OK,OK:0:0,103,-99.946,34.579
Oklahoma,OK,OK:0:0,104,-100.0,34.561
Oklahoma,OK,OK:0:0,105,-100.0,35.03
Oklahoma,OK,OK:0:0,106,-100.0,35.619
Oklahoma,OK,OK:0:0,107,-100.0,36.056
Oklahoma,OK,OK:0:0,108,-100.0,36.5
Oklahoma,OK,OK:0:0,109,-100.522,36.499
Oklahoma,OK,OK:0:0,110,-101.085,36.499
Oklahoma,OK,OK:0:0,111,-101.624,36.5
Oklahoma,OK,OK:0:0,112,-102.25,36.5
Oklahoma,OK,OK:0:0,113,-103.002,36.5
West Virginia,WV,WV:0:0,0,-82.594,38.422
West Virginia,WV,WV:0:0,1,-82.53,38.405
West Virginia,WV,WV:0:0,2,-82.405,38.439
West Virginia,WV,WV:0:0,3,-82.324,38.449
West Virginia,WV,WV:0:0,4,-82.291,38.579
West Virginia,WV,WV:0:0,5,-82.189,38.595
West Virginia,WV,WV:0:0,6,-82.172,38.626
West Virginia,WV,WV:0:0,7,-82.182,38.709
West Virginia,WV,WV:0:0,8,-82.217,38.796
West Virginia,WV,WV:0:0,9,-82.145,38.84
West Virginia,WV,WV:0:0,10,-82.143,38.898
West Virginia,WV,WV:0:0,11,-82.089,38.976
West Virginia,WV,WV:0:0,12,-82.036,39.025
West Virginia,WV,WV:0:0,13,-81.933,38.988
West Virginia,WV,WV:0:0,14,-81.901,38.938
West Virginia,WV,WV:0:0,15,-81.927,38.901
West Virginia,WV,WV:0:0,16,-81.889,38.874
West Virginia,WV,WV:0:0,17,-81.844,38.929
West Virginia,WV,WV:0:0,18,-81.782,38.965
West Virginia,WV,WV:0:0,19,-81.764,39.015
West Virginia,WV,WV:0:0,20,-81.812,39.06
West Virginia,WV,WV:0:0,21,-81.752,39.09
West Virginia,WV,WV:0:0,22,-81.756,39.177
West Virginia,WV,WV:0:0,23,-81.691,39.228
West Virginia,WV,WV:0:0,24,-81.678,39.274
West Virginia,WV,WV:0:0,25,-81.57,39.268
West Virginia,WV,WV:0:0,26,-81.558,39.339
West Virginia,WV,WV:0:0,27,-81.456,39.409
West Virginia,WV,WV:0:0,28,-81.348,39.346
West Virginia,WV,WV:0:0,29,-81.271,39.386
West Virginia,WV,WV:0:0,30,-81.224,39.386
West Virginia,WV,WV:0:0,31,-81.186,39.431
West Virginia,WV,WV:0:0,32,-81.134,39.445
West Virginia,WV,WV:0:0,33,-81.024,39.552
West Virginia,WV,WV:0:0,34,-80.933,39.615
West Virginia,WV,WV:0:0,35,-80.88,39.621
West Virginia,WV,WV:0:0,36,-80.865,39.753
West Virginia,WV,WV:0:0,37,-80.793,39.864
West Virginia,WV,WV:0:0,38,-80.803,39.919
West Virginia,WV,WV:0:0,39,-80.74,39.971
West Virginia,WV,WV:0:0,40,-80.705,40.155
West Virginia,WV,WV:0:0,41,-80.6,40.318
West Virginia,WV,WV:0:0,42,-80.611,40.438
West Virginia,WV,WV:0:0,43,-80.599,40.483
West Virginia,WV,WV:0:0,44,-80.667,40.574
West Virginia,WV,WV:0:0,45,-80.627,40.62
West Virginia,WV,WV:0:0,46,-80.577,40.614
West Virginia,WV,WV:0:0,47,-80.519,40.639
West Virginia,WV,WV:0:0,48,-80.519,40.096
West Virginia,WV,WV:0:0,49,-80.519,39.721
West Virginia,WV,WV:0:0,50,-79.853,39.721
West Virginia,WV,WV:0:0,51,-79.477,39.721
West Virginia,WV,WV:0:0,52,-79.487,39.206
West Virginia,WV,WV:0:0,53,-79.44,39.217
West Virginia,WV,WV:0:0,54,-79.387,39.266
West Virginia,WV,WV:0:0,55,-79.254,39.337
West Virginia,WV,WV:0:0,56,-79.13,39.42
West Virginia,WV,WV:0:0,57,-79.095,39.463
West Virginia,WV,WV:0:0,58,-78.953,39.464
West Virginia,WV,WV:0:0,59,-78.875,39.523
West Virginia,WV,WV:0:0,60,-78.826,39.589
West Virginia,WV,WV:0:0,61,-78.767,39.587
West Virginia,WV,WV:0:0,62,-78.689,39.546
West Virginia,WV,WV:0:0,63,-78.566,39.519
West Virginia,WV,WV:0:0,64,-78.463,39.521
West Virginia,WV,WV:0:0,65,-78.421,39.624
West Virginia,WV,WV:0:0,66,-78.352,39.64
West Virginia,WV,WV:0:0,67,-78.267,39.619
West Virginia,WV,WV:0:0,68,-78.171,39.696
West Virginia,WV,WV:0:0,69,-78.078,39.669
West Virginia,WV,WV:0:0,70,-78.011,39.604
West Virginia,WV,WV:0:0,71,-77.887,39.613
West Virginia,WV,WV:0:0,72,-77.886,39.552
West Virginia,WV,WV:0:0,73,-77.795,39.481
West Virginia,WV,WV:0:0,74,-77.788,39.429
West Virginia,WV,WV:0:0,75,-77.736,39.388
West Virginia,WV,WV:0:0,76,-77.758,39.335
West Virginia,WV,WV:0:0,77,-77.72,39.321
West Virginia,WV,WV:0:0,78,-77.747,39.295
West Virginia,WV,WV:0:0,79,-77.828,39.132
West Virginia,WV,WV:0:0,80,-78.347,39.466
West Virginia,WV,WV:0:0,81,-78.34,39.353
West Virginia,WV,WV:0:0,82,-78.419,39.257
West Virginia,WV,WV:0:0,83,-78.439,39.198
West Virginia,WV,WV:0:0,84,-78.404,39.167
West Virginia,WV,WV:0:0,85,-78.572,39.032
West Virginia,WV,WV:0:0,86,-78.602,38.965
West Virginia,WV,WV:0:0,87,-78.647,38.968
West Virginia,WV,WV:0:0,88,-78.68,38.925
West Virginia,WV,WV:0:0,89,-78.739,38.927
West Virginia,WV,WV:0:0,90,-78.788,38.885
West Virginia,WV,WV:0:0,91,-78.869,38.763
West Virginia,WV,WV:0:0,92,-78.994,38.85
West Virginia,WV,WV:0:0,93,-79.073,38.748
West Virginia,WV,WV:0:0,94,-79.093,38.66
West Virginia,WV,WV:0:0,95,-79.13,38.655
West Virginia,WV,WV:0:0,96,-79.211,38.493
West Virginia,WV,WV:0:0,97,-79.312,38.412
West Virginia,WV,WV:0:0,98,-79.477,38.457
West Virginia,WV,WV:0:0,99,-79.537,38.551
West Virginia,WV,WV:0:0,100,-79.649,38.592
West Virginia,WV,WV:0:0,101,-79.699,38.475
West Virginia,WV,WV:0:0,102,-79.69,38.431
West Virginia,WV,WV:0:0,103,-79.744,38.354
West Virginia,WV,WV:0:0,104,-79.81,38.305
West Virginia,WV,WV:0:0,105,-79.788,38.273
West Virginia,WV,WV:0:0,106,-79.898,38.193
West Virginia,WV,WV:0:0,107,-79.926,38.107
West Virginia,WV,WV:0:0,108,-80.003,37.993
West Virginia,WV,WV:0:0,109,-80.162,37.875
West Virginia,WV,WV:0:0,110,-80.257,37.756
West Virginia,WV,WV:0:0,111,-80.296,37.692
West Virginia,WV,WV:0:0,112,-80.259,37.595
West Virginia,WV,WV:0:0,113,-80.329,37.564
West Virginia,WV,WV:0:0,114,-80.3,37.508
West Virginia,WV,WV:0:0,115,-80.476,37.423
West Virginia,WV,WV:0:0,116,-80.515,37.479
West Virginia,WV,WV:0:0,117,-80.552,37.474
West Virginia,WV,WV:0:0,118,-80.705,37.395
West Virginia,WV,WV:0:0,119,-80.784,37.395
West Virginia,WV,WV:0:0,120,-80.857,37.427
West Virginia,WV,WV:0:0,121,-80.883,37.384
West Virginia,WV,WV:0:0,122,-80.849,37.347
West Virginia,WV,WV:0:0,123,-80.948,37.296
West Virginia,WV,WV:0:0,124,-80.98,37.302
West Virginia,WV,WV:0:0,125,-81.113,37.278
West Virginia,WV,WV:0:0,126,-81.225,37.235
West Virginia,WV,WV:0:0,127,-81.362,37.338
West Virginia,WV,WV:0:0,128,-81.417,37.273
West Virginia,WV,WV:0:0,129,-81.448,37.271
West Virginia,WV,WV:0:0,130,-81.561,37.207
West Virginia,WV,WV:0:0,131,-81.678,37.201
West Virginia,WV,WV:0:0,132,-81.762,37.276
West Virginia,WV,WV:0:0,133,-81.854,37.307
West Virginia,WV,WV:0:0,134,-81.928,37.361
West Virginia,WV,WV:0:0,135,-81.949,37.446
West Virginia,WV,WV:0:0,136,-81.997,37.477
West Virginia,WV,WV:0:0,137,-81.941,37.509
West Virginia,WV,WV:0:0,138,-81.968,37.538
West Virginia,WV,WV:0:0,139,-82.055,37.537
West Virginia,WV,WV:0:0,140,-82.117,37.56
West Virginia,WV,WV:0:0,141,-82.132,37.594
West Virginia,WV,WV:0:0,142,-82.213,37.625
West Virginia,WV,WV:0:0,143,-82.296,37.687
West Virginia,WV,WV:0:0,144,-82.34,37.786
West Virginia,WV,WV:0:0,145,-82.42,37.847
West Virginia,WV,WV:0:0,146,-82.421,37.886
West Virginia,WV,WV:0:0,147,-82.502,37.933
West Virginia,WV,WV:0:0,148,-82.464,37.983
West Virginia,WV,WV:0:0,149,-82.518,38.002
West Virginia,WV,WV:0:0,150,-82.551,38.071
West Virginia,WV,WV:0:0,151,-82.637,38.139
West Virginia,WV,WV:0:0,152,-82.575,38.264
West Virginia,WV,WV:0:0,153,-82.598,38.345
New York,NY,NY:0:0,0,-74.087,40.652
New York,NY,NY:0:0,1,-74.053,40.604
New York,NY,NY:0:0,2,-74.113,40.548
New York,NY,NY:0:0,3,-74.22,40.503
New York,NY,NY:0:0,4,-74.261,40.502
New York,NY,NY:0:0,5,-74.217,40.559
New York,NY,NY:0:0,6,-74.202,40.631
New York,NY,NY:1:0,0,-79.762,42.27
New York,NY,NY:1:0,1,-79.645,42.316
New York,NY,NY:1:0,2,-79.429,42.428
New York,NY,NY:1:0,3,-79.352,42.489
New York,NY,NY:1:0,4,-79.243,42.532
New York,NY,NY:1:0,5,-79.149,42.554
New York,NY,NY:1:0,6,-79.111,42.613
New York,NY,NY:1:0,7,-79.064,42.645
New York,NY,NY:1:0,8,-79.049,42.689
New York,NY,NY:1:0,9,-78.918,42.737
New York,NY,NY:1:0,10,-78.853,42.784
New York,NY,NY:1:0,11,-78.859,42.841
New York,NY,NY:1:0,12,-78.932,42.956
New York,NY,NY:1:0,13,-79.012,42.985
New York,NY,NY:1:0,14,-79.011,43.064
New York,NY,NY:1:0,15,-79.074,43.078
New York,NY,NY:1:0,16,-79.042,43.144
New York,NY,NY:1:0,17,-79.07,43.262
New York,NY,NY:1:0,18,-78.634,43.358
New York,NY,NY:1:0,19,-78.489,43.375
New York,NY,NY:1:0,20,-78.234,43.369
New York,NY,NY:1:0,21,-78.105,43.376
New York,NY,NY:1:0,22,-77.976,43.369
New York,NY,NY:1:0,23,-77.757,43.337
New York,NY,NY:1:0,24,-77.577,43.243
New York,NY,NY:1:0,25,-77.391,43.276
New York,NY,NY:1:0,26,-77.112,43.288
New York,NY,NY:1:0,27,-76.952,43.271
New York,NY,NY:1:0,28,-76.904,43.292
New York,NY,NY:1:0,29,-76.769,43.318
New York,NY,NY:1:0,30,-76.698,43.344
New York,NY,NY:1:0,31,-76.631,43.413
New York,NY,NY:1:0,32,-76.411,43.523
New York,NY,NY:1:0,33,-76.297,43.513
New York,NY,NY:1:0,34,-76.236,43.529
New York,NY,NY:1:0,35,-76.203,43.575
New York,NY,NY:1:0,36,-76.197,43.65
New York,NY,NY:1:0,37,-76.229,43.804
New York,NY,NY:1:0,38,-76.299,43.839
New York,NY,NY:1:0,39,-76.26,43.882
New York,NY,NY:1:0,40,-76.203,43.863
New York,NY,NY:1:0,41,-76.127,43.898
New York,NY,NY:1:0,42,-76.137,43.935
New York,NY,NY:1:0,43,-76.321,44.031
New York,NY,NY:1:0,44,-76.376,44.032
New York,NY,NY:1:0,45,-76.371,44.1
New York,NY,NY:1:0,46,-76.313,44.199
New York,NY,NY:1:0,47,-76.245,44.204
New York,NY,NY:1:0,48,-76.164,44.24
New York,NY,NY:1:0,49,-76.162,44.281
New York,NY,NY:1:0,50,-76.001,44.348
New York,NY,NY:1:0,51,-75.913,44.368
New York,NY,NY:1:0,52,-75.821,44.432
New York,NY,NY:1:0,53,-75.766,44.516
New York,NY,NY:1:0,54,-75.506,44.705
New York,NY,NY:1:0,55,-75.241,44.867
New York,NY,NY:1:0,56,-75.066,44.93
New York,NY,NY:1:0,57,-74.972,44.983
New York,NY,NY:1:0,58,-74.908,44.983
New York,NY,NY:1:0,59,-74.827,45.016
New York,NY,NY:1:0,60,-74.731,44.99
New York,NY,NY:1:0,61,-74.684,45.0
New York,NY,NY:1:0,62,-74.147,44.992
New York,NY,NY:1:0,63,-73.875,45.001
New York,NY,NY:1:0,64,-73.343,45.011
New York,NY,NY:1:0,65,-73.338,44.924
New York,NY,NY:1:0,66,-73.381,44.845
New York,NY,NY:1:0,67,-73.335,44.805
New York,NY,NY:1:0,68,-73.366,44.742
New York,NY,NY:1:0,69,-73.39,44.617
New York,NY,NY:1:0,70,-73.3,44.477
New York,NY,NY:1:0,71,-73.296,44.428
New York,NY,NY:1:0,72,-73.334,44.372
New York,NY,NY:1:0,73,-73.311,44.274
New York,NY,NY:1:0,74,-73.391,44.189
New York,NY,NY:1:0,75,-73.438,44.045
New York,NY,NY:1:0,76,-73.411,44.027
New York,NY,NY:1:0,77,-73.409,43.933
New York,NY,NY:1:0,78,-73.374,43.874
New York,NY,NY:1:0,79,-73.393,43.822
New York,NY,NY:1:0,80,-73.351,43.772
New York,NY,NY:1:0,81,-73.428,43.634
New York,NY,NY:1:0,82,-73.302,43.624
New York,NY,NY:1:0,83,-73.247,43.526
New York,NY,NY:1:0,84,-73.256,43.259
New York,NY,NY:1:0,85,-73.279,42.833
New York,NY,NY:1:0,86,-73.265,42.746
New York,NY,NY:1:0,87,-73.508,42.086
New York,NY,NY:1:0,88,-73.487,42.05
New York,NY,NY:1:0,89,-73.521,41.62
New York,NY,NY:1:0,90,-73.551,41.295
New York,NY,NY:1:0,91,-73.483,41.213
New York,NY,NY:1:0,92,-73.728,41.101
New York,NY,NY:1:0,93,-73.655,41.012
New York,NY,NY:1:0,94,-73.657,40.985
New York,NY,NY:1:0,95,-73.686,40.945
New York,NY,NY:1:0,96,-73.757,40.913
New York,NY,NY:1:0,97,-73.765,40.854
New York,NY,NY:1:0,98,-73.816,40.835
New York,NY,NY:1:0,99,-73.781,40.795
New York,NY,NY:1:0,100,-73.714,40.87
New York,NY,NY:1:0,101,-73.676,40.857
New York,NY,NY:1:0,102,-73.634,40.898
New York,NY,NY:1:0,103,-73.5,40.918
New York,NY,NY:1:0,104,-73.401,40.954
New York,NY,NY:1:0,105,-73.353,40.927
New York,NY,NY:1:0,106,-73.229,40.905
New York,NY,NY:1:0,107,-73.149,40.929
New York,NY,NY:1:0,108,-73.141,40.966
New York,NY,NY:1:0,109,-72.774,40.965
New York,NY,NY:1:0,110,-72.636,40.982
New York,NY,NY:1:0,111,-72.477,41.052
New York,NY,NY:1:0,112,-72.445,41.086
New York,NY,NY:1:0,113,-72.335,41.107
New York,NY,NY:1:0,114,-72.261,41.042
New York,NY,NY:1:0,115,-72.163,41.053
New York,NY,NY:1:0,116,-72.095,40.991
New York,NY,NY:1:0,117,-71.919,41.081
New York,NY,NY:1:0,118,-71.874,41.052
New York,NY,NY:1:0,119,-72.114,40.972
New York,NY,NY:1:0,120,-72.396,40.867
New York,NY,NY:1:0,121,-72.768,40.762
New York,NY,NY:1:0,122,-73.055,40.666
New York,NY,NY:1:0,123,-73.208,40.631
New York,NY,NY:1:0,124,-73.326,40.633
New York,NY,NY:1:0,125,-73.559,40.582
New York,NY,NY:1:0,126,-73.775,40.591
New York,NY,NY:1:0,127,-73.941,40.543
New York,NY,NY:1:0,128,-74.042,40.625
New York,NY,NY:1:0,129,-74.047,40.691
New York,NY,NY:1:0,130,-73.929,40.89
New York,NY,NY:1:0,131,-73.903,40.997
New York,NY,NY:1:0,132,-74.302,41.173
New York,NY,NY:1:0,133,-74.695,41.357
New York,NY,NY:1:0,134,-74.759,41.423
New York,NY,NY:1:0,135,-74.889,41.438
New York,NY,NY:1:0,136,-74.909,41.472
New York,NY,NY:1:0,137,-74.984,41.507
New York,NY,NY:1:0,138,-75.075,41.606
New York,NY,NY:1:0,139,-75.044,41.618
New York,NY,NY:1:0,140,-75.053,41.753
New York,NY,NY:1:0,141,-75.105,41.774
New York,NY,NY:1:0,142,-75.114,41.844
New York,NY,NY:1:0,143,-75.198,41.869
New York,NY,NY:1:0,144,-75.264,41.871
New York,NY,NY:1:0,145,-75.279,41.939
New York,NY,NY:1:0,146,-75.36,41.999
New York,NY,NY:1:0,147,-75.742,41.998
New York,NY,NY:1:0,148,-76.344,41.998
New York,NY,NY:1:0,149,-76.75,42.002
New York,NY,NY:1:0,150,-77.125,41.999
New York,NY,NY:1:0,151,-77.832,41.999
New York,NY,NY:1:0,152,-78.875,41.998
New York,NY,NY:1:0,153,-79.761,41.999
Indiana,IN,IN:0:0,0,-87.524,41.708
Indiana,IN,IN:0:0,1,-87.423,41.643
Indiana,IN,IN:0:0,2,-87.278,41.62
Indiana,IN,IN:0:0,3,-87.12,41.646
Indiana,IN,IN:0:0,4,-86.935,41.71
Indiana,IN,IN:0:0,5,-86.825,41.76
Indiana,IN,IN:0:0,6,-86.519,41.759
Indiana,IN,IN:0:0,7,-85.791,41.759
Indiana,IN,IN:0:0,8,-84.806,41.76
Indiana,IN,IN:0:0,9,-84.806,41.696
Indiana,IN,IN:0:0,10,-84.804,41.436
Indiana,IN,IN:0:0,11,-84.802,40.801
Indiana,IN,IN:0:0,12,-84.804,40.31
Indiana,IN,IN:0:0,13,-84.814,39.814
Indiana,IN,IN:0:0,14,-84.82,39.105
Indiana,IN,IN:0:0,15,-84.897,39.052
Indiana,IN,IN:0:0,16,-84.837,38.988
Indiana,IN,IN:0:0,17,-84.878,38.92
Indiana,IN,IN:0:0,18,-84.813,38.895
Indiana,IN,IN:0:0,19,-84.812,38.793
Indiana,IN,IN:0:0,20,-84.979,38.779
Indiana,IN,IN:0:0,21,-85.133,38.702
Indiana,IN,IN:0:0,22,-85.191,38.688
Indiana,IN,IN:0:0,23,-85.259,38.738
Indiana,IN,IN:0:0,24,-85.411,38.737
Indiana,IN,IN:0:0,25,-85.452,38.709
Indiana,IN,IN:0:0,26,-85.439,38.61
Indiana,IN,IN:0:0,27,-85.416,38.564
Indiana,IN,IN:0:0,28,-85.433,38.524
Indiana,IN,IN:0:0,29,-85.499,38.468
Indiana,IN,IN:0:0,30,-85.588,38.45
Indiana,IN,IN:0:0,31,-85.621,38.423
Indiana,IN,IN:0:0,32,-85.654,38.327
Indiana,IN,IN:0:0,33,-85.739,38.269
Indiana,IN,IN:0:0,34,-85.792,38.289
Indiana,IN,IN:0:0,35,-85.909,38.161
Indiana,IN,IN:0:0,36,-85.906,38.086
Indiana,IN,IN:0:0,37,-85.951,38.006
Indiana,IN,IN:0:0,38,-86.021,37.996
Indiana,IN,IN:0:0,39,-86.048,37.959
Indiana,IN,IN:0:0,40,-86.108,38.013
Indiana,IN,IN:0:0,41,-86.179,38.011
Indiana,IN,IN:0:0,42,-86.267,38.057
Indiana,IN,IN:0:0,43,-86.272,38.138
Indiana,IN,IN:0:0,44,-86.348,38.195
Indiana,IN,IN:0:0,45,-86.375,38.131
Indiana,IN,IN:0:0,46,-86.452,38.05
Indiana,IN,IN:0:0,47,-86.517,38.043
Indiana,IN,IN:0:0,48,-86.534,37.917
Indiana,IN,IN:0:0,49,-86.589,37.921
Indiana,IN,IN:0:0,50,-86.598,37.867
Indiana,IN,IN:0:0,51,-86.686,37.913
Indiana,IN,IN:0:0,52,-86.751,37.913
Indiana,IN,IN:0:0,53,-86.795,37.989
Indiana,IN,IN:0:0,54,-86.856,37.987
Indiana,IN,IN:0:0,55,-86.919,37.937
Indiana,IN,IN:0:0,56,-87.033,37.907
Indiana,IN,IN:0:0,57,-87.071,37.802
Indiana,IN,IN:0:0,58,-87.128,37.785
Indiana,IN,IN:0:0,59,-87.159,37.838
Indiana,IN,IN:0:0,60,-87.221,37.849
Indiana,IN,IN:0:0,61,-87.38,37.936
Indiana,IN,IN:0:0,62,-87.45,37.941
Indiana,IN,IN:0:0,63,-87.501,37.909
Indiana,IN,IN:0:0,64,-87.551,37.925
Indiana,IN,IN:0:0,65,-87.586,37.975
Indiana,IN,IN:0:0,66,-87.626,37.933
Indiana,IN,IN:0:0,67,-87.592,37.887
Indiana,IN,IN:0:0,68,-87.615,37.832
Indiana,IN,IN:0:0,69,-87.672,37.829
Indiana,IN,IN:0:0,70,-87.684,37.903
Indiana,IN,IN:0:0,71,-87.831,37.877
Indiana,IN,IN:0:0,72,-87.905,37.925
Indiana,IN,IN:0:0,73,-87.938,37.891
Indiana,IN,IN:0:0,74,-87.907,37.808
Indiana,IN,IN:0:0,75,-87.945,37.775
Indiana,IN,IN:0:0,76,-88.028,37.799
Indiana,IN,IN:0:0,77,-88.095,37.894
Indiana,IN,IN:0:0,78,-88.013,37.895
Indiana,IN,IN:0:0,79,-88.036,37.943
Indiana,IN,IN:0:0,80,-88.013,37.977
Indiana,IN,IN:0:0,81,-88.035,38.051
Indiana,IN,IN:0:0,82,-88.013,38.104
Indiana,IN,IN:0:0,83,-87.945,38.127
Indiana,IN,IN:0:0,84,-87.937,38.172
Indiana,IN,IN:0:0,85,-87.984,38.21
Indiana,IN,IN:0:0,86,-87.937,38.292
Indiana,IN,IN:0:0,87,-87.855,38.275
Indiana,IN,IN:0:0,88,-87.806,38.363
Indiana,IN,IN:0:0,89,-87.745,38.409
Indiana,IN,IN:0:0,90,-87.74,38.475
Indiana,IN,IN:0:0,91,-87.654,38.512
Indiana,IN,IN:0:0,92,-87.661,38.541
Indiana,IN,IN:0:0,93,-87.62,38.639
Indiana,IN,IN:0:0,94,-87.52,38.697
Indiana,IN,IN:0:0,95,-87.497,38.779
Indiana,IN,IN:0:0,96,-87.551,38.86
Indiana,IN,IN:0:0,97,-87.512,38.954
Indiana,IN,IN:0:0,98,-87.578,38.989
Indiana,IN,IN:0:0,99,-87.573,39.057
Indiana,IN,IN:0:0,100,-87.632,39.107
Indiana,IN,IN:0:0,101,-87.64,39.167
Indiana,IN,IN:0:0,102,-87.575,39.218
Indiana,IN,IN:0:0,103,-87.61,39.282
Indiana,IN,IN:0:0,104,-87.589,39.334
Indiana,IN,IN:0:0,105,-87.532,39.348
Indiana,IN,IN:0:0,106,-87.533,39.883
Indiana,IN,IN:0:0,107,-87.527,40.462
Indiana,IN,IN:0:0,108,-87.527,41.121
Kansas,KS,KS:0:0,0,-102.052,40.003
Kansas,KS,KS:0:0,1,-101.41,40.002
Kansas,KS,KS:0:0,2,-100.469,40.002
Kansas,KS,KS:0:0,3,-99.813,40.001
Kansas,KS,KS:0:0,4,-98.935,40.002
Kansas,KS,KS:0:0,5,-98.1,40.002
Kansas,KS,KS:0:0,6,-97.515,40.002
Kansas,KS,KS:0:0,7,-97.05,40.001
Kansas,KS,KS:0:0,8,-96.154,40.0
Kansas,KS,KS:0:0,9,-95.308,40.0
Kansas,KS,KS:0:0,10,-95.206,39.908
Kansas,KS,KS:0:0,11,-95.082,39.862
Kansas,KS,KS:0:0,12,-95.019,39.897
Kansas,KS,KS:0:0,13,-94.959,39.902
Kansas,KS,KS:0:0,14,-94.943,39.857
Kansas,KS,KS:0:0,15,-94.887,39.833
Kansas,KS,KS:0:0,16,-94.955,39.746
Kansas,KS,KS:0:0,17,-94.969,39.693
Kansas,KS,KS:0:0,18,-95.028,39.665
Kansas,KS,KS:0:0,19,-95.057,39.581
Kansas,KS,KS:0:0,20,-95.103,39.533
Kansas,KS,KS:0:0,21,-94.923,39.384
Kansas,KS,KS:0:0,22,-94.9,39.3
Kansas,KS,KS:0:0,23,-94.846,39.268
Kansas,KS,KS:0:0,24,-94.824,39.21
Kansas,KS,KS:0:0,25,-94.737,39.169
Kansas,KS,KS:0:0,26,-94.687,39.184
Kansas,KS,KS:0:0,27,-94.616,39.16
Kansas,KS,KS:0:0,28,-94.607,39.119
Kansas,KS,KS:0:0,29,-94.612,38.62
Kansas,KS,KS:0:0,30,-94.613,38.218
Kansas,KS,KS:0:0,31,-94.618,37.773
Kansas,KS,KS:0:0,32,-94.618,36.999
Kansas,KS,KS:0:0,33,-95.408,36.999
Kansas,KS,KS:0:0,34,-96.001,36.999
Kansas,KS,KS:0:0,35,-96.5,36.999
Kansas,KS,KS:0:0,36,-97.03,36.999
Kansas,KS,KS:0:0,37,-97.462,36.999
Kansas,KS,KS:0:0,38,-98.354,36.998
Kansas,KS,KS:0:0,39,-99.029,37.0
Kansas,KS,KS:0:0,40,-99.649,37.0
Kansas,KS,KS:0:0,41,-100.202,37.002
Kansas,KS,KS:0:0,42,-100.735,36.999
Kansas,KS,KS:0:0,43,-101.358,36.996
Kansas,KS,KS:0:0,44,-102.042,36.993
Kansas,KS,KS:0:0,45,-102.042,37.68
Kansas,KS,KS:0:0,46,-102.045,38.046
Kansas,KS,KS:0:0,47,-102.045,38.813
Kansas,KS,KS:0:0,48,-102.048,39.303
Idaho,ID,ID:0:0,0,-116.916,45.995
Idaho,ID,ID:0:0,1,-116.96,46.099
Idaho,ID,ID:0:0,2,-116.924,46.171
Idaho,ID,ID:0:0,3,-116.985,46.293
Idaho,ID,ID:0:0,4,-117.056,46.346
Idaho,ID,ID:0:0,5,-117.04,46.425
Idaho,ID,ID:0:0,6,-117.04,47.127
Idaho,ID,ID:0:0,7,-117.042,47.839
Idaho,ID,ID:0:0,8,-117.035,48.371
Idaho,ID,ID:0:0,9,-117.032,48.999
Idaho,ID,ID:0:0,10,-116.049,49.001
Idaho,ID,ID:0:0,11,-116.049,48.515
Idaho,ID,ID:0:0,12,-116.049,47.977
Idaho,ID,ID:0:0,13,-115.901,47.843
Idaho,ID,ID:0:0,14,-115.852,47.827
Idaho,ID,ID:0:0,15,-115.825,47.752
Idaho,ID,ID:0:0,16,-115.723,47.695
Idaho,ID,ID:0:0,17,-115.736,47.655
Idaho,ID,ID:0:0,18,-115.694,47.624
Idaho,ID,ID:0:0,19,-115.717,47.534
Idaho,ID,ID:0:0,20,-115.685,47.485
Idaho,ID,ID:0:0,21,-115.721,47.425
Idaho,ID,ID:0:0,22,-115.549,47.347
Idaho,ID,ID:0:0,23,-115.529,47.303
Idaho,ID,ID:0:0,24,-115.407,47.264
Idaho,ID,ID:0:0,25,-115.339,47.262
Idaho,ID,ID:0:0,26,-115.3,47.188
Idaho,ID,ID:0:0,27,-115.144,47.101
Idaho,ID,ID:0:0,28,-115.088,47.046
Idaho,ID,ID:0:0,29,-115.048,46.97
Idaho,ID,ID:0:0,30,-115.001,46.972
Idaho,ID,ID:0:0,31,-114.924,46.918
Idaho,ID,ID:0:0,32,-114.927,46.833
Idaho,ID,ID:0:0,33,-114.765,46.758
Idaho,ID,ID:0:0,34,-114.787,46.715
Idaho,ID,ID:0:0,35,-114.622,46.708
Idaho,ID,ID:0:0,36,-114.641,46.679
Idaho,ID,ID:0:0,37,-114.591,46.634
Idaho,ID,ID:0:0,38,-114.481,46.632
Idaho,ID,ID:0:0,39,-114.424,46.66
Idaho,ID,ID:0:0,40,-114.324,46.653
Idaho,ID,ID:0:0,41,-114.322,46.611
Idaho,ID,ID:0:0,42,-114.387,46.41
Idaho,ID,ID:0:0,43,-114.422,46.387
Idaho,ID,ID:0:0,44,-114.414,46.336
Idaho,ID,ID:0:0,45,-114.452,46.241
Idaho,ID,ID:0:0,46,-114.446,46.174
Idaho,ID,ID:0:0,47,-114.511,46.166
Idaho,ID,ID:0:0,48,-114.521,46.127
Idaho,ID,ID:0:0,49,-114.46,46.097
Idaho,ID,ID:0:0,50,-114.487,46.0
Idaho,ID,ID:0:0,51,-114.412,45.978
Idaho,ID,ID:0:0,52,-114.431,45.936
Idaho,ID,ID:0:0,53,-114.388,45.882
Idaho,ID,ID:0:0,54,-114.502,45.848
Idaho,ID,ID:0:0,55,-114.566,45.774
Idaho,ID,ID:0:0,56,-114.495,45.703
Idaho,ID,ID:0:0,57,-114.5,45.669
Idaho,ID,ID:0:0,58,-114.561,45.64
Idaho,ID,ID:0:0,59,-114.558,45.585
Idaho,ID,ID:0:0,60,-114.46,45.561
Idaho,ID,ID:0:0,61,-114.416,45.51
Idaho,ID,ID:0:0,62,-114.333,45.459
Idaho,ID,ID:0:0,63,-114.279,45.48
Idaho,ID,ID:0:0,64,-114.248,45.524
Idaho,ID,ID:0:0,65,-114.135,45.557
Idaho,ID,ID:0:0,66,-114.068,45.627
Idaho,ID,ID:0:0,67,-114.014,45.658
Idaho,ID,ID:0:0,68,-113.987,45.704
Idaho,ID,ID:0:0,69,-113.897,45.641
Idaho,ID,ID:0:0,70,-113.807,45.602
Idaho,ID,ID:0:0,71,-113.834,45.52
Idaho,ID,ID:0:0,72,-113.768,45.519
Idaho,ID,ID:0:0,73,-113.777,45.415
Idaho,ID,ID:0:0,74,-113.734,45.392
Idaho,ID,ID:0:0,75,-113.735,45.325
Idaho,ID,ID:0:0,76,-113.685,45.253
Idaho,ID,ID:0:0,77,-113.599,45.191
Idaho,ID,ID:0:0,78,-113.549,45.113
Idaho,ID,ID:0:0,79,-113.452,45.059
Idaho,ID,ID:0:0,80,-113.444,44.96
Idaho,ID,ID:0:0,81,-113.499,44.942
Idaho,ID,ID:0:0,82,-113.422,44.84
Idaho,ID,ID:0:0,83,-113.356,44.82
Idaho,ID,ID:0:0,84,-113.342,44.785
Idaho,ID,ID:0:0,85,-113.247,44.823
Idaho,ID,ID:0:0,86,-113.131,44.773
Idaho,ID,ID:0:0,87,-113.07,44.679
Idaho,ID,ID:0:0,88,-113.084,44.602
Idaho,ID,ID:0:0,89,-113.007,44.526
Idaho,ID,ID:0:0,90,-113.003,44.451
Idaho,ID,ID:0:0,91,-112.885,44.398
Idaho,ID,ID:0:0,92,-112.776,44.484
Idaho,ID,ID:0:0,93,-112.719,44.504
Idaho,ID,ID:0:0,94,-112.664,44.486
Idaho,ID,ID:0:0,95,-112.473,44.48
Idaho,ID,ID:0:0,96,-112.387,44.448
Idaho,ID,ID:0:0,97,-112.359,44.529
Idaho,ID,ID:0:0,98,-112.286,44.568
Idaho,ID,ID:0:0,99,-112.107,44.521
Idaho,ID,ID:0:0,100,-112.033,44.546
Idaho,ID,ID:0:0,101,-111.87,44.564
Idaho,ID,ID:0:0,102,-111.806,44.522
Idaho,ID,ID:0:0,103,-111.704,44.56
Idaho,ID,ID:0:0,104,-111.614,44.549
Idaho,ID,ID:0:0,105,-111.505,44.562
Idaho,ID,ID:0:0,106,-111.524,44.604
Idaho,ID,ID:0:0,107,-111.473,44.665
Idaho,ID,ID:0:0,108,-111.486,44.707
Idaho,ID,ID:0:0,109,-111.398,44.723
Idaho,ID,ID:0:0,110,-111.306,44.707
Idaho,ID,ID:0:0,111,-111.109,44.488
Idaho,ID,ID:0:0,112,-111.052,44.478
Idaho,ID,ID:0:0,113,-111.049,44.02
Idaho,ID,ID:0:0,114,-111.045,43.501
Idaho,ID,ID:0:0,115,-111.044,42.723
Idaho,ID,ID:0:0,116,-111.047,42.505
Idaho,ID,ID:0:0,117,-111.047,42.002
Idaho,ID,ID:0:0,118,-111.508,42.0
Idaho,ID,ID:0:0,119,-112.173,41.997
Idaho,ID,ID:0:0,120,-112.193,42.001
Idaho,ID,ID:0:0,121,-113.249,41.996
Idaho,ID,ID:0:0,122,-113.893,41.988
Idaho,ID,ID:0:0,123,-114.042,41.994
Idaho,ID,ID:0:0,124,-114.598,41.995
Idaho,ID,ID:0:0,125,-114.806,42.002
Idaho,ID,ID:0:0,126,-115.032,41.996
Idaho,ID,ID:0:0,127,-115.87,41.997
Idaho,ID,ID:0:0,128,-116.368,41.996
Idaho,ID,ID:0:0,129,-117.026,42.0
Idaho,ID,ID:0:0,130,-117.027,42.625
Idaho,ID,ID:0:0,131,-117.027,43.025
Idaho,ID,ID:0:0,132,-117.027,43.808
Idaho,ID,ID:0:0,133,-116.982,43.869
Idaho,ID,ID:0:0,134,-116.96,43.983
Idaho,ID,ID:0:0,135,-116.934,44.021
Idaho,ID,ID:0:0,136,-116.977,44.085
Idaho,ID,ID:0:0,137,-116.934,44.1
Idaho,ID,ID:0:0,138,-116.896,44.154
Idaho,ID,ID:0:0,139,-116.972,44.197
Idaho,ID,ID:0:0,140,-116.976,44.243
Idaho,ID,ID:0:0,141,-117.057,44.231
Idaho,ID,ID:0:0,142,-117.104,44.28
Idaho,ID,ID:0:0,143,-117.17,44.259
Idaho,ID,ID:0:0,144,-117.217,44.288
Idaho,ID,ID:0:0,145,-117.19,44.337
Idaho,ID,ID:0:0,146,-117.243,44.397
Idaho,ID,ID:0:0,147,-117.215,44.427
Idaho,ID,ID:0:0,148,-117.226,44.479
Idaho,ID,ID:0:0,149,-117.144,44.546
Idaho,ID,ID:0:0,150,-117.121,44.615
Idaho,ID,ID:0:0,151,-117.044,44.745
Idaho,ID,ID:0:0,152,-116.935,44.784
Idaho,ID,ID:0:0,153,-116.832,44.933
Idaho,ID,ID:0:0,154,-116.848,45.023
Idaho,ID,ID:0:0,155,-116.731,45.14
Idaho,ID,ID:0:0,156,-116.674,45.322
Idaho,ID,ID:0:0,157,-116.549,45.51
Idaho,ID,ID:0:0,158,-116.464,45.616
Idaho,ID,ID:0:0,159,-116.535,45.692
Idaho,ID,ID:0:0,160,-116.536,45.734
Idaho,ID,ID:0:0,161,-116.593,45.779
Idaho,ID,ID:0:0,162,-116.665,45.782
Idaho,ID,ID:0:0,163,-116.698,45.821
Idaho,ID,ID:0:0,164,-116.783,45.825
Nevada,NV,NV:0:0,0,-119.999,41.995
Nevada,NV,NV:0:0,1,-119.79,41.998
Nevada,NV,NV:0:0,2,-119.208,41.993
Nevada,NV,NV:0:0,3,-118.696,41.992
Nevada,NV,NV:0:0,4,-118.197,41.997
Nevada,NV,NV:0:0,5,-117.626,41.998
Nevada,NV,NV:0:0,6,-117.026,42.0
Nevada,NV,NV:0:0,7,-116.368,41.996
Nevada,NV,NV:0:0,8,-115.87,41.997
Nevada,NV,NV:0:0,9,-115.032,41.996
Nevada,NV,NV:0:0,10,-114.806,42.002
Nevada,NV,NV:0:0,11,-114.598,41.995
Nevada,NV,NV:0:0,12,-114.042,41.994
Nevada,NV,NV:0:0,13,-114.04,41.885
Nevada,NV,NV:0:0,14,-114.041,41.22
Nevada,NV,NV:0:0,15,-114.043,40.772
Nevada,NV,NV:0:0,16,-114.046,40.398
Nevada,NV,NV:0:0,17,-114.047,39.997
Nevada,NV,NV:0:0,18,-114.047,39.5
Nevada,NV,NV:0:0,19,-114.049,39.006
Nevada,NV,NV:0:0,20,-114.05,38.5
Nevada,NV,NV:0:0,21,-114.05,37.824
Nevada,NV,NV:0:0,22,-114.053,37.593
Nevada,NV,NV:0:0,23,-114.051,37.0
Nevada,NV,NV:0:0,24,-114.051,36.656
Nevada,NV,NV:0:0,25,-114.047,36.194
Nevada,NV,NV:0:0,26,-114.068,36.181
Nevada,NV,NV:0:0,27,-114.154,36.024
Nevada,NV,NV:0:0,28,-114.239,36.015
Nevada,NV,NV:0:0,29,-114.372,36.143
Nevada,NV,NV:0:0,30,-114.506,36.131
Nevada,NV,NV:0:0,31,-114.572,36.152
Nevada,NV,NV:0:0,32,-114.617,36.13
Nevada,NV,NV:0:0,33,-114.736,36.104
Nevada,NV,NV:0:0,34,-114.731,35.944
Nevada,NV,NV:0:0,35,-114.667,35.875
Nevada,NV,NV:0:0,36,-114.712,35.806
Nevada,NV,NV:0:0,37,-114.689,35.651
Nevada,NV,NV:0:0,38,-114.653,35.611
Nevada,NV,NV:0:0,39,-114.657,35.534
Nevada,NV,NV:0:0,40,-114.678,35.49
Nevada,NV,NV:0:0,41,-114.627,35.41
Nevada,NV,NV:0:0,42,-114.596,35.325
Nevada,NV,NV:0:0,43,-114.569,35.183
Nevada,NV,NV:0:0,44,-114.573,35.139
Nevada,NV,NV:0:0,45,-114.643,35.097
Nevada,NV,NV:0:0,46,-114.605,35.075
Nevada,NV,NV:0:0,47,-114.633,35.002
Nevada,NV,NV:0:0,48,-115.271,35.513
Nevada,NV,NV:0:0,49,-115.751,35.889
Nevada,NV,NV:0:0,50,-116.094,36.156
Nevada,NV,NV:0:0,51,-116.542,36.5
Nevada,NV,NV:0:0,52,-117.001,36.848
Nevada,NV,NV:0:0,53,-117.376,37.127
Nevada,NV,NV:0:0,54,-117.876,37.497
Nevada,NV,NV:0:0,55,-118.251,37.769
Nevada,NV,NV:0:0,56,-118.772,38.142
Nevada,NV,NV:0:0,57,-119.097,38.373
Nevada,NV,NV:0:0,58,-119.588,38.715
Nevada,NV,NV:0:0,59,-120.001,39.0
Nevada,NV,NV:0:0,60,-120.006,39.225
Nevada,NV,NV:0:0,61,-119.998,39.957
Nevada,NV,NV:0:0,62,-119.996,40.5
Nevada,NV,NV:0:0,63,-120.0,41.184
Nevada,NV,NV:0:0,64,-119.998,41.619
Vermont,VT,VT:0:0,0,-73.343,45.011
Vermont,VT,VT:0:0,1,-72.846,45.017
Vermont,VT,VT:0:0,2,-72.31,45.004
Vermont,VT,VT:0:0,3,-71.501,45.013
Vermont,VT,VT:0:0,4,-71.538,44.984
Vermont,VT,VT:0:0,5,-71.494,44.911
Vermont,VT,VT:0:0,6,-71.557,44.849
Vermont,VT,VT:0:0,7,-71.572,44.795
Vermont,VT,VT:0:0,8,-71.625,44.744
Vermont,VT,VT:0:0,9,-71.552,44.628
Vermont,VT,VT:0:0,10,-71.559,44.566
Vermont,VT,VT:0:0,11,-71.599,44.486
Vermont,VT,VT:0:0,12,-71.646,44.475
Vermont,VT,VT:0:0,13,-71.708,44.412
Vermont,VT,VT:0:0,14,-71.791,44.4
Vermont,VT,VT:0:0,15,-71.812,44.358
Vermont,VT,VT:0:0,16,-72.033,44.32
Vermont,VT,VT:0:0,17,-72.068,44.271
Vermont,VT,VT:0:0,18,-72.066,44.19
Vermont,VT,VT:0:0,19,-72.031,44.1
Vermont,VT,VT:0:0,20,-72.117,43.994
Vermont,VT,VT:0:0,21,-72.121,43.919
Vermont,VT,VT:0:0,22,-72.188,43.856
Vermont,VT,VT:0:0,23,-72.185,43.805
Vermont,VT,VT:0:0,24,-72.233,43.748
Vermont,VT,VT:0:0,25,-72.303,43.703
Vermont,VT,VT:0:0,26,-72.332,43.599
Vermont,VT,VT:0:0,27,-72.373,43.579
Vermont,VT,VT:0:0,28,-72.381,43.493
Vermont,VT,VT:0:0,29,-72.413,43.363
Vermont,VT,VT:0:0,30,-72.395,43.313
Vermont,VT,VT:0:0,31,-72.435,43.258
Vermont,VT,VT:0:0,32,-72.457,43.147
Vermont,VT,VT:0:0,33,-72.435,43.087
Vermont,VT,VT:0:0,34,-72.467,43.053
Vermont,VT,VT:0:0,35,-72.445,43.011
Vermont,VT,VT:0:0,36,-72.474,42.972
Vermont,VT,VT:0:0,37,-72.535,42.95
Vermont,VT,VT:0:0,38,-72.553,42.885
Vermont,VT,VT:0:0,39,-72.543,42.808
Vermont,VT,VT:0:0,40,-72.459,42.727
Vermont,VT,VT:0:0,41,-73.265,42.746
Vermont,VT,VT:0:0,42,-73.279,42.833
Vermont,VT,VT:0:0,43,-73.256,43.259
Vermont,VT,VT:0:0,44,-73.247,43.526
Vermont,VT,VT:0:0,45,-73.302,43.624
Vermont,VT,VT:0:0,46,-73.428,43.634
Vermont,VT,VT:0:0,47,-73.351,43.772
Vermont,VT,VT:0:0,48,-73.393,43.822
Vermont,VT,VT:0:0,49,-73.374,43.874
Vermont,VT,VT:0:0,50,-73.409,43.933
Vermont,VT,VT:0:0,51,-73.411,44.027
Vermont,VT,VT:0:0,52,-73.438,44.045
Vermont,VT,VT:0:0,53,-73.391,44.189
Vermont,VT,VT:0:0,54,-73.311,44.274
Vermont,VT,VT:0:0,55,-73.334,44.372
Vermont,VT,VT:0:0,56,-73.296,44.428
Vermont,VT,VT:0:0,57,-73.3,44.477
Vermont,VT,VT:0:0,58,-73.39,44.617
Vermont,VT,VT:0:0,59,-73.366,44.742
Vermont,VT,VT:0:0,60,-73.335,44.805
Vermont,VT,VT:0:0,61,-73.381,44.845
Vermont,VT,VT:0:0,62,-73.338,44.924
Montana,MT,MT:0:0,0,-116.049,49.001
Montana,MT,MT:0:0,1,-115.13,49.0
Montana,MT,MT:0:0,2,-114.31,49.001
Montana,MT,MT:0:0,3,-113.77,48.998
Montana,MT,MT:0:0,4,-113.357,48.998
Montana,MT,MT:0:0,5,-112.759,48.999
Montana,MT,MT:0:0,6,-111.556,48.997
Montana,MT,MT:0:0,7,-111.004,48.998
Montana,MT,MT:0:0,8,-110.364,48.999
Montana,MT,MT:0:0,9,-109.67,49.0
Montana,MT,MT:0:0,10,-108.998,48.999
Montana,MT,MT:0:0,11,-108.077,49.0
Montana,MT,MT:0:0,12,-107.416,48.999
Montana,MT,MT:0:0,13,-106.658,49.0
Montana,MT,MT:0:0,14,-105.818,49.0
Montana,MT,MT:0:0,15,-105.231,48.999
Montana,MT,MT:0:0,16,-104.608,48.999
Montana,MT,MT:0:0,17,-104.049,49.0
Montana,MT,MT:0:0,18,-104.048,48.599
Montana,MT,MT:0:0,19,-104.044,47.972
Montana,MT,MT:0:0,20,-104.045,47.343
Montana,MT,MT:0:0,21,-104.046,46.831
Montana,MT,MT:0:0,22,-104.045,46.51
Montana,MT,MT:0:0,23,-104.045,45.945
Montana,MT,MT:0:0,24,-104.04,45.374
Montana,MT,MT:0:0,25,-104.04,45.001
Montana,MT,MT:0:0,26,-104.058,44.997
Montana,MT,MT:0:0,27,-104.765,44.999
Montana,MT,MT:0:0,28,-105.371,45.0
Montana,MT,MT:0:0,29,-105.913,45.001
Montana,MT,MT:0:0,30,-105.928,44.994
Montana,MT,MT:0:0,31,-106.567,44.995
Montana,MT,MT:0:0,32,-107.085,44.997
Montana,MT,MT:0:0,33,-107.134,45.0
Montana,MT,MT:0:0,34,-107.751,45.001
Montana,MT,MT:0:0,35,-108.271,45.0
Montana,MT,MT:0:0,36,-109.083,45.0
Montana,MT,MT:0:0,37,-109.103,45.006
Montana,MT,MT:0:0,38,-109.751,45.002
Montana,MT,MT:0:0,39,-110.11,45.004
Montana,MT,MT:0:0,40,-110.2,44.996
Montana,MT,MT:0:0,41,-110.705,44.992
Montana,MT,MT:0:0,42,-110.785,45.003
Montana,MT,MT:0:0,43,-111.055,45.001
Montana,MT,MT:0:0,44,-111.052,44.478
Montana,MT,MT:0:0,45,-111.109,44.488
Montana,MT,MT:0:0,46,-111.306,44.707
Montana,MT,MT:0:0,47,-111.398,44.723
Montana,MT,MT:0:0,48,-111.486,44.707
Montana,MT,MT:0:0,49,-111.473,44.665
Montana,MT,MT:0:0,50,-111.524,44.604
Montana,MT,MT:0:0,51,-111.505,44.562
Montana,MT,MT:0:0,52,-111.614,44.549
Montana,MT,MT:0:0,53,-111.704,44.56
Montana,MT,MT:0:0,54,-111.806,44.522
Montana,MT,MT:0:0,55,-111.87,44.564
Montana,MT,MT:0:0,56,-112.033,44.546
Montana,MT,MT:0:0,57,-112.107,44.521
Montana,MT,MT:0:0,58,-112.286,44.568
Montana,MT,MT:0:0,59,-112.359,44.529
Montana,MT,MT:0:0,60,-112.387,44.448
Montana,MT,MT:0:0,61,-112.473,44.48
Montana,MT,MT:0:0,62,-112.664,44.486
Montana,MT,MT:0:0,63,-112.719,44.504
Montana,MT,MT:0:0,64,-112.776,44.484
Montana,MT,MT:0:0,65,-112.885,44.398
Montana,MT,MT:0:0,66,-113.003,44.451
Montana,MT,MT:0:0,67,-113.007,44.526
Montana,MT,MT:0:0,68,-113.084,44.602
Montana,MT,MT:0:0,69,-113.07,44.679
Montana,MT,MT:0:0,70,-113.131,44.773
Montana,MT,MT:0:0,71,-113.247,44.823
Montana,MT,MT:0:0,72,-113.342,44.785
Montana,MT,MT:0:0,73,-113.356,44.82
Montana,MT,MT:0:0,74,-113.422,44.84
Montana,MT,MT:0:0,75,-113.499,44.942
Montana,MT,MT:0:0,76,-113.444,44.96
Montana,MT,MT:0:0,77,-113.452,45.059
Montana,MT,MT:0:0,78,-113.549,45.113
Montana,MT,MT:0:0,79,-113.599,45.191
Montana,MT,MT:0:0,80,-113.685,45.253
Montana,MT,MT:0:0,81,-113.735,45.325
Montana,MT,MT:0:0,82,-113.734,45.392
Montana,MT,MT:0:0,83,-113.777,45.415
Montana,MT,MT:0:0,84,-113.768,45.519
Montana,MT,MT:0:0,85,-113.834,45.52
Montana,MT,MT:0:0,86,-113.807,45.602
Montana,MT,MT:0:0,87,-113.897,45.641
Montana,MT,MT:0:0,88,-113.987,45.704
Montana,MT,MT:0:0,89,-114.014,45.658
Montana,MT,MT:0:0,90,-114.068,45.627
Montana,MT,MT:0:0,91,-114.135,45.557
Montana,MT,MT:0:0,92,-114.248,45.524
Montana,MT,MT:0:0,93,-114.279,45.48
Montana,MT,MT:0:0,94,-114.333,45.459
Montana,MT,MT:0:0,95,-114.416,45.51
Montana,MT,MT:0:0,96,-114.46,45.561
Montana,MT,MT:0:0,97,-114.558,45.585
Montana,MT,MT:0:0,98,-114.561,45.64
Montana,MT,MT:0:0,99,-114.5,45.669
Montana,MT,MT:0:0,100,-114.495,45.703
Montana,MT,MT:0:0,101,-114.566,45.774
Montana,MT,MT:0:0,102,-114.502,45.848
Montana,MT,MT:0:0,103,-114.388,45.882
Montana,MT,MT:0:0,104,-114.431,45.936
Montana,MT,MT:0:0,105,-114.412,45.978
Montana,MT,MT:0:0,106,-114.487,46.0
Montana,MT,MT:0:0,107,-114.46,46.097
Montana,MT,MT:0:0,108,-114.521,46.127
Montana,MT,MT:0:0,109,-114.511,46.166
Montana,MT,MT:0:0,110,-114.446,46.174
Montana,MT,MT:0:0,111,-114.452,46.241
Montana,MT,MT:0:0,112,-114.414,46.336
Montana,MT,MT:0:0,113,-114.422,46.387
Montana,MT,MT:0:0,114,-114.387,46.41
Montana,MT,MT:0:0,115,-114.322,46.611
Montana,MT,MT:0:0,116,-114.324,46.653
Montana,MT,MT:0:0,117,-114.424,46.66
Montana,MT,MT:0:0,118,-114.481,46.632
Montana,MT,MT:0:0,119,-114.591,46.634
Montana,MT,MT:0:0,120,-114.641,46.679
Montana,MT,MT:0:0,121,-114.622,46.708
Montana,MT,MT:0:0,122,-114.787,46.715
Montana,MT,MT:0:0,123,-114.765,46.758
Montana,MT,MT:0:0,124,-114.927,46.833
Montana,MT,MT:0:0,125,-114.924,46.918
Montana,MT,MT:0:0,126,-115.001,46.972
Montana,MT,MT:0:0,127,-115.048,46.97
Montana,MT,MT:0:0,128,-115.088,47.046
Montana,MT,MT:0:0,129,-115.144,47.101
Montana,MT,MT:0:0,130,-115.3,47.188
Montana,MT,MT:0:0,131,-115.339,47.262
Montana,MT,MT:0:0,132,-115.407,47.264
Montana,MT,MT:0:0,133,-115.529,47.303
Montana,MT,MT:0:0,134,-115.549,47.347
Montana,MT,MT:0:0,135,-115.721,47.425
Montana,MT,MT:0:0,136,-115.685,47.485
Montana,MT,MT:0:0,137,-115.717,47.534
Montana,MT,MT:0:0,138,-115.694,47.624
Montana,MT,MT:0:0,139,-115.736,47.655
Montana,MT,MT:0:0,140,-115.723,47.695
Montana,MT,MT:0:0,141,-115.825,47.752
Montana,MT,MT:0:0,142,-115.852,47.827
Montana,MT,MT:0:0,143,-115.901,47.843
Montana,MT,MT:0:0,144,-116.049,47.977
Montana,MT,MT:0:0,145,-116.049,48.515
Minnesota,MN,MN:0:0,0,-97.229,49.001
Minnesota,MN,MN:0:0,1,-96.405,49.0
Minnesota,MN,MN:0:0,2,-95.748,48.999
Minnesota,MN,MN:0:0,3,-95.154,48.999
Minnesota,MN,MN:0:0,4,-95.153,49.384
Minnesota,MN,MN:0:0,5,-95.058,49.353
Minnesota,MN,MN:0:0,6,-94.957,49.37
Minnesota,MN,MN:0:0,7,-94.854,49.324
Minnesota,MN,MN:0:0,8,-94.825,49.294
Minnesota,MN,MN:0:0,9,-94.773,49.121
Minnesota,MN,MN:0:0,10,-94.75,49.1
Minnesota,MN,MN:0:0,11,-94.683,48.884
Minnesota,MN,MN:0:0,12,-94.704,48.824
Minnesota,MN,MN:0:0,13,-94.691,48.778
Minnesota,MN,MN:0:0,14,-94.587,48.718
Minnesota,MN,MN:0:0,15,-94.439,48.695
Minnesota,MN,MN:0:0,16,-94.416,48.711
Minnesota,MN,MN:0:0,17,-94.264,48.699
Minnesota,MN,MN:0:0,18,-94.244,48.653
Minnesota,MN,MN:0:0,19,-93.844,48.629
Minnesota,MN,MN:0:0,20,-93.794,48.516
Minnesota,MN,MN:0:0,21,-93.645,48.517
Minnesota,MN,MN:0:0,22,-93.468,48.546
Minnesota,MN,MN:0:0,23,-93.464,48.592
Minnesota,MN,MN:0:0,24,-93.348,48.627
Minnesota,MN,MN:0:0,25,-93.207,48.642
Minnesota,MN,MN:0:0,26,-93.178,48.623
Minnesota,MN,MN:0:0,27,-92.985,48.624
Minnesota,MN,MN:0:0,28,-92.728,48.539
Minnesota,MN,MN:0:0,29,-92.635,48.543
Minnesota,MN,MN:0:0,30,-92.637,48.499
Minnesota,MN,MN:0:0,31,-92.713,48.463
Minnesota,MN,MN:0:0,32,-92.656,48.437
Minnesota,MN,MN:0:0,33,-92.507,48.448
Minnesota,MN,MN:0:0,34,-92.456,48.401
Minnesota,MN,MN:0:0,35,-92.47,48.352
Minnesota,MN,MN:0:0,36,-92.369,48.22
Minnesota,MN,MN:0:0,37,-92.281,48.244
Minnesota,MN,MN:0:0,38,-92.289,48.343
Minnesota,MN,MN:0:0,39,-92.162,48.363
Minnesota,MN,MN:0:0,40,-92.084,48.354
Minnesota,MN,MN:0:0,41,-92.0,48.321
Minnesota,MN,MN:0:0,42,-92.007,48.265
Minnesota,MN,MN:0:0,43,-91.893,48.238
Minnesota,MN,MN:0:0,44,-91.864,48.207
Minnesota,MN,MN:0:0,45,-91.715,48.199
Minnesota,MN,MN:0:0,46,-91.712,48.115
Minnesota,MN,MN:0:0,47,-91.57,48.093
Minnesota,MN,MN:0:0,48,-91.567,48.044
Minnesota,MN,MN:0:0,49,-91.489,48.068
Minnesota,MN,MN:0:0,50,-91.43,48.049
Minnesota,MN,MN:0:0,51,-91.25,48.084
Minnesota,MN,MN:0:0,52,-91.138,48.149
Minnesota,MN,MN:0:0,53,-90.977,48.219
Minnesota,MN,MN:0:0,54,-90.885,48.246
Minnesota,MN,MN:0:0,55,-90.839,48.24
Minnesota,MN,MN:0:0,56,-90.833,48.174
Minnesota,MN,MN:0:0,57,-90.762,48.098
Minnesota,MN,MN:0:0,58,-90.642,48.104
Minnesota,MN,MN:0:0,59,-90.375,48.091
Minnesota,MN,MN:0:0,60,-90.306,48.105
Minnesota,MN,MN:0:0,61,-90.133,48.112
Minnesota,MN,MN:0:0,62,-90.024,48.085
Minnesota,MN,MN:0:0,63,-89.968,48.014
Minnesota,MN,MN:0:0,64,-89.871,47.986
Minnesota,MN,MN:0:0,65,-89.749,48.023
Minnesota,MN,MN:0:0,66,-89.625,48.012
Minnesota,MN,MN:0:0,67,-89.588,47.966
Minnesota,MN,MN:0:0,68,-89.698,47.941
Minnesota,MN,MN:0:0,69,-89.794,47.891
Minnesota,MN,MN:0:0,70,-89.924,47.862
Minnesota,MN,MN:0:0,71,-89.974,47.831
Minnesota,MN,MN:0:0,72,-90.333,47.746
Minnesota,MN,MN:0:0,73,-90.537,47.703
Minnesota,MN,MN:0:0,74,-90.736,47.624
Minnesota,MN,MN:0:0,75,-90.868,47.557
Minnesota,MN,MN:0:0,76,-91.023,47.465
Minnesota,MN,MN:0:0,77,-91.17,47.366
Minnesota,MN,MN:0:0,78,-91.189,47.34
Minnesota,MN,MN:0:0,79,-91.358,47.207
Minnesota,MN,MN:0:0,80,-91.477,47.126
Minnesota,MN,MN:0:0,81,-91.574,47.09
Minnesota,MN,MN:0:0,82,-91.666,47.014
Minnesota,MN,MN:0:0,83,-91.705,47.005
Minnesota,MN,MN:0:0,84,-92.094,46.788
Minnesota,MN,MN:0:0,85,-92.015,46.706
Minnesota,MN,MN:0:0,86,-92.089,46.749
Minnesota,MN,MN:0:0,87,-92.212,46.65
Minnesota,MN,MN:0:0,88,-92.292,46.666
Minnesota,MN,MN:0:0,89,-92.294,46.074
Minnesota,MN,MN:0:0,90,-92.362,46.013
Minnesota,MN,MN:0:0,91,-92.421,46.027
Minnesota,MN,MN:0:0,92,-92.464,45.976
Minnesota,MN,MN:0:0,93,-92.64,45.932
Minnesota,MN,MN:0:0,94,-92.708,45.895
Minnesota,MN,MN:0:0,95,-92.785,45.764
Minnesota,MN,MN:0:0,96,-92.869,45.718
Minnesota,MN,MN:0:0,97,-92.884,45.575
Minnesota,MN,MN:0:0,98,-92.77,45.567
Minnesota,MN,MN:0:0,99,-92.647,45.442
Minnesota,MN,MN:0:0,100,-92.65,45.399
Minnesota,MN,MN:0:0,101,-92.759,45.291
Minnesota,MN,MN:0:0,102,-92.767,45.185
Minnesota,MN,MN:0:0,103,-92.745,45.108
Minnesota,MN,MN:0:0,104,-92.792,45.08
Minnesota,MN,MN:0:0,105,-92.765,45.029
Minnesota,MN,MN:0:0,106,-92.751,44.937
Minnesota,MN,MN:0:0,107,-92.775,44.893
Minnesota,MN,MN:0:0,108,-92.765,44.841
Minnesota,MN,MN:0:0,109,-92.808,44.751
Minnesota,MN,MN:0:0,110,-92.737,44.717
Minnesota,MN,MN:0:0,111,-92.622,44.639
Minnesota,MN,MN:0:0,112,-92.621,44.615
Minnesota,MN,MN:0:0,113,-92.518,44.575
Minnesota,MN,MN:0:0,114,-92.348,44.557
Minnesota,MN,MN:0:0,115,-92.277,44.474
Minnesota,MN,MN:0:0,116,-92.215,44.439
Minnesota,MN,MN:0:0,117,-92.054,44.401
Minnesota,MN,MN:0:0,118,-91.926,44.334
Minnesota,MN,MN:0:0,119,-91.875,44.201
Minnesota,MN,MN:0:0,120,-91.711,44.12
Minnesota,MN,MN:0:0,121,-91.583,44.027
Minnesota,MN,MN:0:0,122,-91.441,44.002
Minnesota,MN,MN:0:0,123,-91.284,43.847
Minnesota,MN,MN:0:0,124,-91.244,43.775
Minnesota,MN,MN:0:0,125,-91.268,43.71
Minnesota,MN,MN:0:0,126,-91.269,43.615
Minnesota,MN,MN:0:0,127,-91.232,43.582
Minnesota,MN,MN:0:0,128,-91.218,43.501
Minnesota,MN,MN:0:0,129,-91.95,43.5
Minnesota,MN,MN:0:0,130,-92.79,43.5
Minnesota,MN,MN:0:0,131,-93.272,43.499
Minnesota,MN,MN:0:0,132,-93.796,43.5
Minnesota,MN,MN:0:0,133,-94.47,43.5
Minnesota,MN,MN:0:0,134,-95.155,43.5
Minnesota,MN,MN:0:0,135,-95.741,43.5
Minnesota,MN,MN:0:0,136,-96.453,43.5
Minnesota,MN,MN:0:0,137,-96.453,44.197
Minnesota,MN,MN:0:0,138,-96.452,44.703
Minnesota,MN,MN:0:0,139,-96.453,45.298
Minnesota,MN,MN:0:0,140,-96.489,45.357
Minnesota,MN,MN:0:0,141,-96.618,45.408
Minnesota,MN,MN:0:0,142,-96.68,45.41
Minnesota,MN,MN:0:0,143,-96.731,45.457
Minnesota,MN,MN:0:0,144,-96.765,45.521
Minnesota,MN,MN:0:0,145,-96.858,45.606
Minnesota,MN,MN:0:0,146,-96.841,45.645
Minnesota,MN,MN:0:0,147,-96.652,45.747
Minnesota,MN,MN:0:0,148,-96.58,45.826
Minnesota,MN,MN:0:0,149,-96.564,45.935
Minnesota,MN,MN:0:0,150,-96.578,46.027
Minnesota,MN,MN:0:0,151,-96.555,46.084
Minnesota,MN,MN:0:0,152,-96.596,46.22
Minnesota,MN,MN:0:0,153,-96.6,46.33
Minnesota,MN,MN:0:0,154,-96.667,46.375
Minnesota,MN,MN:0:0,155,-96.735,46.479
Minnesota,MN,MN:0:0,156,-96.752,46.582
Minnesota,MN,MN:0:0,157,-96.798,46.665
Minnesota,MN,MN:0:0,158,-96.779,46.727
Minnesota,MN,MN:0:0,159,-96.8,46.82
Minnesota,MN,MN:0:0,160,-96.777,46.896
Minnesota,MN,MN:0:0,161,-96.82,46.967
Minnesota,MN,MN:0:0,162,-96.819,47.107
Minnesota,MN,MN:0:0,163,-96.838,47.196
Minnesota,MN,MN:0:0,164,-96.841,47.384
Minnesota,MN,MN:0:0,165,-96.864,47.421
Minnesota,MN,MN:0:0,166,-96.851,47.589
Minnesota,MN,MN:0:0,167,-96.939,47.768
Minnesota,MN,MN:0:0,168,-96.981,47.806
Minnesota,MN,MN:0:0,169,-97.018,47.92
Minnesota,MN,MN:0:0,170,-97.055,47.946
Minnesota,MN,MN:0:0,171,-97.076,48.053
Minnesota,MN,MN:0:0,172,-97.147,48.171
Minnesota,MN,MN:0:0,173,-97.117,48.28
Minnesota,MN,MN:0:0,174,-97.148,48.36
Minnesota,MN,MN:0:0,175,-97.133,48.46
Minnesota,MN,MN:0:0,176,-97.163,48.544
Minnesota,MN,MN:0:0,177,-97.099,48.688
Minnesota,MN,MN:0:0,178,-97.136,48.728
Minnesota,MN,MN:0:0,179,-97.176,48.853
Minnesota,MN,MN:0:0,180,-97.239,48.969
North Dakota,ND,ND:0:0,0,-104.049,49.0
North Dakota,ND,ND:0:0,1,-103.377,48.999
North Dakota,ND,ND:0:0,2,-102.678,48.999
North Dakota,ND,ND:0:0,3,-101.76,48.999
North Dakota,ND,ND:0:0,4,-101.127,48.999
North Dakota,ND,ND:0:0,5,-100.166,48.999
North Dakota,ND,ND:0:0,6,-99.264,48.999
North Dakota,ND,ND:0:0,7,-98.489,49.0
North Dakota,ND,ND:0:0,8,-97.95,49.0
North Dakota,ND,ND:0:0,9,-97.229,49.001
North Dakota,ND,ND:0:0,10,-97.239,48.969
North Dakota,ND,ND:0:0,11,-97.176,48.853
North Dakota,ND,ND:0:0,12,-97.136,48.728
North Dakota,ND,ND:0:0,13,-97.099,48.688
North Dakota,ND,ND:0:0,14,-97.163,48.544
North Dakota,ND,ND:0:0,15,-97.133,48.46
North Dakota,ND,ND:0:0,16,-97.148,48.36
North Dakota,ND,ND:0:0,17,-97.117,48.28
North Dakota,ND,ND:0:0,18,-97.147,48.171
North Dakota,ND,ND:0:0,19,-97.076,48.053
North Dakota,ND,ND:0:0,20,-97.055,47.946
North Dakota,ND,ND:0:0,21,-97.018,47.92
North Dakota,ND,ND:0:0,22,-96.981,47.806
North Dakota,ND,ND:0:0,23,-96.939,47.768
North Dakota,ND,ND:0:0,24,-96.851,47.589
North Dakota,ND,ND:0:0,25,-96.864,47.421
North Dakota,ND,ND:0:0,26,-96.841,47.384
North Dakota,ND,ND:0:0,27,-96.838,47.196
North Dakota,ND,ND:0:0,28,-96.819,47.107
North Dakota,ND,ND:0:0,29,-96.82,46.967
North Dakota,ND,ND:0:0,30,-96.777,46.896
North Dakota,ND,ND:0:0,31,-96.8,46.82
North Dakota,ND,ND:0:0,32,-96.779,46.727
North Dakota,ND,ND:0:0,33,-96.798,46.665
North Dakota,ND,ND:0:0,34,-96.752,46.582
North Dakota,ND,ND:0:0,35,-96.735,46.479
North Dakota,ND,ND:0:0,36,-96.667,46.375
North Dakota,ND,ND:0:0,37,-96.6,46.33
North Dakota,ND,ND:0:0,38,-96.596,46.22
North Dakota,ND,ND:0:0,39,-96.555,46.084
North Dakota,ND,ND:0:0,40,-96.578,46.027
North Dakota,ND,ND:0:0,41,-96.564,45.935
North Dakota,ND,ND:0:0,42,-97.145,45.935
North Dakota,ND,ND:0:0,43,-97.785,45.935
North Dakota,ND,ND:0:0,44,-98.415,45.937
North Dakota,ND,ND:0:0,45,-99.258,45.94
North Dakota,ND,ND:0:0,46,-100.171,45.943
North Dakota,ND,ND:0:0,47,-100.936,45.944
North Dakota,ND,ND:0:0,48,-101.42,45.944
North Dakota,ND,ND:0:0,49,-102.177,45.945
North Dakota,ND,ND:0:0,50,-102.92,45.945
North Dakota,ND,ND:0:0,51,-103.668,45.945
North Dakota,ND,ND:0:0,52,-104.045,45.945
North Dakota,ND,ND:0:0,53,-104.045,46.51
North Dakota,ND,ND:0:0,54,-104.046,46.831
North Dakota,ND,ND:0:0,55,-104.045,47.343
North Dakota,ND,ND:0:0,56,-104.044,47.972
North Dakota,ND,ND:0:0,57,-104.048,48.599
Hawaii,HI,HI:0:0,0,-156.057,19.743
Hawaii,HI,HI:0:0,1,-156.05,19.78
Hawaii,HI,HI:0:0,2,-155.983,19.846
Hawaii,HI,HI:0:0,3,-155.94,19.852
Hawaii,HI,HI:0:0,4,-155.857,19.969
Hawaii,HI,HI:0:0,5,-155.828,20.035
Hawaii,HI,HI:0:0,6,-155.867,20.079
Hawaii,HI,HI:0:0,7,-155.899,20.146
Hawaii,HI,HI:0:0,8,-155.901,20.236
Hawaii,HI,HI:0:0,9,-155.874,20.268
Hawaii,HI,HI:0:0,10,-155.811,20.26
Hawaii,HI,HI:0:0,11,-155.747,20.232
Hawaii,HI,HI:0:0,12,-155.733,20.205
Hawaii,HI,HI:0:0,13,-155.582,20.124
Hawaii,HI,HI:0:0,14,-155.559,20.132
Hawaii,HI,HI:0:0,15,-155.405,20.079
Hawaii,HI,HI:0:0,16,-155.27,20.015
Hawaii,HI,HI:0:0,17,-155.144,19.921
Hawaii,HI,HI:0:0,18,-155.084,19.85
Hawaii,HI,HI:0:0,19,-155.093,19.738
Hawaii,HI,HI:0:0,20,-155.006,19.739
Hawaii,HI,HI:0:0,21,-154.981,19.691
Hawaii,HI,HI:0:0,22,-154.984,19.642
Hawaii,HI,HI:0:0,23,-154.904,19.571
Hawaii,HI,HI:0:0,24,-154.814,19.53
Hawaii,HI,HI:0:0,25,-154.823,19.481
Hawaii,HI,HI:0:0,26,-154.981,19.349
Hawaii,HI,HI:0:0,27,-155.134,19.276
Hawaii,HI,HI:0:0,28,-155.206,19.261
Hawaii,HI,HI:0:0,29,-155.297,19.266
Hawaii,HI,HI:0:0,30,-155.361,19.209
Hawaii,HI,HI:0:0,31,-155.417,19.188
Hawaii,HI,HI:0:0,32,-155.454,19.152
Hawaii,HI,HI:0:0,33,-155.505,19.138
Hawaii,HI,HI:0:0,34,-155.558,19.082
Hawaii,HI,HI:0:0,35,-155.557,19.047
Hawaii,HI,HI:0:0,36,-155.597,18.981
Hawaii,HI,HI:0:0,37,-155.672,18.917
Hawaii,HI,HI:0:0,38,-155.726,18.969
Hawaii,HI,HI:0:0,39,-155.806,19.014
Hawaii,HI,HI:0:0,40,-155.882,19.037
Hawaii,HI,HI:0:0,41,-155.921,19.121
Hawaii,HI,HI:0:0,42,-155.887,19.337
Hawaii,HI,HI:0:0,43,-155.923,19.479
Hawaii,HI,HI:0:0,44,-155.953,19.489
Hawaii,HI,HI:0:0,45,-155.971,19.586
Hawaii,HI,HI:1:0,0,-156.7,20.921
Hawaii,HI,HI:1:0,1,-156.666,21.007
Hawaii,HI,HI:1:0,2,-156.592,21.033
Hawaii,HI,HI:1:0,3,-156.546,21.005
Hawaii,HI,HI:1:0,4,-156.475,20.895
Hawaii,HI,HI:1:0,5,-156.386,20.92
Hawaii,HI,HI:1:0,6,-156.325,20.95
Hawaii,HI,HI:1:0,7,-156.23,20.932
Hawaii,HI,HI:1:0,8,-156.116,20.827
Hawaii,HI,HI:1:0,9,-156.004,20.796
Hawaii,HI,HI:1:0,10,-155.987,20.723
Hawaii,HI,HI:1:0,11,-156.053,20.654
Hawaii,HI,HI:1:0,12,-156.143,20.624
Hawaii,HI,HI:1:0,13,-156.21,20.629
Hawaii,HI,HI:1:0,14,-156.303,20.586
Hawaii,HI,HI:1:0,15,-156.378,20.578
Hawaii,HI,HI:1:0,16,-156.443,20.614
Hawaii,HI,HI:1:0,17,-156.464,20.782
Hawaii,HI,HI:1:0,18,-156.538,20.778
Hawaii,HI,HI:1:0,19,-156.632,20.821
Hawaii,HI,HI:1:0,20,-156.679,20.871
Hawaii,HI,HI:2:0,0,-156.702,20.532
Hawaii,HI,HI:2:0,1,-156.577,20.607
Hawaii,HI,HI:2:0,2,-156.543,20.58
Hawaii,HI,HI:2:0,3,-156.556,20.543
Hawaii,HI,HI:2:0,4,-156.669,20.505
Hawaii,HI,HI:3:0,0,-157.063,20.904
Hawaii,HI,HI:3:0,1,-156.99,20.932
Hawaii,HI,HI:3:0,2,-156.897,20.915
Hawaii,HI,HI:3:0,3,-156.837,20.864
Hawaii,HI,HI:3:0,4,-156.809,20.809
Hawaii,HI,HI:3:0,5,-156.838,20.765
Hawaii,HI,HI:3:0,6,-156.968,20.735
Hawaii,HI,HI:3:0,7,-157.011,20.854
Hawaii,HI,HI:4:0,0,-157.311,21.102
Hawaii,HI,HI:4:0,1,-157.257,21.171
Hawaii,HI,HI:4:0,2,-157.25,21.208
Hawaii,HI,HI:4:0,3,-157.202,21.219
Hawaii,HI,HI:4:0,4,-157.157,21.201
Hawaii,HI,HI:4:0,5,-156.868,21.165
Hawaii,HI,HI:4:0,6,-156.771,21.18
Hawaii,HI,HI:4:0,7,-156.712,21.144
Hawaii,HI,HI:4:0,8,-156.802,21.067
Hawaii,HI,HI:4:0,9,-156.877,21.049
Hawaii,HI,HI:4:0,10,-157.096,21.104
Hawaii,HI,HI:4:0,11,-157.253,21.088
Hawaii,HI,HI:5:0,0,-158.278,21.579
Hawaii,HI,HI:5:0,1,-158.126,21.587
Hawaii,HI,HI:5:0,2,-158.018,21.7
Hawaii,HI,HI:5:0,3,-157.969,21.713
Hawaii,HI,HI:5:0,4,-157.924,21.629
Hawaii,HI,HI:5:0,5,-157.837,21.53
Hawaii,HI,HI:5:0,6,-157.841,21.459
Hawaii,HI,HI:5:0,7,-157.778,21.412
Hawaii,HI,HI:5:0,8,-157.741,21.424
Hawaii,HI,HI:5:0,9,-157.709,21.353
Hawaii,HI,HI:5:0,10,-157.651,21.299
Hawaii,HI,HI:5:0,11,-157.71,21.262
Hawaii,HI,HI:5:0,12,-157.765,21.279
Hawaii,HI,HI:5:0,13,-157.81,21.258
Hawaii,HI,HI:5:0,14,-157.89,21.307
Hawaii,HI,HI:5:0,15,-157.982,21.316
Hawaii,HI,HI:5:0,16,-158.113,21.302
Hawaii,HI,HI:5:0,17,-158.14,21.374
Hawaii,HI,HI:5:0,18,-158.179,21.404
Hawaii,HI,HI:5:0,19,-158.192,21.448
Hawaii,HI,HI:5:0,20,-158.233,21.488
Hawaii,HI,HI:5:0,21,-158.234,21.54
Hawaii,HI,HI:6:0,0,-159.788,22.03
Hawaii,HI,HI:6:0,1,-159.731,22.14
Hawaii,HI,HI:6:0,2,-159.581,22.223
Hawaii,HI,HI:6:0,3,-159.488,22.23
Hawaii,HI,HI:6:0,4,-159.35,22.215
Hawaii,HI,HI:6:0,5,-159.293,22.144
Hawaii,HI,HI:6:0,6,-159.297,22.105
Hawaii,HI,HI:6:0,7,-159.333,22.051
Hawaii,HI,HI:6:0,8,-159.33,21.96
Hawaii,HI,HI:6:0,9,-159.387,21.903
Hawaii,HI,HI:6:0,10,-159.445,21.869
Hawaii,HI,HI:6:0,11,-159.475,21.882
Hawaii,HI,HI:6:0,12,-159.603,21.892
Hawaii,HI,HI:6:0,13,-159.669,21.954
Hawaii,HI,HI:6:0,14,-159.766,21.987
Hawaii,HI,HI:7:0,0,-160.245,21.849
Hawaii,HI,HI:7:0,1,-160.231,21.886
Hawaii,HI,HI:7:0,2,-160.137,21.949
Hawaii,HI,HI:7:0,3,-160.113,21.995
Hawaii,HI,HI:7:0,4,-160.059,21.996
Hawaii,HI,HI:7:0,5,-160.086,21.927
Hawaii,HI,HI:7:0,6,-160.079,21.896
Hawaii,HI,HI:7:0,7,-160.162,21.865
Hawaii,HI,HI:7:0,8,-160.205,21.789
Hawaii,HI,HI:7:0,9,-160.25,21.815
Arizona,AZ,AZ:0:0,0,-114.72,32.719
Arizona,AZ,AZ:0:0,1,-114.689,32.738
Arizona,AZ,AZ:0:0,2,-114.615,32.734
Arizona,AZ,AZ:0:0,3,-114.539,32.757
Arizona,AZ,AZ:0:0,4,-114.532,32.791
Arizona,AZ,AZ:0:0,5,-114.469,32.845
Arizona,AZ,AZ:0:0,6,-114.464,32.913
Arizona,AZ,AZ:0:0,7,-114.506,33.017
Arizona,AZ,AZ:0:0,8,-114.572,33.037
Arizona,AZ,AZ:0:0,9,-114.671,33.038
Arizona,AZ,AZ:0:0,10,-114.708,33.097
Arizona,AZ,AZ:0:0,11,-114.679,33.163
Arizona,AZ,AZ:0:0,12,-114.677,33.27
Arizona,AZ,AZ:0:0,13,-114.731,33.302
Arizona,AZ,AZ:0:0,14,-114.701,33.337
Arizona,AZ,AZ:0:0,15,-114.723,33.399
Arizona,AZ,AZ:0:0,16,-114.63,33.428
Arizona,AZ,AZ:0:0,17,-114.559,33.532
Arizona,AZ,AZ:0:0,18,-114.532,33.675
Arizona,AZ,AZ:0:0,19,-114.496,33.697
Arizona,AZ,AZ:0:0,20,-114.53,33.848
Arizona,AZ,AZ:0:0,21,-114.503,33.868
Arizona,AZ,AZ:0:0,22,-114.534,33.926
Arizona,AZ,AZ:0:0,23,-114.46,33.997
Arizona,AZ,AZ:0:0,24,-114.416,34.108
Arizona,AZ,AZ:0:0,25,-114.325,34.137
Arizona,AZ,AZ:0:0,26,-114.254,34.174
Arizona,AZ,AZ:0:0,27,-114.167,34.25
Arizona,AZ,AZ:0:0,28,-114.138,34.303
Arizona,AZ,AZ:0:0,29,-114.177,34.349
Arizona,AZ,AZ:0:0,30,-114.226,34.366
Arizona,AZ,AZ:0:0,31,-114.343,34.451
Arizona,AZ,AZ:0:0,32,-114.387,34.458
Arizona,AZ,AZ:0:0,33,-114.381,34.53
Arizona,AZ,AZ:0:0,34,-114.472,34.713
Arizona,AZ,AZ:0:0,35,-114.553,34.767
Arizona,AZ,AZ:0:0,36,-114.587,34.836
Arizona,AZ,AZ:0:0,37,-114.631,34.866
Arizona,AZ,AZ:0:0,38,-114.633,35.002
Arizona,AZ,AZ:0:0,39,-114.605,35.075
Arizona,AZ,AZ:0:0,40,-114.643,35.097
Arizona,AZ,AZ:0:0,41,-114.573,35.139
Arizona,AZ,AZ:0:0,42,-114.569,35.183
Arizona,AZ,AZ:0:0,43,-114.596,35.325
Arizona,AZ,AZ:0:0,44,-114.627,35.41
Arizona,AZ,AZ:0:0,45,-114.678,35.49
Arizona,AZ,AZ:0:0,46,-114.657,35.534
Arizona,AZ,AZ:0:0,47,-114.653,35.611
Arizona,AZ,AZ:0:0,48,-114.689,35.651
Arizona,AZ,AZ:0:0,49,-114.712,35.806
Arizona,AZ,AZ:0:0,50,-114.667,35.875
Arizona,AZ,AZ:0:0,51,-114.731,35.944
Arizona,AZ,AZ:0:0,52,-114.736,36.104
Arizona,AZ,AZ:0:0,53,-114.617,36.13
Arizona,AZ,AZ:0:0,54,-114.572,36.152
Arizona,AZ,AZ:0:0,55,-114.506,36.131
Arizona,AZ,AZ:0:0,56,-114.372,36.143
Arizona,AZ,AZ:0:0,57,-114.239,36.015
Arizona,AZ,AZ:0:0,58,-114.154,36.024
Arizona,AZ,AZ:0:0,59,-114.068,36.181
Arizona,AZ,AZ:0:0,60,-114.047,36.194
Arizona,AZ,AZ:0:0,61,-114.051,36.656
Arizona,AZ,AZ:0:0,62,-114.051,37.0
Arizona,AZ,AZ:0:0,63,-113.558,37.0
Arizona,AZ,AZ:0:0,64,-112.966,37.0
Arizona,AZ,AZ:0:0,65,-112.358,37.001
Arizona,AZ,AZ:0:0,66,-111.413,37.001
Arizona,AZ,AZ:0:0,67,-110.501,37.004
Arizona,AZ,AZ:0:0,68,-110.47,36.998
Arizona,AZ,AZ:0:0,69,-109.626,36.998
Arizona,AZ,AZ:0:0,70,-109.045,36.999
Arizona,AZ,AZ:0:0,71,-109.045,36.527
Arizona,AZ,AZ:0:0,72,-109.046,36.117
Arizona,AZ,AZ:0:0,73,-109.046,35.617
Arizona,AZ,AZ:0:0,74,-109.046,35.176
Arizona,AZ,AZ:0:0,75,-109.046,34.522
Arizona,AZ,AZ:0:0,76,-109.047,34.0
Arizona,AZ,AZ:0:0,77,-109.047,33.625
Arizona,AZ,AZ:0:0,78,-109.047,33.068
Arizona,AZ,AZ:0:0,79,-109.048,32.426
Arizona,AZ,AZ:0:0,80,-109.048,32.089
Arizona,AZ,AZ:0:0,81,-109.05,31.333
Arizona,AZ,AZ:0:0,82,-109.83,31.334
Arizona,AZ,AZ:0:0,83,-110.46,31.333
Arizona,AZ,AZ:0:0,84,-111.075,31.332
Arizona,AZ,AZ:0:0,85,-111.623,31.508
Arizona,AZ,AZ:0:0,86,-112.399,31.752
Arizona,AZ,AZ:0:0,87,-113.126,31.973
Arizona,AZ,AZ:0:0,88,-113.782,32.179
Arizona,AZ,AZ:0:0,89,-114.251,32.324
Arizona,AZ,AZ:0:0,90,-114.814,32.494
Arizona,AZ,AZ:0:0,91,-114.796,32.551
Arizona,AZ,AZ:0:0,92,-114.809,32.617
Arizona,AZ,AZ:0:0,93,-114.765,32.649
Delaware,DE,DE:0:0,0,-75.789,39.722
Delaware,DE,DE:0:0,1,-75.701,39.803
Delaware,DE,DE:0:0,2,-75.617,39.834
Delaware,DE,DE:0:0,3,-75.499,39.833
Delaware,DE,DE:0:0,4,-75.415,39.802
Delaware,DE,DE:0:0,5,-75.459,39.766
Delaware,DE,DE:0:0,6,-75.51,39.686
Delaware,DE,DE:0:0,7,-75.587,39.651
Delaware,DE,DE:0:0,8,-75.612,39.597
Delaware,DE,DE:0:0,9,-75.563,39.562
Delaware,DE,DE:0:0,10,-75.589,39.461
Delaware,DE,DE:0:0,11,-75.513,39.366
Delaware,DE,DE:0:0,12,-75.439,39.313
Delaware,DE,DE:0:0,13,-75.393,39.205
Delaware,DE,DE:0:0,14,-75.411,39.156
Delaware,DE,DE:0:0,15,-75.396,39.058
Delaware,DE,DE:0:0,16,-75.318,38.988
Delaware,DE,DE:0:0,17,-75.312,38.925
Delaware,DE,DE:0:0,18,-75.191,38.807
Delaware,DE,DE:0:0,19,-75.082,38.772
Delaware,DE,DE:0:0,20,-75.066,38.661
Delaware,DE,DE:0:0,21,-75.049,38.451
Delaware,DE,DE:0:0,22,-75.429,38.453
Delaware,DE,DE:0:0,23,-75.694,38.46
Delaware,DE,DE:0:0,24,-75.728,38.895
Delaware,DE,DE:0:0,25,-75.789,39.659
Rhode Island,RI,RI:0:0,0,-71.196,41.675
Rhode Island,RI,RI:0:0,1,-71.133,41.66
Rhode Island,RI,RI:0:0,2,-71.121,41.497
Rhode Island,RI,RI:0:0,3,-71.19,41.484
Rhode Island,RI,RI:0:0,4,-71.241,41.501
Rhode Island,RI,RI:0:0,5,-71.343,41.496
Rhode Island,RI,RI:0:0,6,-71.285,41.577
Rhode Island,RI,RI:0:0,7,-71.272,41.624
Rhode Island,RI,RI:1:0,0,-71.861,41.32
Rhode Island,RI,RI:1:0,1,-71.83,41.345
Rhode Island,RI,RI:1:0,2,-71.84,41.412
Rhode Island,RI,RI:1:0,3,-71.798,41.417
Rhode Island,RI,RI:1:0,4,-71.787,41.656
Rhode Island,RI,RI:1:0,5,-71.799,42.008
Rhode Island,RI,RI:1:0,6,-71.381,42.019
Rhode Island,RI,RI:1:0,7,-71.382,41.893
Rhode Island,RI,RI:1:0,8,-71.339,41.898
Rhode Island,RI,RI:1:0,9,-71.347,41.823
Rhode Island,RI,RI:1:0,10,-71.328,41.781
Rhode Island,RI,RI:1:0,11,-71.261,41.752
Rhode Island,RI,RI:1:0,12,-71.225,41.71
Rhode Island,RI,RI:1:0,13,-71.291,41.703
Rhode Island,RI,RI:1:0,14,-71.381,41.727
Rhode Island,RI,RI:1:0,15,-71.409,41.663
Rhode Island,RI,RI:1:0,16,-71.404,41.589
Rhode Island,RI,RI:1:0,17,-71.418,41.473
Rhode Island,RI,RI:1:0,18,-71.483,41.372
Rhode Island,RI,RI:1:0,19,-71.625,41.361
Rhode Island,RI,RI:1:0,20,-71.721,41.332
Colorado,CO,CO:0:0,0,-109.05,41.001
Colorado,CO,CO:0:0,1,-108.251,41.0
Colorado,CO,CO:0:0,2,-107.626,41.002
Colorado,CO,CO:0:0,3,-106.858,41.003
Colorado,CO,CO:0:0,4,-106.218,40.998
Colorado,CO,CO:0:0,5,-105.73,40.997
Colorado,CO,CO:0:0,6,-104.855,40.998
Colorado,CO,CO:0:0,7,-104.053,41.001
Colorado,CO,CO:0:0,8,-103.497,41.002
Colorado,CO,CO:0:0,9,-102.866,41.002
Colorado,CO,CO:0:0,10,-102.052,41.002
Colorado,CO,CO:0:0,11,-102.052,40.538
Colorado,CO,CO:0:0,12,-102.052,40.003
Colorado,CO,CO:0:0,13,-102.048,39.303
Colorado,CO,CO:0:0,14,-102.045,38.813
Colorado,CO,CO:0:0,15,-102.045,38.046
Colorado,CO,CO:0:0,16,-102.042,37.68
Colorado,CO,CO:0:0,17,-102.042,36.993
Colorado,CO,CO:0:0,18,-102.698,36.995
Colorado,CO,CO:0:0,19,-103.002,37.0
Colorado,CO,CO:0:0,20,-103.733,36.998
Colorado,CO,CO:0:0,21,-104.339,36.994
Colorado,CO,CO:0:0,22,-105.001,36.993
Colorado,CO,CO:0:0,23,-105.627,36.996
Colorado,CO,CO:0:0,24,-106.201,36.994
Colorado,CO,CO:0:0,25,-106.87,36.992
Colorado,CO,CO:0:0,26,-106.877,37.0
Colorado,CO,CO:0:0,27,-107.482,37.0
Colorado,CO,CO:0:0,28,-108.249,36.999
Colorado,CO,CO:0:0,29,-109.045,36.999
Colorado,CO,CO:0:0,30,-109.046,37.375
Colorado,CO,CO:0:0,31,-109.042,37.531
Colorado,CO,CO:0:0,32,-109.042,38.165
Colorado,CO,CO:0:0,33,-109.06,38.275
Colorado,CO,CO:0:0,34,-109.06,38.72
Colorado,CO,CO:0:0,35,-109.052,39.126
Colorado,CO,CO:0:0,36,-109.051,39.875
Colorado,CO,CO:0:0,37,-109.051,40.444
Colorado,CO,CO:0:0,38,-109.048,40.619
Utah,UT,UT:0:0,0,-114.042,41.994
Utah,UT,UT:0:0,1,-113.893,41.988
Utah,UT,UT:0:0,2,-113.249,41.996
Utah,UT,UT:0:0,3,-112.193,42.001
Utah,UT,UT:0:0,4,-112.173,41.997
Utah,UT,UT:0:0,5,-111.508,42.0
Utah,UT,UT:0:0,6,-111.047,42.002
Utah,UT,UT:0:0,7,-111.046,41.566
Utah,UT,UT:0:0,8,-111.047,40.998
Utah,UT,UT:0:0,9,-110.501,40.995
Utah,UT,UT:0:0,10,-109.535,40.998
Utah,UT,UT:0:0,11,-109.05,41.001
Utah,UT,UT:0:0,12,-109.048,40.619
Utah,UT,UT:0:0,13,-109.051,40.444
Utah,UT,UT:0:0,14,-109.051,39.875
Utah,UT,UT:0:0,15,-109.052,39.126
Utah,UT,UT:0:0,16,-109.06,38.72
Utah,UT,UT:0:0,17,-109.06,38.275
Utah,UT,UT:0:0,18,-109.042,38.165
Utah,UT,UT:0:0,19,-109.042,37.531
Utah,UT,UT:0:0,20,-109.046,37.375
Utah,UT,UT:0:0,21,-109.045,36.999
Utah,UT,UT:0:0,22,-109.626,36.998
Utah,UT,UT:0:0,23,-110.47,36.998
Utah,UT,UT:0:0,24,-110.501,37.004
Utah,UT,UT:0:0,25,-111.413,37.001
Utah,UT,UT:0:0,26,-112.358,37.001
Utah,UT,UT:0:0,27,-112.966,37.0
Utah,UT,UT:0:0,28,-113.558,37.0
Utah,UT,UT:0:0,29,-114.051,37.0
Utah,UT,UT:0:0,30,-114.053,37.593
Utah,UT,UT:0:0,31,-114.05,37.824
Utah,UT,UT:0:0,32,-114.05,38.5
Utah,UT,UT:0:0,33,-114.049,39.006
Utah,UT,UT:0:0,34,-114.047,39.5
Utah,UT,UT:0:0,35,-114.047,39.997
Utah,UT,UT:0:0,36,-114.046,40.398
Utah,UT,UT:0:0,37,-114.043,40.772
Utah,UT,UT:0:0,38,-114.041,41.22
Utah,UT,UT:0:0,39,-114.04,41.885
Virginia,VA,VA:0:0,0,-75.67,37.951
Virginia,VA,VA:0:0,1,-75.624,37.994
Virginia,VA,VA:0:0,2,-75.242,38.027
Virginia,VA,VA:0:0,3,-75.352,37.875
Virginia,VA,VA:0:0,4,-75.439,37.869
Virginia,VA,VA:0:0,5,-75.489,37.832
Virginia,VA,VA:0:0,6,-75.563,37.736
Virginia,VA,VA:0:0,7,-75.615,37.609
Virginia,VA,VA:0:0,8,-75.602,37.567
Virginia,VA,VA:0:0,9,-75.673,37.484
Virginia,VA,VA:0:0,10,-75.658,37.452
Virginia,VA,VA:0:0,11,-75.765,37.306
Virginia,VA,VA:0:0,12,-75.817,37.193
Virginia,VA,VA:0:0,13,-75.897,37.118
Virginia,VA,VA:0:0,14,-75.97,37.129
Virginia,VA,VA:0:0,15,-76.026,37.257
Virginia,VA,VA:0:0,16,-76.014,37.332
Virginia,VA,VA:0:0,17,-75.987,37.369
Virginia,VA,VA:0:0,18,-75.982,37.434
Virginia,VA,VA:0:0,19,-75.91,37.623
Virginia,VA,VA:0:0,20,-75.803,37.762
Virginia,VA,VA:0:0,21,-75.69,37.862
Virginia,VA,VA:0:0,22,-75.712,37.936
Virginia,VA,VA:1:0,0,-81.968,37.538
Virginia,VA,VA:1:0,1,-81.941,37.509
Virginia,VA,VA:1:0,2,-81.997,37.477
Virginia,VA,VA:1:0,3,-81.949,37.446
Virginia,VA,VA:1:0,4,-81.928,37.361
Virginia,VA,VA:1:0,5,-81.854,37.307
Virginia,VA,VA:1:0,6,-81.762,37.276
Virginia,VA,VA:1:0,7,-81.678,37.201
Virginia,VA,VA:1:0,8,-81.561,37.207
Virginia,VA,VA:1:0,9,-81.448,37.271
Virginia,VA,VA:1:0,10,-81.417,37.273
Virginia,VA,VA:1:0,11,-81.362,37.338
Virginia,VA,VA:1:0,12,-81.225,37.235
Virginia,VA,VA:1:0,13,-81.113,37.278
Virginia,VA,VA:1:0,14,-80.98,37.302
Virginia,VA,VA:1:0,15,-80.948,37.296
Virginia,VA,VA:1:0,16,-80.849,37.347
Virginia,VA,VA:1:0,17,-80.883,37.384
Virginia,VA,VA:1:0,18,-80.857,37.427
Virginia,VA,VA:1:0,19,-80.784,37.395
Virginia,VA,VA:1:0,20,-80.705,37.395
Virginia,VA,VA:1:0,21,-80.552,37.474
Virginia,VA,VA:1:0,22,-80.515,37.479
Virginia,VA,VA:1:0,23,-80.476,37.423
Virginia,VA,VA:1:0,24,-80.3,37.508
Virginia,VA,VA:1:0,25,-80.329,37.564
Virginia,VA,VA:1:0,26,-80.259,37.595
Virginia,VA,VA:1:0,27,-80.296,37.692
Virginia,VA,VA:1:0,28,-80.257,37.756
Virginia,VA,VA:1:0,29,-80.162,37.875
Virginia,VA,VA:1:0,30,-80.003,37.993
Virginia,VA,VA:1:0,31,-79.926,38.107
Virginia,VA,VA:1:0,32,-79.898,38.193
Virginia,VA,VA:1:0,33,-79.788,38.273
Virginia,VA,VA:1:0,34,-79.81,38.305
Virginia,VA,VA:1:0,35,-79.744,38.354
Virginia,VA,VA:1:0,36,-79.69,38.431
Virginia,VA,VA:1:0,37,-79.699,38.475
Virginia,VA,VA:1:0,38,-79.649,38.592
Virginia,VA,VA:1:0,39,-79.537,38.551
Virginia,VA,VA:1:0,40,-79.477,38.457
Virginia,VA,VA:1:0,41,-79.312,38.412
Virginia,VA,VA:1:0,42,-79.211,38.493
Virginia,VA,VA:1:0,43,-79.13,38.655
Virginia,VA,VA:1:0,44,-79.093,38.66
Virginia,VA,VA:1:0,45,-79.073,38.748
Virginia,VA,VA:1:0,46,-78.994,38.85
Virginia,VA,VA:1:0,47,-78.869,38.763
Virginia,VA,VA:1:0,48,-78.788,38.885
Virginia,VA,VA:1:0,49,-78.739,38.927
Virginia,VA,VA:1:0,50,-78.68,38.925
Virginia,VA,VA:1:0,51,-78.647,38.968
Virginia,VA,VA:1:0,52,-78.602,38.965
Virginia,VA,VA:1:0,53,-78.572,39.032
Virginia,VA,VA:1:0,54,-78.404,39.167
Virginia,VA,VA:1:0,55,-78.439,39.198
Virginia,VA,VA:1:0,56,-78.419,39.257
Virginia,VA,VA:1:0,57,-78.34,39.353
Virginia,VA,VA:1:0,58,-78.347,39.466
Virginia,VA,VA:1:0,59,-77.828,39.132
Virginia,VA,VA:1:0,60,-77.747,39.295
Virginia,VA,VA:1:0,61,-77.72,39.321
Virginia,VA,VA:1:0,62,-77.567,39.306
Virginia,VA,VA:1:0,63,-77.543,39.267
Virginia,VA,VA:1:0,64,-77.458,39.225
Virginia,VA,VA:1:0,65,-77.527,39.146
Virginia,VA,VA:1:0,66,-77.463,39.076
Virginia,VA,VA:1:0,67,-77.34,39.063
Virginia,VA,VA:1:0,68,-77.245,39.02
Virginia,VA,VA:1:0,69,-77.222,38.971
Virginia,VA,VA:1:0,70,-77.147,38.964
Virginia,VA,VA:1:0,71,-77.12,38.934
Virginia,VA,VA:1:0,72,-77.032,38.851
Virginia,VA,VA:1:0,73,-77.039,38.792
Virginia,VA,VA:1:0,74,-77.042,38.719
Virginia,VA,VA:1:0,75,-77.133,38.674
Virginia,VA,VA:1:0,76,-77.13,38.635
Virginia,VA,VA:1:0,77,-77.247,38.591
Virginia,VA,VA:1:0,78,-77.325,38.449
Virginia,VA,VA:1:0,79,-77.28,38.339
Virginia,VA,VA:1:0,80,-77.24,38.332
Virginia,VA,VA:1:0,81,-77.085,38.368
Virginia,VA,VA:1:0,82,-77.012,38.375
Virginia,VA,VA:1:0,83,-77.031,38.312
Virginia,VA,VA:1:0,84,-76.962,38.256
Virginia,VA,VA:1:0,85,-76.962,38.214
Virginia,VA,VA:1:0,86,-76.839,38.163
Virginia,VA,VA:1:0,87,-76.76,38.167
Virginia,VA,VA:1:0,88,-76.614,38.149
Virginia,VA,VA:1:0,89,-76.601,38.11
Virginia,VA,VA:1:0,90,-76.536,38.07
Virginia,VA,VA:1:0,91,-76.517,38.027
Virginia,VA,VA:1:0,92,-76.469,38.014
Virginia,VA,VA:1:0,93,-76.416,37.967
Virginia,VA,VA:1:0,94,-76.344,37.947
Virginia,VA,VA:1:0,95,-76.237,37.889
Virginia,VA,VA:1:0,96,-76.251,37.833
Virginia,VA,VA:1:0,97,-76.307,37.812
Virginia,VA,VA:1:0,98,-76.303,37.689
Virginia,VA,VA:1:0,99,-76.362,37.61
Virginia,VA,VA:1:0,100,-76.472,37.666
Virginia,VA,VA:1:0,101,-76.537,37.664
Virginia,VA,VA:1:0,102,-76.54,37.704
Virginia,VA,VA:1:0,103,-76.584,37.769
Virginia,VA,VA:1:0,104,-76.722,37.837
Virginia,VA,VA:1:0,105,-76.734,37.799
Virginia,VA,VA:1:0,106,-76.677,37.756
Virginia,VA,VA:1:0,107,-76.62,37.745
Virginia,VA,VA:1:0,108,-76.574,37.647
Virginia,VA,VA:1:0,109,-76.527,37.611
Virginia,VA,VA:1:0,110,-76.435,37.613
Virginia,VA,VA:1:0,111,-76.411,37.582
Virginia,VA,VA:1:0,112,-76.3,37.562
Virginia,VA,VA:1:0,113,-76.252,37.447
Virginia,VA,VA:1:0,114,-76.245,37.387
Virginia,VA,VA:1:0,115,-76.283,37.319
Virginia,VA,VA:1:0,116,-76.387,37.385
Virginia,VA,VA:1:0,117,-76.445,37.366
Virginia,VA,VA:1:0,118,-76.381,37.285
Virginia,VA,VA:1:0,119,-76.4,37.16
Virginia,VA,VA:1:0,120,-76.343,37.166
Virginia,VA,VA:1:0,121,-76.271,37.085
Virginia,VA,VA:1:0,122,-76.304,37.001
Virginia,VA,VA:1:0,123,-76.341,37.015
Virginia,VA,VA:1:0,124,-76.429,36.97
Virginia,VA,VA:1:0,125,-76.464,37.028
Virginia,VA,VA:1:0,126,-76.618,37.119
Virginia,VA,VA:1:0,127,-76.604,37.16
Virginia,VA,VA:1:0,128,-76.65,37.221
Virginia,VA,VA:1:0,129,-76.731,37.214
Virginia,VA,VA:1:0,130,-76.858,37.241
Virginia,VA,VA:1:0,131,-76.748,37.151
Virginia,VA,VA:1:0,132,-76.657,37.11
Virginia,VA,VA:1:0,133,-76.668,37.055
Virginia,VA,VA:1:0,134,-76.586,37.029
Virginia,VA,VA:1:0,135,-76.488,36.952
Virginia,VA,VA:1:0,136,-76.483,36.896
Virginia,VA,VA:1:0,137,-76.388,36.9
Virginia,VA,VA:1:0,138,-76.298,36.968
Virginia,VA,VA:1:0,139,-76.096,36.909
Virginia,VA,VA:1:0,140,-75.996,36.922
Virginia,VA,VA:1:0,141,-75.95,36.761
Virginia,VA,VA:1:0,142,-75.891,36.631
Virginia,VA,VA:1:0,143,-75.867,36.551
Virginia,VA,VA:1:0,144,-76.313,36.551
Virginia,VA,VA:1:0,145,-76.807,36.551
Virginia,VA,VA:1:0,146,-76.916,36.544
Virginia,VA,VA:1:0,147,-77.75,36.546
Virginia,VA,VA:1:0,148,-78.51,36.541
Virginia,VA,VA:1:0,149,-78.979,36.542
Virginia,VA,VA:1:0,150,-79.511,36.541
Virginia,VA,VA:1:0,151,-80.295,36.544
Virginia,VA,VA:1:0,152,-80.705,36.562
Virginia,VA,VA:1:0,153,-80.838,36.559
Virginia,VA,VA:1:0,154,-81.678,36.588
Virginia,VA,VA:1:0,155,-81.647,36.612
Virginia,VA,VA:1:0,156,-81.923,36.616
Virginia,VA,VA:1:0,157,-81.934,36.594
Virginia,VA,VA:1:0,158,-82.888,36.593
Virginia,VA,VA:1:0,159,-83.261,36.594
Virginia,VA,VA:1:0,160,-83.276,36.598
Virginia,VA,VA:1:0,161,-83.675,36.601
Virginia,VA,VA:1:0,162,-83.532,36.665
Virginia,VA,VA:1:0,163,-83.424,36.667
Virginia,VA,VA:1:0,164,-83.386,36.687
Virginia,VA,VA:1:0,165,-83.195,36.739
Virginia,VA,VA:1:0,166,-83.136,36.743
Virginia,VA,VA:1:0,167,-83.132,36.781
Virginia,VA,VA:1:0,168,-83.073,36.855
Virginia,VA,VA:1:0,169,-82.97,36.858
Virginia,VA,VA:1:0,170,-82.879,36.889
Virginia,VA,VA:1:0,171,-82.823,37.004
Virginia,VA,VA:1:0,172,-82.782,37.008
Virginia,VA,VA:1:0,173,-82.722,37.058
Virginia,VA,VA:1:0,174,-82.722,37.12
Virginia,VA,VA:1:0,175,-82.499,37.227
Virginia,VA,VA:1:0,176,-82.351,37.267
Wyoming,WY,WY:0:0,0,-104.058,44.997
Wyoming,WY,WY:0:0,1,-104.056,44.691
Wyoming,WY,WY:0:0,2,-104.054,44.18
Wyoming,WY,WY:0:0,3,-104.055,43.853
Wyoming,WY,WY:0:0,4,-104.054,43.29
Wyoming,WY,WY:0:0,5,-104.053,43.001
Wyoming,WY,WY:0:0,6,-104.053,42.5
Wyoming,WY,WY:0:0,7,-104.053,41.885
Wyoming,WY,WY:0:0,8,-104.052,41.418
Wyoming,WY,WY:0:0,9,-104.053,41.001
Wyoming,WY,WY:0:0,10,-104.855,40.998
Wyoming,WY,WY:0:0,11,-105.73,40.997
Wyoming,WY,WY:0:0,12,-106.218,40.998
Wyoming,WY,WY:0:0,13,-106.858,41.003
Wyoming,WY,WY:0:0,14,-107.626,41.002
Wyoming,WY,WY:0:0,15,-108.251,41.0
Wyoming,WY,WY:0:0,16,-109.05,41.001
Wyoming,WY,WY:0:0,17,-109.535,40.998
Wyoming,WY,WY:0:0,18,-110.501,40.995
Wyoming,WY,WY:0:0,19,-111.047,40.998
Wyoming,WY,WY:0:0,20,-111.046,41.566
Wyoming,WY,WY:0:0,21,-111.047,42.002
Wyoming,WY,WY:0:0,22,-111.047,42.505
Wyoming,WY,WY:0:0,23,-111.044,42.723
Wyoming,WY,WY:0:0,24,-111.045,43.501
Wyoming,WY,WY:0:0,25,-111.049,44.02
Wyoming,WY,WY:0:0,26,-111.052,44.478
Wyoming,WY,WY:0:0,27,-111.055,45.001
Wyoming,WY,WY:0:0,28,-110.785,45.003
Wyoming,WY,WY:0:0,29,-110.705,44.992
Wyoming,WY,WY:0:0,30,-110.2,44.996
Wyoming,WY,WY:0:0,31,-110.11,45.004
Wyoming,WY,WY:0:0,32,-109.751,45.002
Wyoming,WY,WY:0:0,33,-109.103,45.006
Wyoming,WY,WY:0:0,34,-109.083,45.0
Wyoming,WY,WY:0:0,35,-108.271,45.0
Wyoming,WY,WY:0:0,36,-107.751,45.001
Wyoming,WY,WY:0:0,37,-107.134,45.0
Wyoming,WY,WY:0:0,38,-107.085,44.997
Wyoming,WY,WY:0:0,39,-106.567,44.995
Wyoming,WY,WY:0:0,40,-105.928,44.994
Wyoming,WY,WY:0:0,41,-105.913,45.001
Wyoming,WY,WY:0:0,42,-105.371,45.0
Wyoming,WY,WY:0:0,43,-104.765,44.999
Louisiana,LA,LA:0:0,0,-89.342,30.059
Louisiana,LA,LA:0:0,1,-89.19,30.162
Louisiana,LA,LA:0:0,2,-89.227,30.095
Louisiana,LA,LA:0:0,3,-89.173,30.043
Louisiana,LA,LA:0:0,4,-89.227,30.021
Louisiana,LA,LA:0:0,5,-89.337,30.04
Louisiana,LA,LA:1:0,0,-92.018,29.591
Louisiana,LA,LA:1:0,1,-91.928,29.632
Louisiana,LA,LA:1:0,2,-91.848,29.627
Louisiana,LA,LA:1:0,3,-91.713,29.556
Louisiana,LA,LA:1:0,4,-91.765,29.525
Louisiana,LA,LA:1:0,5,-91.768,29.49
Louisiana,LA,LA:1:0,6,-91.846,29.479
Louisiana,LA,LA:1:0,7,-92.015,29.561
Louisiana,LA,LA:2:0,0,-94.043,33.019
Louisiana,LA,LA:2:0,1,-93.491,33.018
Louisiana,LA,LA:2:0,2,-92.797,33.015
Louisiana,LA,LA:2:0,3,-92.223,33.009
Louisiana,LA,LA:2:0,4,-91.952,33.007
Louisiana,LA,LA:2:0,5,-91.166,33.004
Louisiana,LA,LA:2:0,6,-91.213,32.922
Louisiana,LA,LA:2:0,7,-91.16,32.9
Louisiana,LA,LA:2:0,8,-91.087,32.976
Louisiana,LA,LA:2:0,9,-91.071,32.889
Louisiana,LA,LA:2:0,10,-91.145,32.843
Louisiana,LA,LA:2:0,11,-91.165,32.751
Louisiana,LA,LA:2:0,12,-91.061,32.727
Louisiana,LA,LA:2:0,13,-91.064,32.703
Louisiana,LA,LA:2:0,14,-91.153,32.641
Louisiana,LA,LA:2:0,15,-91.119,32.585
Louisiana,LA,LA:2:0,16,-91.071,32.549
Louisiana,LA,LA:2:0,17,-91.117,32.5
Louisiana,LA,LA:2:0,18,-91.095,32.459
Louisiana,LA,LA:2:0,19,-91.03,32.434
Louisiana,LA,LA:2:0,20,-90.966,32.434
Louisiana,LA,LA:2:0,21,-91.005,32.368
Louisiana,LA,LA:2:0,22,-90.894,32.328
Louisiana,LA,LA:2:0,23,-90.948,32.283
Louisiana,LA,LA:2:0,24,-90.983,32.212
Louisiana,LA,LA:2:0,25,-91.034,32.242
Louisiana,LA,LA:2:0,26,-91.164,32.197
Louisiana,LA,LA:2:0,27,-91.163,32.133
Louisiana,LA,LA:2:0,28,-91.053,32.124
Louisiana,LA,LA:2:0,29,-91.039,32.098
Louisiana,LA,LA:2:0,30,-91.099,32.048
Louisiana,LA,LA:2:0,31,-91.076,32.017
Louisiana,LA,LA:2:0,32,-91.188,31.961
Louisiana,LA,LA:2:0,33,-91.201,31.909
Louisiana,LA,LA:2:0,34,-91.268,31.863
Louisiana,LA,LA:2:0,35,-91.346,31.843
Louisiana,LA,LA:2:0,36,-91.397,31.711
Louisiana,LA,LA:2:0,37,-91.396,31.644
Louisiana,LA,LA:2:0,38,-91.421,31.612
Louisiana,LA,LA:2:0,39,-91.498,31.645
Louisiana,LA,LA:2:0,40,-91.485,31.586
Louisiana,LA,LA:2:0,41,-91.45,31.54
Louisiana,LA,LA:2:0,42,-91.516,31.531
Louisiana,LA,LA:2:0,43,-91.513,31.444
Louisiana,LA,LA:2:0,44,-91.472,31.396
Louisiana,LA,LA:2:0,45,-91.516,31.37
Louisiana,LA,LA:2:0,46,-91.519,31.275
Louisiana,LA,LA:2:0,47,-91.638,31.268
Louisiana,LA,LA:2:0,48,-91.644,31.234
Louisiana,LA,LA:2:0,49,-91.59,31.194
Louisiana,LA,LA:2:0,50,-91.626,31.117
Louisiana,LA,LA:2:0,51,-91.568,31.07
Louisiana,LA,LA:2:0,52,-91.564,31.039
Louisiana,LA,LA:2:0,53,-91.625,30.999
Louisiana,LA,LA:2:0,54,-91.108,30.999
Louisiana,LA,LA:2:0,55,-90.381,31.0
Louisiana,LA,LA:2:0,56,-89.753,31.002
Louisiana,LA,LA:2:0,57,-89.756,30.943
Louisiana,LA,LA:2:0,58,-89.846,30.707
Louisiana,LA,LA:2:0,59,-89.82,30.597
Louisiana,LA,LA:2:0,60,-89.768,30.515
Louisiana,LA,LA:2:0,61,-89.683,30.452
Louisiana,LA,LA:2:0,62,-89.684,30.406
Louisiana,LA,LA:2:0,63,-89.63,30.339
Louisiana,LA,LA:2:0,64,-89.642,30.304
Louisiana,LA,LA:2:0,65,-89.617,30.227
Louisiana,LA,LA:2:0,66,-89.57,30.18
Louisiana,LA,LA:2:0,67,-89.525,30.181
Louisiana,LA,LA:2:0,68,-89.618,30.156
Louisiana,LA,LA:2:0,69,-89.678,30.108
Louisiana,LA,LA:2:0,70,-89.684,30.076
Louisiana,LA,LA:2:0,71,-89.763,30.042
Louisiana,LA,LA:2:0,72,-89.819,30.043
Louisiana,LA,LA:2:0,73,-89.858,30.004
Louisiana,LA,LA:2:0,74,-89.839,29.946
Louisiana,LA,LA:2:0,75,-89.775,29.937
Louisiana,LA,LA:2:0,76,-89.692,29.869
Louisiana,LA,LA:2:0,77,-89.598,29.881
Louisiana,LA,LA:2:0,78,-89.575,29.959
Louisiana,LA,LA:2:0,79,-89.581,29.995
Louisiana,LA,LA:2:0,80,-89.494,30.041
Louisiana,LA,LA:2:0,81,-89.482,30.079
Louisiana,LA,LA:2:0,82,-89.372,30.037
Louisiana,LA,LA:2:0,83,-89.433,30.008
Louisiana,LA,LA:2:0,84,-89.379,29.964
Louisiana,LA,LA:2:0,85,-89.368,29.911
Louisiana,LA,LA:2:0,86,-89.315,29.923
Louisiana,LA,LA:2:0,87,-89.273,29.994
Louisiana,LA,LA:2:0,88,-89.218,29.973
Louisiana,LA,LA:2:0,89,-89.231,29.925
Louisiana,LA,LA:2:0,90,-89.28,29.925
Louisiana,LA,LA:2:0,91,-89.363,29.846
Louisiana,LA,LA:2:0,92,-89.386,29.789
Louisiana,LA,LA:2:0,93,-89.468,29.699
Louisiana,LA,LA:2:0,94,-89.52,29.692
Louisiana,LA,LA:2:0,95,-89.535,29.649
Louisiana,LA,LA:2:0,96,-89.583,29.653
Louisiana,LA,LA:2:0,97,-89.638,29.597
Louisiana,LA,LA:2:0,98,-89.671,29.588
Louisiana,LA,LA:2:0,99,-89.681,29.534
Louisiana,LA,LA:2:0,100,-89.64,29.504
Louisiana,LA,LA:2:0,101,-89.528,29.455
Louisiana,LA,LA:2:0,102,-89.487,29.393
Louisiana,LA,LA:2:0,103,-89.312,29.388
Louisiana,LA,LA:2:0,104,-89.224,29.314
Louisiana,LA,LA:2:0,105,-89.201,29.348
Louisiana,LA,LA:2:0,106,-89.115,29.253
Louisiana,LA,LA:2:0,107,-89.091,29.191
Louisiana,LA,LA:2:0,108,-89.026,29.215
Louisiana,LA,LA:2:0,109,-89.004,29.18
Louisiana,LA,LA:2:0,110,-89.067,29.091
Louisiana,LA,LA:2:0,111,-89.147,29.052
Louisiana,LA,LA:2:0,112,-89.143,28.992
Louisiana,LA,LA:2:0,113,-89.293,29.041
Louisiana,LA,LA:2:0,114,-89.364,28.965
Louisiana,LA,LA:2:0,115,-89.393,28.987
Louisiana,LA,LA:2:0,116,-89.344,29.053
Louisiana,LA,LA:2:0,117,-89.31,29.071
Louisiana,LA,LA:2:0,118,-89.312,29.118
Louisiana,LA,LA:2:0,119,-89.282,29.181
Louisiana,LA,LA:2:0,120,-89.319,29.202
Louisiana,LA,LA:2:0,121,-89.351,29.13
Louisiana,LA,LA:2:0,122,-89.409,29.128
Louisiana,LA,LA:2:0,123,-89.483,29.215
Louisiana,LA,LA:2:0,124,-89.607,29.252
Louisiana,LA,LA:2:0,125,-89.64,29.291
Louisiana,LA,LA:2:0,126,-89.843,29.319
Louisiana,LA,LA:2:0,127,-89.883,29.307
Louisiana,LA,LA:2:0,128,-90.059,29.184
Louisiana,LA,LA:2:0,129,-90.224,29.085
Louisiana,LA,LA:2:0,130,-90.234,29.129
Louisiana,LA,LA:2:0,131,-90.304,29.266
Louisiana,LA,LA:2:0,132,-90.394,29.299
Louisiana,LA,LA:2:0,133,-90.432,29.347
Louisiana,LA,LA:2:0,134,-90.479,29.292
Louisiana,LA,LA:2:0,135,-90.527,29.304
Louisiana,LA,LA:2:0,136,-90.723,29.136
Louisiana,LA,LA:2:0,137,-90.798,29.096
Louisiana,LA,LA:2:0,138,-90.813,29.042
Louisiana,LA,LA:2:0,139,-90.868,29.056
Louisiana,LA,LA:2:0,140,-90.86,29.095
Louisiana,LA,LA:2:0,141,-90.961,29.181
Louisiana,LA,LA:2:0,142,-91.0,29.169
Louisiana,LA,LA:2:0,143,-91.094,29.188
Louisiana,LA,LA:2:0,144,-91.129,29.216
Louisiana,LA,LA:2:0,145,-91.2,29.221
Louisiana,LA,LA:2:0,146,-91.279,29.248
Louisiana,LA,LA:2:0,147,-91.335,29.299
Louisiana,LA,LA:2:0,148,-91.238,29.351
Louisiana,LA,LA:2:0,149,-91.172,29.267
Louisiana,LA,LA:2:0,150,-91.122,29.251
Louisiana,LA,LA:2:0,151,-91.133,29.341
Louisiana,LA,LA:2:0,152,-91.218,29.396
Louisiana,LA,LA:2:0,153,-91.33,29.427
Louisiana,LA,LA:2:0,154,-91.32,29.478
Louisiana,LA,LA:2:0,155,-91.358,29.513
Louisiana,LA,LA:2:0,156,-91.461,29.47
Louisiana,LA,LA:2:0,157,-91.517,29.53
Louisiana,LA,LA:2:0,158,-91.554,29.633
Louisiana,LA,LA:2:0,159,-91.625,29.626
Louisiana,LA,LA:2:0,160,-91.622,29.735
Louisiana,LA,LA:2:0,161,-91.737,29.749
Louisiana,LA,LA:2:0,162,-91.854,29.708
Louisiana,LA,LA:2:0,163,-91.861,29.773
Louisiana,LA,LA:2:0,164,-91.831,29.829
Louisiana,LA,LA:2:0,165,-91.889,29.836
Louisiana,LA,LA:2:0,166,-92.063,29.769
Louisiana,LA,LA:2:0,167,-92.137,29.767
Louisiana,LA,LA:2:0,168,-92.2,29.726
Louisiana,LA,LA:2:0,169,-92.137,29.667
Louisiana,LA,LA:2:0,170,-92.108,29.614
Louisiana,LA,LA:2:0,171,-92.252,29.539
Louisiana,LA,LA:2:0,172,-92.323,29.531
Louisiana,LA,LA:2:0,173,-92.615,29.586
Louisiana,LA,LA:2:0,174,-92.741,29.622
Louisiana,LA,LA:2:0,175,-92.947,29.709
Louisiana,LA,LA:2:0,176,-93.177,29.77
Louisiana,LA,LA:2:0,177,-93.296,29.775
Louisiana,LA,LA:2:0,178,-93.346,29.763
Louisiana,LA,LA:2:0,179,-93.475,29.769
Louisiana,LA,LA:2:0,180,-93.742,29.736
Louisiana,LA,LA:2:0,181,-93.838,29.691
Louisiana,LA,LA:2:0,182,-93.923,29.819
Louisiana,LA,LA:2:0,183,-93.855,29.864
Louisiana,LA,LA:2:0,184,-93.787,29.991
Louisiana,LA,LA:2:0,185,-93.721,30.053
Louisiana,LA,LA:2:0,186,-93.732,30.089
Louisiana,LA,LA:2:0,187,-93.698,30.153
Louisiana,LA,LA:2:0,188,-93.721,30.21
Louisiana,LA,LA:2:0,189,-93.714,30.294
Louisiana,LA,LA:2:0,190,-93.766,30.333
Louisiana,LA,LA:2:0,191,-93.759,30.387
Louisiana,LA,LA:2:0,192,-93.698,30.444
Louisiana,LA,LA:2:0,193,-93.728,30.574
Louisiana,LA,LA:2:0,194,-93.68,30.6
Louisiana,LA,LA:2:0,195,-93.683,30.641
Louisiana,LA,LA:2:0,196,-93.621,30.695
Louisiana,LA,LA:2:0,197,-93.589,30.787
Louisiana,LA,LA:2:0,198,-93.554,30.825
Louisiana,LA,LA:2:0,199,-93.568,30.888
Louisiana,LA,LA:2:0,200,-93.526,30.939
Louisiana,LA,LA:2:0,201,-93.568,30.978
Louisiana,LA,LA:2:0,202,-93.517,31.024
Louisiana,LA,LA:2:0,203,-93.547,31.083
Louisiana,LA,LA:2:0,204,-93.549,31.187
Louisiana,LA,LA:2:0,205,-93.6,31.176
Louisiana,LA,LA:2:0,206,-93.62,31.271
Louisiana,LA,LA:2:0,207,-93.688,31.31
Louisiana,LA,LA:2:0,208,-93.664,31.36
Louisiana,LA,LA:2:0,209,-93.701,31.438
Louisiana,LA,LA:2:0,210,-93.749,31.469
Louisiana,LA,LA:2:0,211,-93.726,31.504
Louisiana,LA,LA:2:0,212,-93.819,31.555
Louisiana,LA,LA:2:0,213,-93.838,31.607
Louisiana,LA,LA:2:0,214,-93.804,31.686
Louisiana,LA,LA:2:0,215,-93.823,31.774
Louisiana,LA,LA:2:0,216,-93.871,31.817
Louisiana,LA,LA:2:0,217,-93.91,31.893
Louisiana,LA,LA:2:0,218,-93.977,31.926
Louisiana,LA,LA:2:0,219,-94.043,31.999
Louisiana,LA,LA:2:0,220,-94.043,32.693
Michigan,MI,MI:0:0,0,-84.651,45.863
Michigan,MI,MI:0:0,1,-84.589,45.826
Michigan,MI,MI:0:0,2,-84.356,45.772
Michigan,MI,MI:0:0,3,-84.419,45.722
Michigan,MI,MI:0:0,4,-84.501,45.737
Michigan,MI,MI:0:0,5,-84.55,45.79
Michigan,MI,MI:1:0,0,-85.63,45.598
Michigan,MI,MI:1:0,1,-85.566,45.76
Michigan,MI,MI:1:0,2,-85.501,45.754
Michigan,MI,MI:1:0,3,-85.506,45.681
Michigan,MI,MI:1:0,4,-85.487,45.621
Michigan,MI,MI:1:0,5,-85.534,45.578
Michigan,MI,MI:2:0,0,-86.065,45.14
Michigan,MI,MI:2:0,1,-85.977,45.138
Michigan,MI,MI:2:0,2,-85.984,45.087
Michigan,MI,MI:2:0,3,-86.06,45.105
Michigan,MI,MI:3:0,0,-86.825,41.76
Michigan,MI,MI:3:0,1,-86.717,41.819
Michigan,MI,MI:3:0,2,-86.619,41.894
Michigan,MI,MI:3:0,3,-86.485,42.118
Michigan,MI,MI:3:0,4,-86.356,42.254
Michigan,MI,MI:3:0,5,-86.297,42.358
Michigan,MI,MI:3:0,6,-86.25,42.48
Michigan,MI,MI:3:0,7,-86.207,42.719
Michigan,MI,MI:3:0,8,-86.211,42.859
Michigan,MI,MI:3:0,9,-86.226,42.988
Michigan,MI,MI:3:0,10,-86.255,43.083
Michigan,MI,MI:3:0,11,-86.396,43.316
Michigan,MI,MI:3:0,12,-86.479,43.515
Michigan,MI,MI:3:0,13,-86.538,43.618
Michigan,MI,MI:3:0,14,-86.529,43.678
Michigan,MI,MI:3:0,15,-86.462,43.747
Michigan,MI,MI:3:0,16,-86.431,43.816
Michigan,MI,MI:3:0,17,-86.463,43.971
Michigan,MI,MI:3:0,18,-86.515,44.058
Michigan,MI,MI:3:0,19,-86.43,44.12
Michigan,MI,MI:3:0,20,-86.269,44.345
Michigan,MI,MI:3:0,21,-86.249,44.483
Michigan,MI,MI:3:0,22,-86.221,44.567
Michigan,MI,MI:3:0,23,-86.254,44.648
Michigan,MI,MI:3:0,24,-86.232,44.706
Michigan,MI,MI:3:0,25,-86.121,44.728
Michigan,MI,MI:3:0,26,-86.074,44.77
Michigan,MI,MI:3:0,27,-86.067,44.906
Michigan,MI,MI:3:0,28,-85.98,44.906
Michigan,MI,MI:3:0,29,-85.932,44.969
Michigan,MI,MI:3:0,30,-85.87,44.939
Michigan,MI,MI:3:0,31,-85.807,44.95
Michigan,MI,MI:3:0,32,-85.746,45.051
Michigan,MI,MI:3:0,33,-85.681,45.093
Michigan,MI,MI:3:0,34,-85.619,45.187
Michigan,MI,MI:3:0,35,-85.531,45.177
Michigan,MI,MI:3:0,36,-85.614,45.128
Michigan,MI,MI:3:0,37,-85.583,45.071
Michigan,MI,MI:3:0,38,-85.602,44.927
Michigan,MI,MI:3:0,39,-85.649,44.874
Michigan,MI,MI:3:0,40,-85.628,44.768
Michigan,MI,MI:3:0,41,-85.582,44.808
Michigan,MI,MI:3:0,42,-85.531,44.89
Michigan,MI,MI:3:0,43,-85.52,44.974
Michigan,MI,MI:3:0,44,-85.475,44.991
Michigan,MI,MI:3:0,45,-85.498,44.865
Michigan,MI,MI:3:0,46,-85.56,44.81
Michigan,MI,MI:3:0,47,-85.577,44.76
Michigan,MI,MI:3:0,48,-85.527,44.748
Michigan,MI,MI:3:0,49,-85.396,44.931
Michigan,MI,MI:3:0,50,-85.367,45.117
Michigan,MI,MI:3:0,51,-85.389,45.235
Michigan,MI,MI:3:0,52,-85.372,45.271
Michigan,MI,MI:3:0,53,-85.21,45.357
Michigan,MI,MI:3:0,54,-85.144,45.37
Michigan,MI,MI:3:0,55,-85.033,45.361
Michigan,MI,MI:3:0,56,-84.916,45.393
Michigan,MI,MI:3:0,57,-84.922,45.422
Michigan,MI,MI:3:0,58,-85.041,45.437
Michigan,MI,MI:3:0,59,-85.088,45.477
Michigan,MI,MI:3:0,60,-85.12,45.569
Michigan,MI,MI:3:0,61,-85.075,45.629
Michigan,MI,MI:3:0,62,-85.015,45.652
Michigan,MI,MI:3:0,63,-84.91,45.75
Michigan,MI,MI:3:0,64,-84.8,45.747
Michigan,MI,MI:3:0,65,-84.773,45.789
Michigan,MI,MI:3:0,66,-84.555,45.702
Michigan,MI,MI:3:0,67,-84.462,45.652
Michigan,MI,MI:3:0,68,-84.414,45.669
Michigan,MI,MI:3:0,69,-84.33,45.664
Michigan,MI,MI:3:0,70,-84.215,45.635
Michigan,MI,MI:3:0,71,-84.139,45.574
Michigan,MI,MI:3:0,72,-84.109,45.505
Michigan,MI,MI:3:0,73,-83.909,45.486
Michigan,MI,MI:3:0,74,-83.807,45.419
Michigan,MI,MI:3:0,75,-83.722,45.413
Michigan,MI,MI:3:0,76,-83.599,45.353
Michigan,MI,MI:3:0,77,-83.497,45.358
Michigan,MI,MI:3:0,78,-83.422,45.291
Michigan,MI,MI:3:0,79,-83.36,45.163
Michigan,MI,MI:3:0,80,-83.318,45.129
Michigan,MI,MI:3:0,81,-83.272,45.023
Michigan,MI,MI:3:0,82,-83.399,45.07
Michigan,MI,MI:3:0,83,-83.454,45.032
Michigan,MI,MI:3:0,84,-83.444,44.952
Michigan,MI,MI:3:0,85,-83.394,44.903
Michigan,MI,MI:3:0,86,-83.321,44.881
Michigan,MI,MI:3:0,87,-83.297,44.746
Michigan,MI,MI:3:0,88,-83.273,44.714
Michigan,MI,MI:3:0,89,-83.315,44.609
Michigan,MI,MI:3:0,90,-83.308,44.54
Michigan,MI,MI:3:0,91,-83.333,44.34
Michigan,MI,MI:3:0,92,-83.426,44.272
Michigan,MI,MI:3:0,93,-83.509,44.274
Michigan,MI,MI:3:0,94,-83.549,44.227
Michigan,MI,MI:3:0,95,-83.584,44.057
Michigan,MI,MI:3:0,96,-83.68,44.036
Michigan,MI,MI:3:0,97,-83.693,43.989
Michigan,MI,MI:3:0,98,-83.829,43.989
Michigan,MI,MI:3:0,99,-83.907,43.918
Michigan,MI,MI:3:0,100,-83.929,43.777
Michigan,MI,MI:3:0,101,-83.954,43.751
Michigan,MI,MI:3:0,102,-83.909,43.673
Michigan,MI,MI:3:0,103,-83.852,43.645
Michigan,MI,MI:3:0,104,-83.648,43.604
Michigan,MI,MI:3:0,105,-83.54,43.709
Michigan,MI,MI:3:0,106,-83.472,43.729
Michigan,MI,MI:3:0,107,-83.496,43.772
Michigan,MI,MI:3:0,108,-83.417,43.842
Michigan,MI,MI:3:0,109,-83.348,43.869
Michigan,MI,MI:3:0,110,-83.262,43.974
Michigan,MI,MI:3:0,111,-83.181,43.982
Michigan,MI,MI:3:0,112,-83.047,44.016
Michigan,MI,MI:3:0,113,-83.025,44.045
Michigan,MI,MI:3:0,114,-82.916,44.071
Michigan,MI,MI:3:0,115,-82.793,44.023
Michigan,MI,MI:3:0,116,-82.739,43.99
Michigan,MI,MI:3:0,117,-82.679,43.884
Michigan,MI,MI:3:0,118,-82.634,43.831
Michigan,MI,MI:3:0,119,-82.612,43.74
Michigan,MI,MI:3:0,120,-82.601,43.603
Michigan,MI,MI:3:0,121,-82.54,43.438
Michigan,MI,MI:3:0,122,-82.523,43.225
Michigan,MI,MI:3:0,123,-82.486,43.102
Michigan,MI,MI:3:0,124,-82.413,42.977
Michigan,MI,MI:3:0,125,-82.455,42.927
Michigan,MI,MI:3:0,126,-82.482,42.809
Michigan,MI,MI:3:0,127,-82.467,42.762
Michigan,MI,MI:3:0,128,-82.523,42.607
Michigan,MI,MI:3:0,129,-82.605,42.549
Michigan,MI,MI:3:0,130,-82.713,42.598
Michigan,MI,MI:3:0,131,-82.626,42.668
Michigan,MI,MI:3:0,132,-82.701,42.69
Michigan,MI,MI:3:0,133,-82.797,42.654
Michigan,MI,MI:3:0,134,-82.819,42.616
Michigan,MI,MI:3:0,135,-82.782,42.572
Michigan,MI,MI:3:0,136,-82.846,42.561
Michigan,MI,MI:3:0,137,-82.874,42.524
Michigan,MI,MI:3:0,138,-82.87,42.451
Michigan,MI,MI:3:0,139,-82.888,42.398
Michigan,MI,MI:3:0,140,-82.959,42.34
Michigan,MI,MI:3:0,141,-83.064,42.318
Michigan,MI,MI:3:0,142,-83.128,42.239
Michigan,MI,MI:3:0,143,-83.134,42.088
Michigan,MI,MI:3:0,144,-83.189,42.066
Michigan,MI,MI:3:0,145,-83.187,42.008
Michigan,MI,MI:3:0,146,-83.27,41.939
Michigan,MI,MI:3:0,147,-83.326,41.925
Michigan,MI,MI:3:0,148,-83.443,41.789
Michigan,MI,MI:3:0,149,-83.454,41.733
Michigan,MI,MI:3:0,150,-84.36,41.707
Michigan,MI,MI:3:0,151,-84.806,41.696
Michigan,MI,MI:3:0,152,-84.806,41.76
Michigan,MI,MI:3:0,153,-85.791,41.759
Michigan,MI,MI:3:0,154,-86.519,41.759
Michigan,MI,MI:4:0,0,-89.255,47.876
Michigan,MI,MI:4:0,1,-89.179,47.935
Michigan,MI,MI:4:0,2,-88.836,48.057
Michigan,MI,MI:4:0,3,-88.81,48.055
Michigan,MI,MI:4:0,4,-88.657,48.139
Michigan,MI,MI:4:0,5,-88.547,48.175
Michigan,MI,MI:4:0,6,-88.45,48.163
Michigan,MI,MI:4:0,7,-88.578,48.084
Michigan,MI,MI:4:0,8,-88.58,48.059
Michigan,MI,MI:4:0,9,-88.67,48.011
Michigan,MI,MI:4:0,10,-88.899,47.953
Michigan,MI,MI:4:0,11,-89.003,47.909
Michigan,MI,MI:4:0,12,-89.056,47.853
Michigan,MI,MI:4:0,13,-89.124,47.829
Michigan,MI,MI:4:0,14,-89.19,47.832
Michigan,MI,MI:5:0,0,-90.418,46.566
Michigan,MI,MI:5:0,1,-90.328,46.608
Michigan,MI,MI:5:0,2,-90.028,46.674
Michigan,MI,MI:5:0,3,-89.849,46.796
Michigan,MI,MI:5:0,4,-89.791,46.818
Michigan,MI,MI:5:0,5,-89.673,46.833
Michigan,MI,MI:5:0,6,-89.619,46.819
Michigan,MI,MI:5:0,7,-89.514,46.842
Michigan,MI,MI:5:0,8,-89.437,46.84
Michigan,MI,MI:5:0,9,-89.249,46.903
Michigan,MI,MI:5:0,10,-89.143,46.985
Michigan,MI,MI:5:0,11,-88.998,46.995
Michigan,MI,MI:5:0,12,-88.944,47.02
Michigan,MI,MI:5:0,13,-88.889,47.101
Michigan,MI,MI:5:0,14,-88.764,47.156
Michigan,MI,MI:5:0,15,-88.656,47.226
Michigan,MI,MI:5:0,16,-88.574,47.246
Michigan,MI,MI:5:0,17,-88.501,47.294
Michigan,MI,MI:5:0,18,-88.419,47.371
Michigan,MI,MI:5:0,19,-88.182,47.458
Michigan,MI,MI:5:0,20,-87.979,47.479
Michigan,MI,MI:5:0,21,-87.801,47.473
Michigan,MI,MI:5:0,22,-87.716,47.44
Michigan,MI,MI:5:0,23,-87.742,47.406
Michigan,MI,MI:5:0,24,-87.815,47.385
Michigan,MI,MI:5:0,25,-87.957,47.387
Michigan,MI,MI:5:0,26,-87.938,47.342
Michigan,MI,MI:5:0,27,-88.055,47.298
Michigan,MI,MI:5:0,28,-88.163,47.216
Michigan,MI,MI:5:0,29,-88.212,47.209
Michigan,MI,MI:5:0,30,-88.298,47.099
Michigan,MI,MI:5:0,31,-88.353,47.069
Michigan,MI,MI:5:0,32,-88.368,47.019
Michigan,MI,MI:5:0,33,-88.444,46.972
Michigan,MI,MI:5:0,34,-88.484,46.832
Michigan,MI,MI:5:0,35,-88.434,46.794
Michigan,MI,MI:5:0,36,-88.244,46.93
Michigan,MI,MI:5:0,37,-88.175,46.905
Michigan,MI,MI:5:0,38,-88.082,46.92
Michigan,MI,MI:5:0,39,-87.9,46.91
Michigan,MI,MI:5:0,40,-87.741,46.865
Michigan,MI,MI:5:0,41,-87.727,46.828
Michigan,MI,MI:5:0,42,-87.633,46.812
Michigan,MI,MI:5:0,43,-87.595,46.783
Michigan,MI,MI:5:0,44,-87.573,46.72
Michigan,MI,MI:5:0,45,-87.443,46.603
Michigan,MI,MI:5:0,46,-87.384,46.593
Michigan,MI,MI:5:0,47,-87.389,46.524
Michigan,MI,MI:5:0,48,-87.351,46.501
Michigan,MI,MI:5:0,49,-87.259,46.488
Michigan,MI,MI:5:0,50,-87.108,46.496
Michigan,MI,MI:5:0,51,-87.017,46.534
Michigan,MI,MI:5:0,52,-86.977,46.527
Michigan,MI,MI:5:0,53,-86.947,46.472
Michigan,MI,MI:5:0,54,-86.875,46.437
Michigan,MI,MI:5:0,55,-86.816,46.438
Michigan,MI,MI:5:0,56,-86.788,46.478
Michigan,MI,MI:5:0,57,-86.684,46.498
Michigan,MI,MI:5:0,58,-86.586,46.463
Michigan,MI,MI:5:0,59,-86.495,46.525
Michigan,MI,MI:5:0,60,-86.35,46.578
Michigan,MI,MI:5:0,61,-86.138,46.673
Michigan,MI,MI:5:0,62,-86.12,46.657
Michigan,MI,MI:5:0,63,-85.878,46.691
Michigan,MI,MI:5:0,64,-85.587,46.675
Michigan,MI,MI:5:0,65,-85.482,46.68
Michigan,MI,MI:5:0,66,-85.257,46.753
Michigan,MI,MI:5:0,67,-85.064,46.758
Michigan,MI,MI:5:0,68,-84.952,46.769
Michigan,MI,MI:5:0,69,-85.028,46.697
Michigan,MI,MI:5:0,70,-85.035,46.582
Michigan,MI,MI:5:0,71,-85.056,46.527
Michigan,MI,MI:5:0,72,-85.015,46.48
Michigan,MI,MI:5:0,73,-84.861,46.47
Michigan,MI,MI:5:0,74,-84.8,46.446
Michigan,MI,MI:5:0,75,-84.678,46.488
Michigan,MI,MI:5:0,76,-84.631,46.485
Michigan,MI,MI:5:0,77,-84.551,46.419
Michigan,MI,MI:5:0,78,-84.42,46.501
Michigan,MI,MI:5:0,79,-84.254,46.501
Michigan,MI,MI:5:0,80,-84.226,46.534
Michigan,MI,MI:5:0,81,-84.129,46.53
Michigan,MI,MI:5:0,82,-84.111,46.504
Michigan,MI,MI:5:0,83,-84.146,46.419
Michigan,MI,MI:5:0,84,-84.12,46.315
Michigan,MI,MI:5:0,85,-84.118,46.234
Michigan,MI,MI:5:0,86,-84.219,46.232
Michigan,MI,MI:5:0,87,-84.221,46.163
Michigan,MI,MI:5:0,88,-84.125,46.18
Michigan,MI,MI:5:0,89,-84.027,46.132
Michigan,MI,MI:5:0,90,-84.072,46.092
Michigan,MI,MI:5:0,91,-83.99,46.033
Michigan,MI,MI:5:0,92,-83.901,45.999
Michigan,MI,MI:5:0,93,-83.774,46.051
Michigan,MI,MI:5:0,94,-83.704,46.103
Michigan,MI,MI:5:0,95,-83.581,46.09
Michigan,MI,MI:5:0,96,-83.533,46.011
Michigan,MI,MI:5:0,97,-83.481,45.996
Michigan,MI,MI:5:0,98,-83.511,45.929
Michigan,MI,MI:5:0,99,-83.562,45.913
Michigan,MI,MI:5:0,100,-83.658,45.945
Michigan,MI,MI:5:0,101,-83.786,45.933
Michigan,MI,MI:5:0,102,-83.881,45.968
Michigan,MI,MI:5:0,103,-84.018,45.959
Michigan,MI,MI:5:0,104,-84.111,45.979
Michigan,MI,MI:5:0,105,-84.33,45.956
Michigan,MI,MI:5:0,106,-84.376,45.932
Michigan,MI,MI:5:0,107,-84.533,46.006
Michigan,MI,MI:5:0,108,-84.657,46.053
Michigan,MI,MI:5:0,109,-84.693,46.027
Michigan,MI,MI:5:0,110,-84.734,45.907
Michigan,MI,MI:5:0,111,-84.701,45.853
Michigan,MI,MI:5:0,112,-84.747,45.836
Michigan,MI,MI:5:0,113,-84.831,45.872
Michigan,MI,MI:5:0,114,-85.004,46.006
Michigan,MI,MI:5:0,115,-85.152,46.051
Michigan,MI,MI:5:0,116,-85.198,46.045
Michigan,MI,MI:5:0,117,-85.336,46.093
Michigan,MI,MI:5:0,118,-85.427,46.102
Michigan,MI,MI:5:0,119,-85.522,46.091
Michigan,MI,MI:5:0,120,-85.664,45.967
Michigan,MI,MI:5:0,121,-85.81,45.98
Michigan,MI,MI:5:0,122,-85.893,45.967
Michigan,MI,MI:5:0,123,-85.926,45.932
Michigan,MI,MI:5:0,124,-86.051,45.962
Michigan,MI,MI:5:0,125,-86.197,45.963
Michigan,MI,MI:5:0,126,-86.278,45.942
Michigan,MI,MI:5:0,127,-86.324,45.906
Michigan,MI,MI:5:0,128,-86.364,45.79
Michigan,MI,MI:5:0,129,-86.515,45.752
Michigan,MI,MI:5:0,130,-86.586,45.705
Michigan,MI,MI:5:0,131,-86.648,45.616
Michigan,MI,MI:5:0,132,-86.708,45.649
Michigan,MI,MI:5:0,133,-86.716,45.684
Michigan,MI,MI:5:0,134,-86.556,45.813
Michigan,MI,MI:5:0,135,-86.529,45.853
Michigan,MI,MI:5:0,136,-86.583,45.899
Michigan,MI,MI:5:0,137,-86.646,45.834
Michigan,MI,MI:5:0,138,-86.782,45.86
Michigan,MI,MI:5:0,139,-86.773,45.811
Michigan,MI,MI:5:0,140,-86.839,45.722
Michigan,MI,MI:5:0,141,-86.921,45.698
Michigan,MI,MI:5:0,142,-86.985,45.706
Michigan,MI,MI:5:0,143,-86.988,45.811
Michigan,MI,MI:5:0,144,-87.057,45.812
Michigan,MI,MI:5:0,145,-87.07,45.719
Michigan,MI,MI:5:0,146,-87.172,45.662
Michigan,MI,MI:5:0,147,-87.263,45.552
Michigan,MI,MI:5:0,148,-87.333,45.447
Michigan,MI,MI:5:0,149,-87.465,45.273
Michigan,MI,MI:5:0,150,-87.612,45.123
Michigan,MI,MI:5:0,151,-87.59,45.095
Michigan,MI,MI:5:0,152,-87.661,45.108
Michigan,MI,MI:5:0,153,-87.742,45.197
Michigan,MI,MI:5:0,154,-87.687,45.298
Michigan,MI,MI:5:0,155,-87.648,45.339
Michigan,MI,MI:5:0,156,-87.694,45.39
Michigan,MI,MI:5:0,157,-87.754,45.349
Michigan,MI,MI:5:0,158,-87.863,45.353
Michigan,MI,MI:5:0,159,-87.862,45.434
Michigan,MI,MI:5:0,160,-87.813,45.464
Michigan,MI,MI:5:0,161,-87.778,45.609
Michigan,MI,MI:5:0,162,-87.824,45.647
Michigan,MI,MI:5:0,163,-87.782,45.673
Michigan,MI,MI:5:0,164,-87.88,45.755
Michigan,MI,MI:5:0,165,-87.963,45.758
Michigan,MI,MI:5:0,166,-87.996,45.795
Michigan,MI,MI:5:0,167,-88.094,45.786
Michigan,MI,MI:5:0,168,-88.136,45.819
Michigan,MI,MI:5:0,169,-88.089,45.856
Michigan,MI,MI:5:0,170,-88.103,45.922
Michigan,MI,MI:5:0,171,-88.417,45.975
Michigan,MI,MI:5:0,172,-88.506,46.013
Michigan,MI,MI:5:0,173,-88.565,46.016
Michigan,MI,MI:5:0,174,-88.616,45.988
Michigan,MI,MI:5:0,175,-88.74,46.027
Michigan,MI,MI:5:0,176,-88.776,46.016
Michigan,MI,MI:5:0,177,-89.092,46.139
Michigan,MI,MI:5:0,178,-89.496,46.216
Michigan,MI,MI:5:0,179,-90.12,46.337
Michigan,MI,MI:5:0,180,-90.119,46.359
Michigan,MI,MI:5:0,181,-90.217,46.502
Michigan,MI,MI:5:0,182,-90.265,46.504
Michigan,MI,MI:5:0,183,-90.337,46.554
Massachusetts,MA,MA:0:0,0,-70.276,41.31
Massachusetts,MA,MA:0:0,1,-70.23,41.29
Massachusetts,MA,MA:0:0,2,-70.082,41.299
Massachusetts,MA,MA:0:0,3,-70.018,41.369
Massachusetts,MA,MA:0:0,4,-69.96,41.279
Massachusetts,MA,MA:0:0,5,-70.015,41.238
Massachusetts,MA,MA:0:0,6,-70.119,41.242
Massachusetts,MA,MA:0:0,7,-70.256,41.288
Massachusetts,MA,MA:1:0,0,-70.834,41.353
Massachusetts,MA,MA:1:0,1,-70.769,41.353
Massachusetts,MA,MA:1:0,2,-70.687,41.441
Massachusetts,MA,MA:1:0,3,-70.604,41.482
Massachusetts,MA,MA:1:0,4,-70.563,41.469
Massachusetts,MA,MA:1:0,5,-70.548,41.416
Massachusetts,MA,MA:1:0,6,-70.451,41.348
Massachusetts,MA,MA:1:0,7,-70.71,41.342
Massachusetts,MA,MA:1:0,8,-70.802,41.314
Massachusetts,MA,MA:2:0,0,-73.265,42.746
Massachusetts,MA,MA:2:0,1,-72.459,42.727
Massachusetts,MA,MA:2:0,2,-71.981,42.713
Massachusetts,MA,MA:2:0,3,-71.294,42.697
Massachusetts,MA,MA:2:0,4,-71.246,42.743
Massachusetts,MA,MA:2:0,5,-71.182,42.738
Massachusetts,MA,MA:2:0,6,-71.186,42.791
Massachusetts,MA,MA:2:0,7,-71.133,42.821
Massachusetts,MA,MA:2:0,8,-71.064,42.806
Massachusetts,MA,MA:2:0,9,-71.031,42.859
Massachusetts,MA,MA:2:0,10,-70.931,42.885
Massachusetts,MA,MA:2:0,11,-70.817,42.872
Massachusetts,MA,MA:2:0,12,-70.805,42.782
Massachusetts,MA,MA:2:0,13,-70.77,42.705
Massachusetts,MA,MA:2:0,14,-70.689,42.653
Massachusetts,MA,MA:2:0,15,-70.618,42.629
Massachusetts,MA,MA:2:0,16,-70.655,42.582
Massachusetts,MA,MA:2:0,17,-70.871,42.546
Massachusetts,MA,MA:2:0,18,-70.858,42.49
Massachusetts,MA,MA:2:0,19,-70.944,42.452
Massachusetts,MA,MA:2:0,20,-70.991,42.407
Massachusetts,MA,MA:2:0,21,-70.987,42.306
Massachusetts,MA,MA:2:0,22,-70.883,42.309
Massachusetts,MA,MA:2:0,23,-70.851,42.268
Massachusetts,MA,MA:2:0,24,-70.771,42.249
Massachusetts,MA,MA:2:0,25,-70.722,42.208
Massachusetts,MA,MA:2:0,26,-70.714,42.169
Massachusetts,MA,MA:2:0,27,-70.64,42.089
Massachusetts,MA,MA:2:0,28,-70.668,42.012
Massachusetts,MA,MA:2:0,29,-70.662,41.961
Massachusetts,MA,MA:2:0,30,-70.553,41.93
Massachusetts,MA,MA:2:0,31,-70.526,41.859
Massachusetts,MA,MA:2:0,32,-70.541,41.816
Massachusetts,MA,MA:2:0,33,-70.472,41.762
Massachusetts,MA,MA:2:0,34,-70.259,41.714
Massachusetts,MA,MA:2:0,35,-70.189,41.752
Massachusetts,MA,MA:2:0,36,-70.025,41.787
Massachusetts,MA,MA:2:0,37,-70.004,41.809
Massachusetts,MA,MA:2:0,38,-70.031,41.929
Massachusetts,MA,MA:2:0,39,-70.074,41.939
Massachusetts,MA,MA:2:0,40,-70.084,42.012
Massachusetts,MA,MA:2:0,41,-70.034,42.018
Massachusetts,MA,MA:2:0,42,-69.986,41.95
Massachusetts,MA,MA:2:0,43,-69.936,41.809
Massachusetts,MA,MA:2:0,44,-69.928,41.692
Massachusetts,MA,MA:2:0,45,-69.996,41.667
Massachusetts,MA,MA:2:0,46,-70.089,41.663
Massachusetts,MA,MA:2:0,47,-70.246,41.628
Massachusetts,MA,MA:2:0,48,-70.338,41.636
Massachusetts,MA,MA:2:0,49,-70.437,41.605
Massachusetts,MA,MA:2:0,50,-70.493,41.552
Massachusetts,MA,MA:2:0,51,-70.634,41.538
Massachusetts,MA,MA:2:0,52,-70.652,41.605
Massachusetts,MA,MA:2:0,53,-70.627,41.713
Massachusetts,MA,MA:2:0,54,-70.719,41.736
Massachusetts,MA,MA:2:0,55,-70.81,41.625
Massachusetts,MA,MA:2:0,56,-70.93,41.609
Massachusetts,MA,MA:2:0,57,-70.932,41.54
Massachusetts,MA,MA:2:0,58,-71.041,41.495
Massachusetts,MA,MA:2:0,59,-71.121,41.497
Massachusetts,MA,MA:2:0,60,-71.133,41.66
Massachusetts,MA,MA:2:0,61,-71.196,41.675
Massachusetts,MA,MA:2:0,62,-71.225,41.71
Massachusetts,MA,MA:2:0,63,-71.261,41.752
Massachusetts,MA,MA:2:0,64,-71.328,41.781
Massachusetts,MA,MA:2:0,65,-71.347,41.823
Massachusetts,MA,MA:2:0,66,-71.339,41.898
Massachusetts,MA,MA:2:0,67,-71.382,41.893
Massachusetts,MA,MA:2:0,68,-71.381,42.019
Massachusetts,MA,MA:2:0,69,-71.799,42.008
Massachusetts,MA,MA:2:0,70,-71.801,42.024
Massachusetts,MA,MA:2:0,71,-72.136,42.03
Massachusetts,MA,MA:2:0,72,-73.0,42.039
Massachusetts,MA,MA:2:0,73,-73.487,42.05
Massachusetts,MA,MA:2:0,74,-73.508,42.086
Florida,FL,FL:0:0,0,-81.125,24.707
Florida,FL,FL:0:0,1,-80.937,24.785
Florida,FL,FL:0:0,2,-80.916,24.759
Florida,FL,FL:0:0,3,-81.077,24.69
Florida,FL,FL:1:0,0,-81.812,24.569
Florida,FL,FL:1:0,1,-81.746,24.66
Florida,FL,FL:1:0,2,-81.585,24.737
Florida,FL,FL:1:0,3,-81.498,24.793
Florida,FL,FL:1:0,4,-81.444,24.813
Florida,FL,FL:1:0,5,-81.305,24.755
Florida,FL,FL:1:0,6,-81.258,24.664
Florida,FL,FL:1:0,7,-81.402,24.624
Florida,FL,FL:1:0,8,-81.413,24.647
Florida,FL,FL:1:0,9,-81.508,24.642
Florida,FL,FL:1:0,10,-81.517,24.621
Florida,FL,FL:1:0,11,-81.685,24.559
Florida,FL,FL:1:0,12,-81.813,24.545
Florida,FL,FL:2:0,0,-82.015,24.543
Florida,FL,FL:2:0,1,-81.887,24.572
Florida,FL,FL:2:0,2,-81.912,24.527
Florida,FL,FL:2:0,3,-81.972,24.515
Florida,FL,FL:3:0,0,-82.264,26.698
Florida,FL,FL:3:0,1,-82.247,26.683
Florida,FL,FL:3:0,2,-82.178,26.502
Florida,FL,FL:3:0,3,-82.088,26.455
Florida,FL,FL:3:0,4,-82.098,26.425
Florida,FL,FL:3:0,5,-82.196,26.492
Florida,FL,FL:3:0,6,-82.266,26.655
Florida,FL,FL:4:0,0,-84.67,29.795
Florida,FL,FL:4:0,1,-84.577,29.837
Florida,FL,FL:4:0,2,-84.565,29.81
Florida,FL,FL:4:0,3,-84.624,29.778
Florida,FL,FL:5:0,0,-85.002,31.001
Florida,FL,FL:5:0,1,-84.984,30.937
Florida,FL,FL:5:0,2,-84.937,30.885
Florida,FL,FL:5:0,3,-84.936,30.821
Florida,FL,FL:5:0,4,-84.914,30.754
Florida,FL,FL:5:0,5,-84.865,30.712
Florida,FL,FL:5:0,6,-84.057,30.675
Florida,FL,FL:5:0,7,-83.5,30.646
Florida,FL,FL:5:0,8,-83.131,30.624
Florida,FL,FL:5:0,9,-82.215,30.569
Florida,FL,FL:5:0,10,-82.236,30.545
Florida,FL,FL:5:0,11,-82.201,30.485
Florida,FL,FL:5:0,12,-82.21,30.425
Florida,FL,FL:5:0,13,-82.17,30.359
Florida,FL,FL:5:0,14,-82.048,30.363
Florida,FL,FL:5:0,15,-82.018,30.475
Florida,FL,FL:5:0,16,-82.012,30.594
Florida,FL,FL:5:0,17,-82.05,30.656
Florida,FL,FL:5:0,18,-82.04,30.748
Florida,FL,FL:5:0,19,-81.979,30.776
Florida,FL,FL:5:0,20,-81.95,30.827
Florida,FL,FL:5:0,21,-81.869,30.793
Florida,FL,FL:5:0,22,-81.809,30.79
Florida,FL,FL:5:0,23,-81.72,30.745
Florida,FL,FL:5:0,24,-81.695,30.748
Florida,FL,FL:5:0,25,-81.541,30.713
Florida,FL,FL:5:0,26,-81.49,30.726
Florida,FL,FL:5:0,27,-81.444,30.71
Florida,FL,FL:5:0,28,-81.427,30.698
Florida,FL,FL:5:0,29,-81.443,30.601
Florida,FL,FL:5:0,30,-81.434,30.523
Florida,FL,FL:5:0,31,-81.411,30.482
Florida,FL,FL:5:0,32,-81.386,30.274
Florida,FL,FL:5:0,33,-81.309,29.969
Florida,FL,FL:5:0,34,-81.277,29.9
Florida,FL,FL:5:0,35,-81.257,29.785
Florida,FL,FL:5:0,36,-81.164,29.555
Florida,FL,FL:5:0,37,-81.047,29.308
Florida,FL,FL:5:0,38,-80.966,29.148
Florida,FL,FL:5:0,39,-80.71,28.757
Florida,FL,FL:5:0,40,-80.575,28.585
Florida,FL,FL:5:0,41,-80.525,28.459
Florida,FL,FL:5:0,42,-80.588,28.411
Florida,FL,FL:5:0,43,-80.603,28.364
Florida,FL,FL:5:0,44,-80.604,28.258
Florida,FL,FL:5:0,45,-80.566,28.096
Florida,FL,FL:5:0,46,-80.509,27.97
Florida,FL,FL:5:0,47,-80.384,27.74
Florida,FL,FL:5:0,48,-80.293,27.5
Florida,FL,FL:5:0,49,-80.254,27.38
Florida,FL,FL:5:0,50,-80.161,27.193
Florida,FL,FL:5:0,51,-80.16,27.163
Florida,FL,FL:5:0,52,-80.094,27.019
Florida,FL,FL:5:0,53,-80.031,26.796
Florida,FL,FL:5:0,54,-80.039,26.569
Florida,FL,FL:5:0,55,-80.061,26.445
Florida,FL,FL:5:0,56,-80.08,26.264
Florida,FL,FL:5:0,57,-80.11,26.087
Florida,FL,FL:5:0,58,-80.12,25.841
Florida,FL,FL:5:0,59,-80.128,25.772
Florida,FL,FL:5:0,60,-80.164,25.722
Florida,FL,FL:5:0,61,-80.198,25.744
Florida,FL,FL:5:0,62,-80.245,25.717
Florida,FL,FL:5:0,63,-80.302,25.568
Florida,FL,FL:5:0,64,-80.339,25.499
Florida,FL,FL:5:0,65,-80.326,25.398
Florida,FL,FL:5:0,66,-80.338,25.29
Florida,FL,FL:5:0,67,-80.29,25.319
Florida,FL,FL:5:0,68,-80.2,25.485
Florida,FL,FL:5:0,69,-80.204,25.414
Florida,FL,FL:5:0,70,-80.327,25.224
Florida,FL,FL:5:0,71,-80.358,25.153
Florida,FL,FL:5:0,72,-80.572,24.954
Florida,FL,FL:5:0,73,-80.469,25.092
Florida,FL,FL:5:0,74,-80.465,25.209
Florida,FL,FL:5:0,75,-80.664,25.187
Florida,FL,FL:5:0,76,-80.748,25.147
Florida,FL,FL:5:0,77,-80.812,25.186
Florida,FL,FL:5:0,78,-80.875,25.174
Florida,FL,FL:5:0,79,-80.901,25.14
Florida,FL,FL:5:0,80,-81.08,25.119
Florida,FL,FL:5:0,81,-81.141,25.164
Florida,FL,FL:5:0,82,-81.172,25.222
Florida,FL,FL:5:0,83,-81.152,25.325
Florida,FL,FL:5:0,84,-81.117,25.355
Florida,FL,FL:5:0,85,-81.241,25.599
Florida,FL,FL:5:0,86,-81.271,25.614
Florida,FL,FL:5:0,87,-81.29,25.688
Florida,FL,FL:5:0,88,-81.351,25.69
Florida,FL,FL:5:0,89,-81.384,25.777
Florida,FL,FL:5:0,90,-81.468,25.803
Florida,FL,FL:5:0,91,-81.623,25.897
Florida,FL,FL:5:0,92,-81.69,25.853
Florida,FL,FL:5:0,93,-81.75,25.96
Florida,FL,FL:5:0,94,-81.802,26.088
Florida,FL,FL:5:0,95,-81.833,26.295
Florida,FL,FL:5:0,96,-81.869,26.379
Florida,FL,FL:5:0,97,-81.912,26.427
Florida,FL,FL:5:0,98,-82.014,26.491
Florida,FL,FL:5:0,99,-82.106,26.484
Florida,FL,FL:5:0,100,-82.138,26.637
Florida,FL,FL:5:0,101,-82.182,26.682
Florida,FL,FL:5:0,102,-82.126,26.7
Florida,FL,FL:5:0,103,-82.067,26.743
Florida,FL,FL:5:0,104,-82.059,26.877
Florida,FL,FL:5:0,105,-82.091,26.889
Florida,FL,FL:5:0,106,-82.076,26.958
Florida,FL,FL:5:0,107,-82.117,26.954
Florida,FL,FL:5:0,108,-82.175,26.917
Florida,FL,FL:5:0,109,-82.147,26.79
Florida,FL,FL:5:0,110,-82.25,26.763
Florida,FL,FL:5:0,111,-82.352,26.908
Florida,FL,FL:5:0,112,-82.446,27.061
Florida,FL,FL:5:0,113,-82.477,27.141
Florida,FL,FL:5:0,114,-82.569,27.299
Florida,FL,FL:5:0,115,-82.691,27.444
Florida,FL,FL:5:0,116,-82.708,27.488
Florida,FL,FL:5:0,117,-82.651,27.523
Florida,FL,FL:5:0,118,-82.585,27.596
Florida,FL,FL:5:0,119,-82.478,27.746
Florida,FL,FL:5:0,120,-82.435,27.764
Florida,FL,FL:5:0,121,-82.393,27.838
Florida,FL,FL:5:0,122,-82.414,27.901
Florida,FL,FL:5:0,123,-82.49,27.92
Florida,FL,FL:5:0,124,-82.472,27.823
Florida,FL,FL:5:0,125,-82.554,27.848
Florida,FL,FL:5:0,126,-82.53,27.878
Florida,FL,FL:5:0,127,-82.534,27.933
Florida,FL,FL:5:0,128,-82.67,28.03
Florida,FL,FL:5:0,129,-82.72,27.936
Florida,FL,FL:5:0,130,-82.634,27.904
Florida,FL,FL:5:0,131,-82.587,27.817
Florida,FL,FL:5:0,132,-82.623,27.78
Florida,FL,FL:5:0,133,-82.634,27.711
Florida,FL,FL:5:0,134,-82.738,27.707
Florida,FL,FL:5:0,135,-82.79,27.792
Florida,FL,FL:5:0,136,-82.829,27.822
Florida,FL,FL:5:0,137,-82.851,27.886
Florida,FL,FL:5:0,138,-82.831,27.962
Florida,FL,FL:5:0,139,-82.828,28.041
Florida,FL,FL:5:0,140,-82.783,28.056
Florida,FL,FL:5:0,141,-82.781,28.128
Florida,FL,FL:5:0,142,-82.808,28.155
Florida,FL,FL:5:0,143,-82.763,28.219
Florida,FL,FL:5:0,144,-82.675,28.442
Florida,FL,FL:5:0,145,-82.654,28.591
Florida,FL,FL:5:0,146,-82.675,28.648
Florida,FL,FL:5:0,147,-82.669,28.696
Florida,FL,FL:5:0,148,-82.712,28.721
Florida,FL,FL:5:0,149,-82.698,28.757
Florida,FL,FL:5:0,150,-82.73,28.85
Florida,FL,FL:5:0,151,-82.689,28.906
Florida,FL,FL:5:0,152,-82.761,28.993
Florida,FL,FL:5:0,153,-82.76,29.054
Florida,FL,FL:5:0,154,-82.827,29.158
Florida,FL,FL:5:0,155,-82.996,29.178
Florida,FL,FL:5:0,156,-83.03,29.134
Florida,FL,FL:5:0,157,-83.088,29.216
Florida,FL,FL:5:0,158,-83.089,29.267
Florida,FL,FL:5:0,159,-83.17,29.29
Florida,FL,FL:5:0,160,-83.176,29.345
Florida,FL,FL:5:0,161,-83.218,29.42
Florida,FL,FL:5:0,162,-83.295,29.438
Florida,FL,FL:5:0,163,-83.312,29.476
Florida,FL,FL:5:0,164,-83.4,29.517
Florida,FL,FL:5:0,165,-83.399,29.613
Florida,FL,FL:5:0,166,-83.413,29.668
Florida,FL,FL:5:0,167,-83.455,29.676
Florida,FL,FL:5:0,168,-83.538,29.723
Florida,FL,FL:5:0,169,-83.586,29.785
Florida,FL,FL:5:0,170,-83.638,29.886
Florida,FL,FL:5:0,171,-83.686,29.924
Florida,FL,FL:5:0,172,-83.845,29.998
Florida,FL,FL:5:0,173,-84.024,30.103
Florida,FL,FL:5:0,174,-84.125,30.091
Florida,FL,FL:5:0,175,-84.157,30.073
Florida,FL,FL:5:0,176,-84.269,30.098
Florida,FL,FL:5:0,177,-84.298,30.057
Florida,FL,FL:5:0,178,-84.366,30.009
Florida,FL,FL:5:0,179,-84.334,29.924
Florida,FL,FL:5:0,180,-84.379,29.893
Florida,FL,FL:5:0,181,-84.452,29.929
Florida,FL,FL:5:0,182,-84.536,29.91
Florida,FL,FL:5:0,183,-84.67,29.829
Florida,FL,FL:5:0,184,-84.692,29.829
Florida,FL,FL:5:0,185,-84.824,29.758
Florida,FL,FL:5:0,186,-84.915,29.783
Florida,FL,FL:5:0,187,-84.993,29.715
Florida,FL,FL:5:0,188,-85.121,29.716
Florida,FL,FL:5:0,189,-85.074,29.674
Florida,FL,FL:5:0,190,-85.07,29.641
Florida,FL,FL:5:0,191,-85.012,29.622
Florida,FL,FL:5:0,192,-84.799,29.702
Florida,FL,FL:5:0,193,-84.777,29.692
Florida,FL,FL:5:0,194,-85.045,29.587
Florida,FL,FL:5:0,195,-85.222,29.678
Florida,FL,FL:5:0,196,-85.319,29.681
Florida,FL,FL:5:0,197,-85.301,29.797
Florida,FL,FL:5:0,198,-85.364,29.899
Florida,FL,FL:5:0,199,-85.405,29.938
Florida,FL,FL:5:0,200,-85.488,29.961
Florida,FL,FL:5:0,201,-85.541,29.996
Florida,FL,FL:5:0,202,-85.588,30.056
Florida,FL,FL:5:0,203,-85.697,30.097
Florida,FL,FL:5:0,204,-85.775,30.156
Florida,FL,FL:5:0,205,-85.878,30.216
Florida,FL,FL:5:0,206,-86.09,30.304
Florida,FL,FL:5:0,207,-86.299,30.363
Florida,FL,FL:5:0,208,-86.412,30.38
Florida,FL,FL:5:0,209,-86.633,30.396
Florida,FL,FL:5:0,210,-86.751,30.392
Florida,FL,FL:5:0,211,-86.91,30.372
Florida,FL,FL:5:0,212,-87.155,30.328
Florida,FL,FL:5:0,213,-87.295,30.324
Florida,FL,FL:5:0,214,-87.518,30.28
Florida,FL,FL:5:0,215,-87.451,30.346
Florida,FL,FL:5:0,216,-87.43,30.406
Florida,FL,FL:5:0,217,-87.371,30.43
Florida,FL,FL:5:0,218,-87.436,30.48
Florida,FL,FL:5:0,219,-87.447,30.527
Florida,FL,FL:5:0,220,-87.394,30.631
Florida,FL,FL:5:0,221,-87.407,30.675
Florida,FL,FL:5:0,222,-87.533,30.743
Florida,FL,FL:5:0,223,-87.552,30.786
Florida,FL,FL:5:0,224,-87.635,30.866
Florida,FL,FL:5:0,225,-87.589,30.964
Florida,FL,FL:5:0,226,-87.599,30.997
Florida,FL,FL:5:0,227,-87.141,31.0
Florida,FL,FL:5:0,228,-86.52,30.993
Florida,FL,FL:5:0,229,-85.894,30.993
Connecticut,CT,CT:0:0,0,-73.487,42.05
Connecticut,CT,CT:0:0,1,-73.0,42.039
Connecticut,CT,CT:0:0,2,-72.136,42.03
Connecticut,CT,CT:0:0,3,-71.801,42.024
Connecticut,CT,CT:0:0,4,-71.799,42.008
Connecticut,CT,CT:0:0,5,-71.787,41.656
Connecticut,CT,CT:0:0,6,-71.798,41.417
Connecticut,CT,CT:0:0,7,-71.84,41.412
Connecticut,CT,CT:0:0,8,-71.83,41.345
Connecticut,CT,CT:0:0,9,-71.861,41.32
Connecticut,CT,CT:0:0,10,-71.946,41.338
Connecticut,CT,CT:0:0,11,-72.134,41.299
Connecticut,CT,CT:0:0,12,-72.204,41.299
Connecticut,CT,CT:0:0,13,-72.387,41.262
Connecticut,CT,CT:0:0,14,-72.452,41.279
Connecticut,CT,CT:0:0,15,-72.547,41.25
Connecticut,CT,CT:0:0,16,-72.571,41.268
Connecticut,CT,CT:0:0,17,-72.754,41.267
Connecticut,CT,CT:0:0,18,-72.894,41.242
Connecticut,CT,CT:0:0,19,-72.962,41.252
Connecticut,CT,CT:0:0,20,-73.015,41.204
Connecticut,CT,CT:0:0,21,-73.051,41.21
Connecticut,CT,CT:0:0,22,-73.13,41.147
Connecticut,CT,CT:0:0,23,-73.178,41.167
Connecticut,CT,CT:0:0,24,-73.262,41.117
Connecticut,CT,CT:0:0,25,-73.331,41.11
Connecticut,CT,CT:0:0,26,-73.387,41.058
Connecticut,CT,CT:0:0,27,-73.493,41.048
Connecticut,CT,CT:0:0,28,-73.657,40.985
Connecticut,CT,CT:0:0,29,-73.655,41.012
Connecticut,CT,CT:0:0,30,-73.728,41.101
Connecticut,CT,CT:0:0,31,-73.483,41.213
Connecticut,CT,CT:0:0,32,-73.551,41.295
Connecticut,CT,CT:0:0,33,-73.521,41.62
New Jersey,NJ,NJ:0:0,0,-75.559,39.63
New Jersey,NJ,NJ:0:0,1,-75.51,39.686
New Jersey,NJ,NJ:0:0,2,-75.459,39.766
New Jersey,NJ,NJ:0:0,3,-75.415,39.802
New Jersey,NJ,NJ:0:0,4,-75.33,39.849
New Jersey,NJ,NJ:0:0,5,-75.271,39.849
New Jersey,NJ,NJ:0:0,6,-75.151,39.883
New Jersey,NJ,NJ:0:0,7,-75.13,39.959
New Jersey,NJ,NJ:0:0,8,-74.932,40.068
New Jersey,NJ,NJ:0:0,9,-74.864,40.082
New Jersey,NJ,NJ:0:0,10,-74.816,40.128
New Jersey,NJ,NJ:0:0,11,-74.726,40.145
New Jersey,NJ,NJ:0:0,12,-74.77,40.215
New Jersey,NJ,NJ:0:0,13,-74.842,40.251
New Jersey,NJ,NJ:0:0,14,-74.868,40.295
New Jersey,NJ,NJ:0:0,15,-74.94,40.338
New Jersey,NJ,NJ:0:0,16,-74.964,40.395
New Jersey,NJ,NJ:0:0,17,-75.056,40.416
New Jersey,NJ,NJ:0:0,18,-75.069,40.542
New Jersey,NJ,NJ:0:0,19,-75.1,40.568
New Jersey,NJ,NJ:0:0,20,-75.194,40.576
New Jersey,NJ,NJ:0:0,21,-75.204,40.691
New Jersey,NJ,NJ:0:0,22,-75.172,40.778
New Jersey,NJ,NJ:0:0,23,-75.109,40.791
New Jersey,NJ,NJ:0:0,24,-75.051,40.868
New Jersey,NJ,NJ:0:0,25,-75.131,40.991
New Jersey,NJ,NJ:0:0,26,-75.026,41.04
New Jersey,NJ,NJ:0:0,27,-74.982,41.108
New Jersey,NJ,NJ:0:0,28,-74.882,41.181
New Jersey,NJ,NJ:0:0,29,-74.838,41.277
New Jersey,NJ,NJ:0:0,30,-74.753,41.346
New Jersey,NJ,NJ:0:0,31,-74.695,41.357
New Jersey,NJ,NJ:0:0,32,-74.302,41.173
New Jersey,NJ,NJ:0:0,33,-73.903,40.997
New Jersey,NJ,NJ:0:0,34,-73.929,40.89
New Jersey,NJ,NJ:0:0,35,-74.047,40.691
New Jersey,NJ,NJ:0:0,36,-74.087,40.652
New Jersey,NJ,NJ:0:0,37,-74.202,40.631
New Jersey,NJ,NJ:0:0,38,-74.217,40.559
New Jersey,NJ,NJ:0:0,39,-74.261,40.502
New Jersey,NJ,NJ:0:0,40,-74.262,40.465
New Jersey,NJ,NJ:0:0,41,-74.194,40.441
New Jersey,NJ,NJ:0:0,42,-74.138,40.457
New Jersey,NJ,NJ:0:0,43,-73.999,40.411
New Jersey,NJ,NJ:0:0,44,-73.971,40.372
New Jersey,NJ,NJ:0:0,45,-73.977,40.299
New Jersey,NJ,NJ:0:0,46,-74.03,40.123
New Jersey,NJ,NJ:0:0,47,-74.077,39.911
New Jersey,NJ,NJ:0:0,48,-74.097,39.763
New Jersey,NJ,NJ:0:0,49,-74.142,39.689
New Jersey,NJ,NJ:0:0,50,-74.304,39.471
New Jersey,NJ,NJ:0:0,51,-74.413,39.361
New Jersey,NJ,NJ:0:0,52,-74.522,39.314
New Jersey,NJ,NJ:0:0,53,-74.614,39.245
New Jersey,NJ,NJ:0:0,54,-74.714,39.12
New Jersey,NJ,NJ:0:0,55,-74.706,39.103
New Jersey,NJ,NJ:0:0,56,-74.793,38.992
New Jersey,NJ,NJ:0:0,57,-74.864,38.94
New Jersey,NJ,NJ:0:0,58,-74.972,38.94
New Jersey,NJ,NJ:0:0,59,-74.955,39.001
New Jersey,NJ,NJ:0:0,60,-74.904,39.087
New Jersey,NJ,NJ:0:0,61,-74.887,39.159
New Jersey,NJ,NJ:0:0,62,-75.026,39.213
New Jersey,NJ,NJ:0:0,63,-75.168,39.203
New Jersey,NJ,NJ:0:0,64,-75.178,39.243
New Jersey,NJ,NJ:0:0,65,-75.289,39.29
New Jersey,NJ,NJ:0:0,66,-75.327,39.339
New Jersey,NJ,NJ:0:0,67,-75.365,39.341
New Jersey,NJ,NJ:0:0,68,-75.432,39.392
New Jersey,NJ,NJ:0:0,69,-75.465,39.439
New Jersey,NJ,NJ:0:0,70,-75.536,39.461
New Jersey,NJ,NJ:0:0,71,-75.513,39.578
New Jersey,NJ,NJ:0:0,72,-75.556,39.606
Maryland,MD,MD:0:0,0,-75.994,37.953
Maryland,MD,MD:0:0,1,-76.047,37.954
Maryland,MD,MD:0:0,2,-76.049,38.015
Maryland,MD,MD:0:0,3,-75.986,38.022
Maryland,MD,MD:1:0,0,-76.096,38.125
Maryland,MD,MD:1:0,1,-76.089,38.193
Maryland,MD,MD:1:0,2,-76.022,38.178
Maryland,MD,MD:1:0,3,-76.023,38.071
Maryland,MD,MD:2:0,0,-79.477,39.721
Maryland,MD,MD:2:0,1,-78.538,39.723
Maryland,MD,MD:2:0,2,-77.535,39.72
Maryland,MD,MD:2:0,3,-76.991,39.72
Maryland,MD,MD:2:0,4,-76.233,39.722
Maryland,MD,MD:2:0,5,-75.789,39.722
Maryland,MD,MD:2:0,6,-75.789,39.659
Maryland,MD,MD:2:0,7,-75.728,38.895
Maryland,MD,MD:2:0,8,-75.694,38.46
Maryland,MD,MD:2:0,9,-75.429,38.453
Maryland,MD,MD:2:0,10,-75.049,38.451
Maryland,MD,MD:2:0,11,-75.086,38.324
Maryland,MD,MD:2:0,12,-75.103,38.312
Maryland,MD,MD:2:0,13,-75.194,38.096
Maryland,MD,MD:2:0,14,-75.242,38.027
Maryland,MD,MD:2:0,15,-75.624,37.994
Maryland,MD,MD:2:0,16,-75.67,37.951
Maryland,MD,MD:2:0,17,-75.713,37.977
Maryland,MD,MD:2:0,18,-75.784,37.973
Maryland,MD,MD:2:0,19,-75.861,37.918
Maryland,MD,MD:2:0,20,-75.898,37.925
Maryland,MD,MD:2:0,21,-75.875,38.012
Maryland,MD,MD:2:0,22,-75.813,38.059
Maryland,MD,MD:2:0,23,-75.881,38.075
Maryland,MD,MD:2:0,24,-75.838,38.114
Maryland,MD,MD:2:0,25,-75.9,38.141
Maryland,MD,MD:2:0,26,-75.942,38.187
Maryland,MD,MD:2:0,27,-75.846,38.21
Maryland,MD,MD:2:0,28,-75.939,38.272
Maryland,MD,MD:2:0,29,-75.974,38.366
Maryland,MD,MD:2:0,30,-76.05,38.304
Maryland,MD,MD:2:0,31,-76.044,38.242
Maryland,MD,MD:2:0,32,-76.165,38.243
Maryland,MD,MD:2:0,33,-76.332,38.474
Maryland,MD,MD:2:0,34,-76.247,38.524
Maryland,MD,MD:2:0,35,-76.29,38.569
Maryland,MD,MD:2:0,36,-76.28,38.61
Maryland,MD,MD:2:0,37,-76.089,38.59
Maryland,MD,MD:2:0,38,-76.085,38.625
Maryland,MD,MD:2:0,39,-76.147,38.637
Maryland,MD,MD:2:0,40,-76.2,38.671
Maryland,MD,MD:2:0,41,-76.255,38.736
Maryland,MD,MD:2:0,42,-76.316,38.73
Maryland,MD,MD:2:0,43,-76.335,38.773
Maryland,MD,MD:2:0,44,-76.266,38.848
Maryland,MD,MD:2:0,45,-76.191,38.83
Maryland,MD,MD:2:0,46,-76.204,38.928
Maryland,MD,MD:2:0,47,-76.273,38.942
Maryland,MD,MD:2:0,48,-76.336,38.906
Maryland,MD,MD:2:0,49,-76.362,38.939
Maryland,MD,MD:2:0,50,-76.303,39.026
Maryland,MD,MD:2:0,51,-76.277,38.982
Maryland,MD,MD:2:0,52,-76.202,38.973
Maryland,MD,MD:2:0,53,-76.164,39.0
Maryland,MD,MD:2:0,54,-76.184,39.046
Maryland,MD,MD:2:0,55,-76.231,39.061
Maryland,MD,MD:2:0,56,-76.279,39.146
Maryland,MD,MD:2:0,57,-76.219,39.262
Maryland,MD,MD:2:0,58,-76.17,39.332
Maryland,MD,MD:2:0,59,-76.111,39.372
Maryland,MD,MD:2:0,60,-76.05,39.371
Maryland,MD,MD:2:0,61,-75.977,39.448
Maryland,MD,MD:2:0,62,-75.997,39.477
Maryland,MD,MD:2:0,63,-75.97,39.558
Maryland,MD,MD:2:0,64,-76.096,39.537
Maryland,MD,MD:2:0,65,-76.117,39.496
Maryland,MD,MD:2:0,66,-76.072,39.475
Maryland,MD,MD:2:0,67,-76.102,39.436
Maryland,MD,MD:2:0,68,-76.224,39.353
Maryland,MD,MD:2:0,69,-76.299,39.329
Maryland,MD,MD:2:0,70,-76.342,39.374
Maryland,MD,MD:2:0,71,-76.385,39.276
Maryland,MD,MD:2:0,72,-76.35,39.249
Maryland,MD,MD:2:0,73,-76.442,39.195
Maryland,MD,MD:2:0,74,-76.534,39.191
Maryland,MD,MD:2:0,75,-76.429,39.132
Maryland,MD,MD:2:0,76,-76.439,39.053
Maryland,MD,MD:2:0,77,-76.394,39.011
Maryland,MD,MD:2:0,78,-76.474,38.973
Maryland,MD,MD:2:0,79,-76.45,38.941
Maryland,MD,MD:2:0,80,-76.519,38.863
Maryland,MD,MD:2:0,81,-76.49,38.839
Maryland,MD,MD:2:0,82,-76.56,38.767
Maryland,MD,MD:2:0,83,-76.527,38.724
Maryland,MD,MD:2:0,84,-76.511,38.616
Maryland,MD,MD:2:0,85,-76.516,38.529
Maryland,MD,MD:2:0,86,-76.493,38.483
Maryland,MD,MD:2:0,87,-76.388,38.388
Maryland,MD,MD:2:0,88,-76.419,38.323
Maryland,MD,MD:2:0,89,-76.374,38.296
Maryland,MD,MD:2:0,90,-76.385,38.218
Maryland,MD,MD:2:0,91,-76.32,38.138
Maryland,MD,MD:2:0,92,-76.361,38.06
Maryland,MD,MD:2:0,93,-76.44,38.139
Maryland,MD,MD:2:0,94,-76.481,38.116
Maryland,MD,MD:2:0,95,-76.54,38.153
Maryland,MD,MD:2:0,96,-76.591,38.214
Maryland,MD,MD:2:0,97,-76.673,38.234
Maryland,MD,MD:2:0,98,-76.797,38.237
Maryland,MD,MD:2:0,99,-76.802,38.281
Maryland,MD,MD:2:0,100,-76.864,38.269
Maryland,MD,MD:2:0,101,-76.921,38.292
Maryland,MD,MD:2:0,102,-76.975,38.347
Maryland,MD,MD:2:0,103,-77.016,38.446
Maryland,MD,MD:2:0,104,-77.207,38.36
Maryland,MD,MD:2:0,105,-77.25,38.383
Maryland,MD,MD:2:0,106,-77.274,38.482
Maryland,MD,MD:2:0,107,-77.238,38.552
Maryland,MD,MD:2:0,108,-77.13,38.635
Maryland,MD,MD:2:0,109,-77.133,38.674
Maryland,MD,MD:2:0,110,-77.042,38.719
Maryland,MD,MD:2:0,111,-77.039,38.792
Maryland,MD,MD:2:0,112,-76.909,38.893
Maryland,MD,MD:2:0,113,-77.041,38.996
Maryland,MD,MD:2:0,114,-77.12,38.934
Maryland,MD,MD:2:0,115,-77.147,38.964
Maryland,MD,MD:2:0,116,-77.222,38.971
Maryland,MD,MD:2:0,117,-77.245,39.02
Maryland,MD,MD:2:0,118,-77.34,39.063
Maryland,MD,MD:2:0,119,-77.463,39.076
Maryland,MD,MD:2:0,120,-77.527,39.146
Maryland,MD,MD:2:0,121,-77.458,39.225
Maryland,MD,MD:2:0,122,-77.543,39.267
Maryland,MD,MD:2:0,123,-77.567,39.306
Maryland,MD,MD:2:0,124,-77.72,39.321
Maryland,MD,MD:2:0,125,-77.758,39.335
Maryland,MD,MD:2:0,126,-77.736,39.388
Maryland,MD,MD:2:0,127,-77.788,39.429
Maryland,MD,MD:2:0,128,-77.795,39.481
Maryland,MD,MD:2:0,129,-77.886,39.552
Maryland,MD,MD:2:0,130,-77.887,39.613
Maryland,MD,MD:2:0,131,-78.011,39.604
Maryland,MD,MD:2:0,132,-78.078,39.669
Maryland,MD,MD:2:0,133,-78.171,39.696
Maryland,MD,MD:2:0,134,-78.267,39.619
Maryland,MD,MD:2:0,135,-78.352,39.64
Maryland,MD,MD:2:0,136,-78.421,39.624
Maryland,MD,MD:2:0,137,-78.463,39.521
Maryland,MD,MD:2:0,138,-78.566,39.519
Maryland,MD,MD:2:0,139,-78.689,39.546
Maryland,MD,MD:2:0,140,-78.767,39.587
Maryland,MD,MD:2:0,141,-78.826,39.589
Maryland,MD,MD:2:0,142,-78.875,39.523
Maryland,MD,MD:2:0,143,-78.953,39.464
Maryland,MD,MD:2:0,144,-79.095,39.463
Maryland,MD,MD:2:0,145,-79.13,39.42
Maryland,MD,MD:2:0,146,-79.254,39.337
Maryland,MD,MD:2:0,147,-79.387,39.266
Maryland,MD,MD:2:0,148,-79.44,39.217
Maryland,MD,MD:2:0,149,-79.487,39.206
South Carolina,SC,SC:0:0,0,-83.109,35.001
South Carolina,SC,SC:0:0,1,-82.783,35.086
South Carolina,SC,SC:0:0,2,-82.754,35.07
South Carolina,SC,SC:0:0,3,-82.61,35.139
South Carolina,SC,SC:0:0,4,-82.46,35.178
South Carolina,SC,SC:0:0,5,-82.275,35.2
South Carolina,SC,SC:0:0,6,-82.177,35.194
South Carolina,SC,SC:0:0,7,-81.716,35.179
South Carolina,SC,SC:0:0,8,-81.044,35.15
South Carolina,SC,SC:0:0,9,-81.057,35.086
South Carolina,SC,SC:0:0,10,-81.041,35.045
South Carolina,SC,SC:0:0,11,-80.935,35.107
South Carolina,SC,SC:0:0,12,-80.782,34.936
South Carolina,SC,SC:0:0,13,-80.798,34.82
South Carolina,SC,SC:0:0,14,-80.5,34.817
South Carolina,SC,SC:0:0,15,-79.871,34.805
South Carolina,SC,SC:0:0,16,-79.675,34.805
South Carolina,SC,SC:0:0,17,-79.358,34.545
South Carolina,SC,SC:0:0,18,-79.25,34.45
South Carolina,SC,SC:0:0,19,-78.875,34.134
South Carolina,SC,SC:0:0,20,-78.541,33.851
South Carolina,SC,SC:0:0,21,-78.714,33.8
South Carolina,SC,SC:0:0,22,-78.813,33.743
South Carolina,SC,SC:0:0,23,-78.938,33.64
South Carolina,SC,SC:0:0,24,-79.029,33.533
South Carolina,SC,SC:0:0,25,-79.085,33.484
South Carolina,SC,SC:0:0,26,-79.147,33.378
South Carolina,SC,SC:0:0,27,-79.18,33.254
South Carolina,SC,SC:0:0,28,-79.188,33.174
South Carolina,SC,SC:0:0,29,-79.246,33.125
South Carolina,SC,SC:0:0,30,-79.33,33.09
South Carolina,SC,SC:0:0,31,-79.36,33.007
South Carolina,SC,SC:0:0,32,-79.423,33.015
South Carolina,SC,SC:0:0,33,-79.483,33.001
South Carolina,SC,SC:0:0,34,-79.522,33.035
South Carolina,SC,SC:0:0,35,-79.581,33.006
South Carolina,SC,SC:0:0,36,-79.618,32.953
South Carolina,SC,SC:0:0,37,-79.576,32.906
South Carolina,SC,SC:0:0,38,-79.695,32.85
South Carolina,SC,SC:0:0,39,-79.726,32.806
South Carolina,SC,SC:0:0,40,-79.849,32.755
South Carolina,SC,SC:0:0,41,-79.885,32.684
South Carolina,SC,SC:0:0,42,-79.975,32.64
South Carolina,SC,SC:0:0,43,-80.001,32.606
South Carolina,SC,SC:0:0,44,-80.077,32.603
South Carolina,SC,SC:0:0,45,-80.205,32.556
South Carolina,SC,SC:0:0,46,-80.332,32.478
South Carolina,SC,SC:0:0,47,-80.364,32.496
South Carolina,SC,SC:0:0,48,-80.472,32.497
South Carolina,SC,SC:0:0,49,-80.485,32.461
South Carolina,SC,SC:0:0,50,-80.429,32.39
South Carolina,SC,SC:0:0,51,-80.466,32.319
South Carolina,SC,SC:0:0,52,-80.618,32.26
South Carolina,SC,SC:0:0,53,-80.715,32.326
South Carolina,SC,SC:0:0,54,-80.718,32.267
South Carolina,SC,SC:0:0,55,-80.669,32.217
South Carolina,SC,SC:0:0,56,-80.721,32.16
South Carolina,SC,SC:0:0,57,-80.813,32.11
South Carolina,SC,SC:0:0,58,-80.844,32.11
South Carolina,SC,SC:0:0,59,-80.905,32.052
South Carolina,SC,SC:0:0,60,-80.886,32.035
South Carolina,SC,SC:0:0,61,-80.918,32.038
South Carolina,SC,SC:0:0,62,-81.007,32.101
South Carolina,SC,SC:0:0,63,-81.067,32.09
South Carolina,SC,SC:0:0,64,-81.117,32.118
South Carolina,SC,SC:0:0,65,-81.118,32.189
South Carolina,SC,SC:0:0,66,-81.156,32.241
South Carolina,SC,SC:0:0,67,-81.12,32.288
South Carolina,SC,SC:0:0,68,-81.205,32.424
South Carolina,SC,SC:0:0,69,-81.2,32.468
South Carolina,SC,SC:0:0,70,-81.281,32.556
South Carolina,SC,SC:0:0,71,-81.367,32.577
South Carolina,SC,SC:0:0,72,-81.412,32.618
South Carolina,SC,SC:0:0,73,-81.401,32.677
South Carolina,SC,SC:0:0,74,-81.428,32.702
South Carolina,SC,SC:0:0,75,-81.422,32.835
South Carolina,SC,SC:0:0,76,-81.503,32.939
South Carolina,SC,SC:0:0,77,-81.491,33.008
South Carolina,SC,SC:0:0,78,-81.618,33.095
South Carolina,SC,SC:0:0,79,-81.705,33.116
South Carolina,SC,SC:0:0,80,-81.763,33.159
South Carolina,SC,SC:0:0,81,-81.757,33.198
South Carolina,SC,SC:0:0,82,-81.828,33.229
South Carolina,SC,SC:0:0,83,-81.847,33.307
South Carolina,SC,SC:0:0,84,-81.906,33.324
South Carolina,SC,SC:0:0,85,-81.945,33.364
South Carolina,SC,SC:0:0,86,-81.914,33.441
South Carolina,SC,SC:0:0,87,-81.986,33.487
South Carolina,SC,SC:0:0,88,-82.046,33.564
South Carolina,SC,SC:0:0,89,-82.134,33.591
South Carolina,SC,SC:0:0,90,-82.197,33.631
South Carolina,SC,SC:0:0,91,-82.255,33.76
South Carolina,SC,SC:0:0,92,-82.347,33.834
South Carolina,SC,SC:0:0,93,-82.423,33.864
South Carolina,SC,SC:0:0,94,-82.557,33.945
South Carolina,SC,SC:0:0,95,-82.596,34.031
South Carolina,SC,SC:0:0,96,-82.641,34.068
South Carolina,SC,SC:0:0,97,-82.677,34.132
South Carolina,SC,SC:0:0,98,-82.718,34.151
South Carolina,SC,SC:0:0,99,-82.747,34.266
South Carolina,SC,SC:0:0,100,-82.794,34.34
South Carolina,SC,SC:0:0,101,-82.835,34.366
South Carolina,SC,SC:0:0,102,-82.861,34.457
South Carolina,SC,SC:0:0,103,-82.903,34.486
South Carolina,SC,SC:0:0,104,-83.003,34.472
South Carolina,SC,SC:0:0,105,-83.069,34.502
South Carolina,SC,SC:0:0,106,-83.085,34.531
South Carolina,SC,SC:0:0,107,-83.168,34.591
South Carolina,SC,SC:0:0,108,-83.339,34.682
South Carolina,SC,SC:0:0,109,-83.353,34.729
South Carolina,SC,SC:0:0,110,-83.324,34.79
South Carolina,SC,SC:0:0,111,-83.268,34.821
South Carolina,SC,SC:0:0,112,-83.239,34.876
South Carolina,SC,SC:0:0,113,-83.121,34.939
Maine,ME,ME:0:0,0,-68.501,44.16
Maine,ME,ME:0:0,1,-68.484,44.225
Maine,ME,ME:0:0,2,-68.385,44.155
Maine,ME,ME:0:0,3,-68.428,44.119
Maine,ME,ME:1:0,0,-68.945,44.113
Maine,ME,ME:1:0,1,-68.917,44.148
Maine,ME,ME:1:0,2,-68.825,44.186
Maine,ME,ME:1:0,3,-68.818,44.137
Maine,ME,ME:1:0,4,-68.77,44.07
Maine,ME,ME:1:0,5,-68.807,44.036
Maine,ME,ME:1:0,6,-68.874,44.025
Maine,ME,ME:1:0,7,-68.909,44.11
Maine,ME,ME:2:0,0,-70.704,43.06
Maine,ME,ME:2:0,1,-70.827,43.127
Maine,ME,ME:2:0,2,-70.818,43.238
Maine,ME,ME:2:0,3,-70.882,43.272
Maine,ME,ME:2:0,4,-70.916,43.32
Maine,ME,ME:2:0,5,-70.967,43.344
Maine,ME,ME:2:0,6,-70.987,43.414
Maine,ME,ME:2:0,7,-70.951,43.551
Maine,ME,ME:2:0,8,-70.973,43.57
Maine,ME,ME:2:0,9,-70.989,43.792
Maine,ME,ME:2:0,10,-71.013,44.341
Maine,ME,ME:2:0,11,-71.031,44.655
Maine,ME,ME:2:0,12,-71.084,45.305
Maine,ME,ME:2:0,13,-70.951,45.335
Maine,ME,ME:2:0,14,-70.885,45.235
Maine,ME,ME:2:0,15,-70.812,45.302
Maine,ME,ME:2:0,16,-70.781,45.431
Maine,ME,ME:2:0,17,-70.712,45.391
Maine,ME,ME:2:0,18,-70.631,45.416
Maine,ME,ME:2:0,19,-70.717,45.488
Maine,ME,ME:2:0,20,-70.722,45.515
Maine,ME,ME:2:0,21,-70.645,45.607
Maine,ME,ME:2:0,22,-70.47,45.702
Maine,ME,ME:2:0,23,-70.384,45.735
Maine,ME,ME:2:0,24,-70.417,45.795
Maine,ME,ME:2:0,25,-70.342,45.852
Maine,ME,ME:2:0,26,-70.259,45.891
Maine,ME,ME:2:0,27,-70.265,45.963
Maine,ME,ME:2:0,28,-70.313,45.962
Maine,ME,ME:2:0,29,-70.311,46.065
Maine,ME,ME:2:0,30,-70.238,46.147
Maine,ME,ME:2:0,31,-70.293,46.192
Maine,ME,ME:2:0,32,-70.209,46.329
Maine,ME,ME:2:0,33,-70.056,46.417
Maine,ME,ME:2:0,34,-69.997,46.695
Maine,ME,ME:2:0,35,-69.566,47.125
Maine,ME,ME:2:0,36,-69.224,47.46
Maine,ME,ME:2:0,37,-69.178,47.457
Maine,ME,ME:2:0,38,-69.037,47.408
Maine,ME,ME:2:0,39,-69.054,47.378
Maine,ME,ME:2:0,40,-69.04,47.245
Maine,ME,ME:2:0,41,-68.896,47.183
Maine,ME,ME:2:0,42,-68.718,47.241
Maine,ME,ME:2:0,43,-68.62,47.243
Maine,ME,ME:2:0,44,-68.579,47.288
Maine,ME,ME:2:0,45,-68.507,47.297
Maine,ME,ME:2:0,46,-68.433,47.282
Maine,ME,ME:2:0,47,-68.384,47.302
Maine,ME,ME:2:0,48,-68.336,47.36
Maine,ME,ME:2:0,49,-68.223,47.345
Maine,ME,ME:2:0,50,-67.952,47.196
Maine,ME,ME:2:0,51,-67.878,47.102
Maine,ME,ME:2:0,52,-67.791,47.068
Maine,ME,ME:2:0,53,-67.788,46.602
Maine,ME,ME:2:0,54,-67.782,46.279
Maine,ME,ME:2:0,55,-67.781,45.943
Maine,ME,ME:2:0,56,-67.803,45.884
Maine,ME,ME:2:0,57,-67.755,45.824
Maine,ME,ME:2:0,58,-67.802,45.804
Maine,ME,ME:2:0,59,-67.803,45.678
Maine,ME,ME:2:0,60,-67.72,45.663
Maine,ME,ME:2:0,61,-67.646,45.614
Maine,ME,ME:2:0,62,-67.425,45.579
Maine,ME,ME:2:0,63,-67.428,45.501
Maine,ME,ME:2:0,64,-67.503,45.49
Maine,ME,ME:2:0,65,-67.477,45.432
Maine,ME,ME:2:0,66,-67.419,45.377
Maine,ME,ME:2:0,67,-67.466,45.294
Maine,ME,ME:2:0,68,-67.405,45.16
Maine,ME,ME:2:0,69,-67.34,45.126
Maine,ME,ME:2:0,70,-67.271,45.191
Maine,ME,ME:2:0,71,-67.158,45.161
Maine,ME,ME:2:0,72,-67.112,45.112
Maine,ME,ME:2:0,73,-67.038,44.945
Maine,ME,ME:2:0,74,-66.984,44.913
Maine,ME,ME:2:0,75,-66.982,44.811
Maine,ME,ME:2:0,76,-67.189,44.646
Maine,ME,ME:2:0,77,-67.311,44.613
Maine,ME,ME:2:0,78,-67.309,44.707
Maine,ME,ME:2:0,79,-67.396,44.693
Maine,ME,ME:2:0,80,-67.363,44.632
Maine,ME,ME:2:0,81,-67.444,44.606
Maine,ME,ME:2:0,82,-67.568,44.531
Maine,ME,ME:2:0,83,-67.509,44.497
Maine,ME,ME:2:0,84,-67.588,44.447
Maine,ME,ME:2:0,85,-67.661,44.538
Maine,ME,ME:2:0,86,-67.714,44.495
Maine,ME,ME:2:0,87,-67.776,44.514
Maine,ME,ME:2:0,88,-67.852,44.429
Maine,ME,ME:2:0,89,-67.913,44.43
Maine,ME,ME:2:0,90,-68.049,44.331
Maine,ME,ME:2:0,91,-68.141,44.377
Maine,ME,ME:2:0,92,-68.224,44.29
Maine,ME,ME:2:0,93,-68.199,44.237
Maine,ME,ME:2:0,94,-68.318,44.225
Maine,ME,ME:2:0,95,-68.401,44.252
Maine,ME,ME:2:0,96,-68.457,44.344
Maine,ME,ME:2:0,97,-68.416,44.398
Maine,ME,ME:2:0,98,-68.43,44.439
Maine,ME,ME:2:0,99,-68.495,44.43
Maine,ME,ME:2:0,100,-68.535,44.398
Maine,ME,ME:2:0,101,-68.567,44.318
Maine,ME,ME:2:0,102,-68.52,44.265
Maine,ME,ME:2:0,103,-68.529,44.222
Maine,ME,ME:2:0,104,-68.599,44.175
Maine,ME,ME:2:0,105,-68.618,44.097
Maine,ME,ME:2:0,106,-68.584,44.072
Maine,ME,ME:2:0,107,-68.657,44.004
Maine,ME,ME:2:0,108,-68.658,44.127
Maine,ME,ME:2:0,109,-68.719,44.166
Maine,ME,ME:2:0,110,-68.734,44.221
Maine,ME,ME:2:0,111,-68.679,44.265
Maine,ME,ME:2:0,112,-68.749,44.299
Maine,ME,ME:2:0,113,-68.827,44.312
Maine,ME,ME:2:0,114,-68.829,44.462
Maine,ME,ME:2:0,115,-68.88,44.428
Maine,ME,ME:2:0,116,-68.998,44.426
Maine,ME,ME:2:0,117,-68.948,44.356
Maine,ME,ME:2:0,118,-68.959,44.314
Maine,ME,ME:2:0,119,-69.04,44.234
Maine,ME,ME:2:0,120,-69.055,44.172
Maine,ME,ME:2:0,121,-69.101,44.105
Maine,ME,ME:2:0,122,-69.047,44.014
Maine,ME,ME:2:0,123,-69.077,43.974
Maine,ME,ME:2:0,124,-69.175,43.977
Maine,ME,ME:2:0,125,-69.22,43.915
Maine,ME,ME:2:0,126,-69.274,43.914
Maine,ME,ME:2:0,127,-69.328,43.946
Maine,ME,ME:2:0,128,-69.428,43.957
Maine,ME,ME:2:0,129,-69.427,43.912
Maine,ME,ME:2:0,130,-69.605,43.858
Maine,ME,ME:2:0,131,-69.649,43.791
Maine,ME,ME:2:0,132,-69.706,43.823
Maine,ME,ME:2:0,133,-69.754,43.744
Maine,ME,ME:2:0,134,-69.835,43.721
Maine,ME,ME:2:0,135,-69.87,43.776
Maine,ME,ME:2:0,136,-69.927,43.78
Maine,ME,ME:2:0,137,-70.001,43.71
Maine,ME,ME:2:0,138,-70.071,43.714
Maine,ME,ME:2:0,139,-70.152,43.682
Maine,ME,ME:2:0,140,-70.206,43.634
Maine,ME,ME:2:0,141,-70.197,43.565
Maine,ME,ME:2:0,142,-70.272,43.563
Maine,ME,ME:2:0,143,-70.379,43.507
Maine,ME,ME:2:0,144,-70.362,43.439
Maine,ME,ME:2:0,145,-70.416,43.361
Maine,ME,ME:2:0,146,-70.535,43.337
Maine,ME,ME:2:0,147,-70.594,43.249
Maine,ME,ME:2:0,148,-70.576,43.222
Maine,ME,ME:2:0,149,-70.623,43.135
New Hampshire,NH,NH:0:0,0,-71.501,45.013
New Hampshire,NH,NH:0:0,1,-71.498,45.071
New Hampshire,NH,NH:0:0,2,-71.427,45.13
New Hampshire,NH,NH:0:0,3,-71.406,45.198
New Hampshire,NH,NH:0:0,4,-71.363,45.248
New Hampshire,NH,NH:0:0,5,-71.284,45.302
New Hampshire,NH,NH:0:0,6,-71.228,45.25
New Hampshire,NH,NH:0:0,7,-71.134,45.244
New Hampshire,NH,NH:0:0,8,-71.084,45.305
New Hampshire,NH,NH:0:0,9,-71.031,44.655
New Hampshire,NH,NH:0:0,10,-71.013,44.341
New Hampshire,NH,NH:0:0,11,-70.989,43.792
New Hampshire,NH,NH:0:0,12,-70.973,43.57
New Hampshire,NH,NH:0:0,13,-70.951,43.551
New Hampshire,NH,NH:0:0,14,-70.987,43.414
New Hampshire,NH,NH:0:0,15,-70.967,43.344
New Hampshire,NH,NH:0:0,16,-70.916,43.32
New Hampshire,NH,NH:0:0,17,-70.882,43.272
New Hampshire,NH,NH:0:0,18,-70.818,43.238
New Hampshire,NH,NH:0:0,19,-70.827,43.127
New Hampshire,NH,NH:0:0,20,-70.704,43.06
New Hampshire,NH,NH:0:0,21,-70.811,42.907
New Hampshire,NH,NH:0:0,22,-70.817,42.872
New Hampshire,NH,NH:0:0,23,-70.931,42.885
New Hampshire,NH,NH:0:0,24,-71.031,42.859
New Hampshire,NH,NH:0:0,25,-71.064,42.806
New Hampshire,NH,NH:0:0,26,-71.133,42.821
New Hampshire,NH,NH:0:0,27,-71.186,42.791
New Hampshire,NH,NH:0:0,28,-71.182,42.738
New Hampshire,NH,NH:0:0,29,-71.246,42.743
New Hampshire,NH,NH:0:0,30,-71.294,42.697
New Hampshire,NH,NH:0:0,31,-71.981,42.713
New Hampshire,NH,NH:0:0,32,-72.459,42.727
New Hampshire,NH,NH:0:0,33,-72.543,42.808
New Hampshire,NH,NH:0:0,34,-72.553,42.885
New Hampshire,NH,NH:0:0,35,-72.535,42.95
New Hampshire,NH,NH:0:0,36,-72.474,42.972
New Hampshire,NH,NH:0:0,37,-72.445,43.011
New Hampshire,NH,NH:0:0,38,-72.467,43.053
New Hampshire,NH,NH:0:0,39,-72.435,43.087
New Hampshire,NH,NH:0:0,40,-72.457,43.147
New Hampshire,NH,NH:0:0,41,-72.435,43.258
New Hampshire,NH,NH:0:0,42,-72.395,43.313
New Hampshire,NH,NH:0:0,43,-72.413,43.363
New Hampshire,NH,NH:0:0,44,-72.381,43.493
New Hampshire,NH,NH:0:0,45,-72.373,43.579
New Hampshire,NH,NH:0:0,46,-72.332,43.599
New Hampshire,NH,NH:0:0,47,-72.303,43.703
New Hampshire,NH,NH:0:0,48,-72.233,43.748
New Hampshire,NH,NH:0:0,49,-72.185,43.805
New Hampshire,NH,NH:0:0,50,-72.188,43.856
New Hampshire,NH,NH:0:0,51,-72.121,43.919
New Hampshire,NH,NH:0:0,52,-72.117,43.994
New Hampshire,NH,NH:0:0,53,-72.031,44.1
New Hampshire,NH,NH:0:0,54,-72.066,44.19
New Hampshire,NH,NH:0:0,55,-72.068,44.271
New Hampshire,NH,NH:0:0,56,-72.033,44.32
New Hampshire,NH,NH:0:0,57,-71.812,44.358
New Hampshire,NH,NH:0:0,58,-71.791,44.4
New Hampshire,NH,NH:0:0,59,-71.708,44.412
New Hampshire,NH,NH:0:0,60,-71.646,44.475
New Hampshire,NH,NH:0:0,61,-71.599,44.486
New Hampshire,NH,NH:0:0,62,-71.559,44.566
New Hampshire,NH,NH:0:0,63,-71.552,44.628
New Hampshire,NH,NH:0:0,64,-71.625,44.744
New Hampshire,NH,NH:0:0,65,-71.572,44.795
New Hampshire,NH,NH:0:0,66,-71.557,44.849
New Hampshire,NH,NH:0:0,67,-71.494,44.911
New Hampshire,NH,NH:0:0,68,-71.538,44.984
District of Columbia,DC,DC:0:0,0,-77.12,38.934
District of Columbia,DC,DC:0:0,1,-77.041,38.996
District of Columbia,DC,DC:0:0,2,-76.909,38.893
District of Columbia,DC,DC:0:0,3,-77.039,38.792
District of Columbia,DC,DC:0:0,4,-77.032,38.851
Iowa,IA,IA:0:0,0,-96.453,43.5
Iowa,IA,IA:0:0,1,-95.741,43.5
Iowa,IA,IA:0:0,2,-95.155,43.5
Iowa,IA,IA:0:0,3,-94.47,43.5
Iowa,IA,IA:0:0,4,-93.796,43.5
Iowa,IA,IA:0:0,5,-93.272,43.499
Iowa,IA,IA:0:0,6,-92.79,43.5
Iowa,IA,IA:0:0,7,-91.95,43.5
Iowa,IA,IA:0:0,8,-91.218,43.501
Iowa,IA,IA:0:0,9,-91.232,43.46
Iowa,IA,IA:0:0,10,-91.198,43.395
Iowa,IA,IA:0:0,11,-91.202,43.349
Iowa,IA,IA:0:0,12,-91.129,43.326
Iowa,IA,IA:0:0,13,-91.058,43.254
Iowa,IA,IA:0:0,14,-91.178,43.129
Iowa,IA,IA:0:0,15,-91.175,43.039
Iowa,IA,IA:0:0,16,-91.146,42.91
Iowa,IA,IA:0:0,17,-91.101,42.883
Iowa,IA,IA:0:0,18,-91.051,42.737
Iowa,IA,IA:0:0,19,-90.952,42.687
Iowa,IA,IA:0:0,20,-90.72,42.641
Iowa,IA,IA:0:0,21,-90.662,42.568
Iowa,IA,IA:0:0,22,-90.643,42.508
Iowa,IA,IA:0:0,23,-90.654,42.479
Iowa,IA,IA:0:0,24,-90.477,42.384
Iowa,IA,IA:0:0,25,-90.416,42.323
Iowa,IA,IA:0:0,26,-90.431,42.278
Iowa,IA,IA:0:0,27,-90.391,42.225
Iowa,IA,IA:0:0,28,-90.209,42.153
Iowa,IA,IA:0:0,29,-90.163,42.117
Iowa,IA,IA:0:0,30,-90.164,42.042
Iowa,IA,IA:0:0,31,-90.14,42.003
Iowa,IA,IA:0:0,32,-90.162,41.961
Iowa,IA,IA:0:0,33,-90.154,41.907
Iowa,IA,IA:0:0,34,-90.188,41.803
Iowa,IA,IA:0:0,35,-90.279,41.767
Iowa,IA,IA:0:0,36,-90.315,41.734
Iowa,IA,IA:0:0,37,-90.343,41.647
Iowa,IA,IA:0:0,38,-90.343,41.588
Iowa,IA,IA:0:0,39,-90.413,41.565
Iowa,IA,IA:0:0,40,-90.461,41.524
Iowa,IA,IA:0:0,41,-90.595,41.511
Iowa,IA,IA:0:0,42,-90.656,41.462
Iowa,IA,IA:0:0,43,-90.738,41.45
Iowa,IA,IA:0:0,44,-90.858,41.453
Iowa,IA,IA:0:0,45,-90.93,41.421
Iowa,IA,IA:0:0,46,-90.975,41.434
Iowa,IA,IA:0:0,47,-91.048,41.411
Iowa,IA,IA:0:0,48,-91.078,41.302
Iowa,IA,IA:0:0,49,-91.114,41.241
Iowa,IA,IA:0:0,50,-91.042,41.166
Iowa,IA,IA:0:0,51,-90.99,41.156
Iowa,IA,IA:0:0,52,-90.947,41.097
Iowa,IA,IA:0:0,53,-90.942,41.035
Iowa,IA,IA:0:0,54,-90.963,40.925
Iowa,IA,IA:0:0,55,-90.998,40.908
Iowa,IA,IA:0:0,56,-91.097,40.812
Iowa,IA,IA:0:0,57,-91.092,40.78
Iowa,IA,IA:0:0,58,-91.124,40.669
Iowa,IA,IA:0:0,59,-91.187,40.637
Iowa,IA,IA:0:0,60,-91.248,40.638
Iowa,IA,IA:0:0,61,-91.349,40.61
Iowa,IA,IA:0:0,62,-91.406,40.543
Iowa,IA,IA:0:0,63,-91.369,40.513
Iowa,IA,IA:0:0,64,-91.376,40.392
Iowa,IA,IA:0:0,65,-91.419,40.378
Iowa,IA,IA:0:0,66,-91.485,40.384
Iowa,IA,IA:0:0,67,-91.617,40.505
Iowa,IA,IA:0:0,68,-91.625,40.544
Iowa,IA,IA:0:0,69,-91.682,40.553
Iowa,IA,IA:0:0,70,-91.729,40.614
Iowa,IA,IA:0:0,71,-92.096,40.602
Iowa,IA,IA:0:0,72,-92.757,40.589
Iowa,IA,IA:0:0,73,-93.261,40.581
Iowa,IA,IA:0:0,74,-94.034,40.574
Iowa,IA,IA:0:0,75,-94.489,40.571
Iowa,IA,IA:0:0,76,-94.992,40.576
Iowa,IA,IA:0:0,77,-95.766,40.585
Iowa,IA,IA:0:0,78,-95.789,40.659
Iowa,IA,IA:0:0,79,-95.843,40.677
Iowa,IA,IA:0:0,80,-95.889,40.732
Iowa,IA,IA:0:0,81,-95.837,40.776
Iowa,IA,IA:0:0,82,-95.848,40.864
Iowa,IA,IA:0:0,83,-95.812,40.884
Iowa,IA,IA:0:0,84,-95.863,40.997
Iowa,IA,IA:0:0,85,-95.863,41.088
Iowa,IA,IA:0:0,86,-95.882,41.144
Iowa,IA,IA:0:0,87,-95.865,41.188
Iowa,IA,IA:0:0,88,-95.926,41.196
Iowa,IA,IA:0:0,89,-95.933,41.464
Iowa,IA,IA:0:0,90,-96.005,41.472
Iowa,IA,IA:0:0,91,-96.09,41.532
Iowa,IA,IA:0:0,92,-96.109,41.597
Iowa,IA,IA:0:0,93,-96.095,41.647
Iowa,IA,IA:0:0,94,-96.118,41.694
Iowa,IA,IA:0:0,95,-96.07,41.804
Iowa,IA,IA:0:0,96,-96.162,41.902
Iowa,IA,IA:0:0,97,-96.13,41.972
Iowa,IA,IA:0:0,98,-96.184,41.977
Iowa,IA,IA:0:0,99,-96.238,42.041
Iowa,IA,IA:0:0,100,-96.267,42.11
Iowa,IA,IA:0:0,101,-96.348,42.167
Iowa,IA,IA:0:0,102,-96.324,42.23
Iowa,IA,IA:0:0,103,-96.37,42.311
Iowa,IA,IA:0:0,104,-96.408,42.337
Iowa,IA,IA:0:0,105,-96.412,42.411
Iowa,IA,IA:0:0,106,-96.381,42.446
Iowa,IA,IA:0:0,107,-96.446,42.491
Iowa,IA,IA:0:0,108,-96.538,42.655
Iowa,IA,IA:0:0,109,-96.631,42.706
Iowa,IA,IA:0:0,110,-96.64,42.737
Iowa,IA,IA:0:0,111,-96.578,42.828
Iowa,IA,IA:0:0,112,-96.544,42.851
Iowa,IA,IA:0:0,113,-96.541,42.924
Iowa,IA,IA:0:0,114,-96.511,43.025
Iowa,IA,IA:0:0,115,-96.439,43.114
Iowa,IA,IA:0:0,116,-96.485,43.224
Iowa,IA,IA:0:0,117,-96.555,43.227
Iowa,IA,IA:0:0,118,-96.58,43.298
Iowa,IA,IA:0:0,119,-96.526,43.312
Iowa,IA,IA:0:0,120,-96.524,43.395
Iowa,IA,IA:0:0,121,-96.594,43.434
Iowa,IA,IA:0:0,122,-96.599,43.5
Arkansas,AR,AR:0:0,0,-94.618,36.499
Arkansas,AR,AR:0:0,1,-94.111,36.499
Arkansas,AR,AR:0:0,2,-93.126,36.498
Arkansas,AR,AR:0:0,3,-92.35,36.498
Arkansas,AR,AR:0:0,4,-91.405,36.497
Arkansas,AR,AR:0:0,5,-90.693,36.499
Arkansas,AR,AR:0:0,6,-90.152,36.498
Arkansas,AR,AR:0:0,7,-90.144,36.424
Arkansas,AR,AR:0:0,8,-90.066,36.386
Arkansas,AR,AR:0:0,9,-90.084,36.272
Arkansas,AR,AR:0:0,10,-90.183,36.205
Arkansas,AR,AR:0:0,11,-90.236,36.139
Arkansas,AR,AR:0:0,12,-90.319,36.09
Arkansas,AR,AR:0:0,13,-90.378,35.996
Arkansas,AR,AR:0:0,14,-89.733,36.001
Arkansas,AR,AR:0:0,15,-89.715,35.963
Arkansas,AR,AR:0:0,16,-89.656,35.926
Arkansas,AR,AR:0:0,17,-89.766,35.891
Arkansas,AR,AR:0:0,18,-89.782,35.805
Arkansas,AR,AR:0:0,19,-89.814,35.76
Arkansas,AR,AR:0:0,20,-89.95,35.738
Arkansas,AR,AR:0:0,21,-89.956,35.691
Arkansas,AR,AR:0:0,22,-89.911,35.618
Arkansas,AR,AR:0:0,23,-89.989,35.56
Arkansas,AR,AR:0:0,24,-90.04,35.548
Arkansas,AR,AR:0:0,25,-90.049,35.504
Arkansas,AR,AR:0:0,26,-90.108,35.477
Arkansas,AR,AR:0:0,27,-90.129,35.442
Arkansas,AR,AR:0:0,28,-90.075,35.384
Arkansas,AR,AR:0:0,29,-90.109,35.305
Arkansas,AR,AR:0:0,30,-90.159,35.263
Arkansas,AR,AR:0:0,31,-90.079,35.228
Arkansas,AR,AR:0:0,32,-90.117,35.188
Arkansas,AR,AR:0:0,33,-90.067,35.136
Arkansas,AR,AR:0:0,34,-90.101,35.117
Arkansas,AR,AR:0:0,35,-90.174,35.118
Arkansas,AR,AR:0:0,36,-90.209,35.027
Arkansas,AR,AR:0:0,37,-90.292,35.042
Arkansas,AR,AR:0:0,38,-90.309,34.996
Arkansas,AR,AR:0:0,39,-90.25,34.951
Arkansas,AR,AR:0:0,40,-90.25,34.907
Arkansas,AR,AR:0:0,41,-90.415,34.832
Arkansas,AR,AR:0:0,42,-90.437,34.883
Arkansas,AR,AR:0:0,43,-90.484,34.861
Arkansas,AR,AR:0:0,44,-90.451,34.748
Arkansas,AR,AR:0:0,45,-90.467,34.696
Arkansas,AR,AR:0:0,46,-90.517,34.631
Arkansas,AR,AR:0:0,47,-90.587,34.616
Arkansas,AR,AR:0:0,48,-90.546,34.538
Arkansas,AR,AR:0:0,49,-90.59,34.485
Arkansas,AR,AR:0:0,50,-90.567,34.43
Arkansas,AR,AR:0:0,51,-90.614,34.391
Arkansas,AR,AR:0:0,52,-90.683,34.369
Arkansas,AR,AR:0:0,53,-90.756,34.367
Arkansas,AR,AR:0:0,54,-90.741,34.307
Arkansas,AR,AR:0:0,55,-90.832,34.267
Arkansas,AR,AR:0:0,56,-90.848,34.207
Arkansas,AR,AR:0:0,57,-90.907,34.244
Arkansas,AR,AR:0:0,58,-90.933,34.215
Arkansas,AR,AR:0:0,59,-90.888,34.182
Arkansas,AR,AR:0:0,60,-90.817,34.183
Arkansas,AR,AR:0:0,61,-90.823,34.144
Arkansas,AR,AR:0:0,62,-90.91,34.166
Arkansas,AR,AR:0:0,63,-90.946,34.109
Arkansas,AR,AR:0:0,64,-90.87,34.083
Arkansas,AR,AR:0:0,65,-90.889,34.03
Arkansas,AR,AR:0:0,66,-90.988,34.019
Arkansas,AR,AR:0:0,67,-91.088,33.975
Arkansas,AR,AR:0:0,68,-91.011,33.926
Arkansas,AR,AR:0:0,69,-91.071,33.867
Arkansas,AR,AR:0:0,70,-91.054,33.779
Arkansas,AR,AR:0:0,71,-91.107,33.771
Arkansas,AR,AR:0:0,72,-91.145,33.727
Arkansas,AR,AR:0:0,73,-91.068,33.716
Arkansas,AR,AR:0:0,74,-91.035,33.673
Arkansas,AR,AR:0:0,75,-91.084,33.657
Arkansas,AR,AR:0:0,76,-91.161,33.707
Arkansas,AR,AR:0:0,77,-91.219,33.662
Arkansas,AR,AR:0:0,78,-91.139,33.626
Arkansas,AR,AR:0:0,79,-91.132,33.599
Arkansas,AR,AR:0:0,80,-91.228,33.565
Arkansas,AR,AR:0:0,81,-91.169,33.453
Arkansas,AR,AR:0:0,82,-91.209,33.404
Arkansas,AR,AR:0:0,83,-91.142,33.349
Arkansas,AR,AR:0:0,84,-91.142,33.3
Arkansas,AR,AR:0:0,85,-91.083,33.222
Arkansas,AR,AR:0:0,86,-91.088,33.145
Arkansas,AR,AR:0:0,87,-91.184,33.142
Arkansas,AR,AR:0:0,88,-91.201,33.11
Arkansas,AR,AR:0:0,89,-91.125,33.064
Arkansas,AR,AR:0:0,90,-91.166,33.004
Arkansas,AR,AR:0:0,91,-91.952,33.007
Arkansas,AR,AR:0:0,92,-92.223,33.009
Arkansas,AR,AR:0:0,93,-92.797,33.015
Arkansas,AR,AR:0:0,94,-93.491,33.018
Arkansas,AR,AR:0:0,95,-94.043,33.019
Arkansas,AR,AR:0:0,96,-94.043,33.552
Arkansas,AR,AR:0:0,97,-94.183,33.592
Arkansas,AR,AR:0:0,98,-94.226,33.553
Arkansas,AR,AR:0:0,99,-94.393,33.551
Arkansas,AR,AR:0:0,100,-94.486,33.638
Arkansas,AR,AR:0:0,101,-94.47,34.19
Arkansas,AR,AR:0:0,102,-94.458,34.643
Arkansas,AR,AR:0:0,103,-94.431,35.394
Arkansas,AR,AR:0:0,104,-94.523,35.934
Tennessee,TN,TN:0:0,0,-89.733,36.001
Tennessee,TN,TN:0:0,1,-89.687,36.034
Tennessee,TN,TN:0:0,2,-89.68,36.082
Tennessee,TN,TN:0:0,3,-89.594,36.127
Tennessee,TN,TN:0:0,4,-89.607,36.171
Tennessee,TN,TN:0:0,5,-89.693,36.225
Tennessee,TN,TN:0:0,6,-89.695,36.253
Tennessee,TN,TN:0:0,7,-89.587,36.239
Tennessee,TN,TN:0:0,8,-89.536,36.271
Tennessee,TN,TN:0:0,9,-89.612,36.309
Tennessee,TN,TN:0:0,10,-89.611,36.34
Tennessee,TN,TN:0:0,11,-89.532,36.339
Tennessee,TN,TN:0:0,12,-89.51,36.374
Tennessee,TN,TN:0:0,13,-89.542,36.42
Tennessee,TN,TN:0:0,14,-89.539,36.498
Tennessee,TN,TN:0:0,15,-89.485,36.497
Tennessee,TN,TN:0:0,16,-89.417,36.499
Tennessee,TN,TN:0:0,17,-89.3,36.507
Tennessee,TN,TN:0:0,18,-89.118,36.504
Tennessee,TN,TN:0:0,19,-88.331,36.501
Tennessee,TN,TN:0:0,20,-88.053,36.497
Tennessee,TN,TN:0:0,21,-88.032,36.541
Tennessee,TN,TN:0:0,22,-88.071,36.678
Tennessee,TN,TN:0:0,23,-87.85,36.664
Tennessee,TN,TN:0:0,24,-87.853,36.633
Tennessee,TN,TN:0:0,25,-87.414,36.641
Tennessee,TN,TN:0:0,26,-87.115,36.642
Tennessee,TN,TN:0:0,27,-86.59,36.652
Tennessee,TN,TN:0:0,28,-86.333,36.649
Tennessee,TN,TN:0:0,29,-85.832,36.622
Tennessee,TN,TN:0:0,30,-85.488,36.615
Tennessee,TN,TN:0:0,31,-85.195,36.625
Tennessee,TN,TN:0:0,32,-84.843,36.605
Tennessee,TN,TN:0:0,33,-84.543,36.596
Tennessee,TN,TN:0:0,34,-83.988,36.59
Tennessee,TN,TN:0:0,35,-83.691,36.583
Tennessee,TN,TN:0:0,36,-83.675,36.601
Tennessee,TN,TN:0:0,37,-83.276,36.598
Tennessee,TN,TN:0:0,38,-83.261,36.594
Tennessee,TN,TN:0:0,39,-82.888,36.593
Tennessee,TN,TN:0:0,40,-81.934,36.594
Tennessee,TN,TN:0:0,41,-81.923,36.616
Tennessee,TN,TN:0:0,42,-81.647,36.612
Tennessee,TN,TN:0:0,43,-81.678,36.588
Tennessee,TN,TN:0:0,44,-81.708,36.536
Tennessee,TN,TN:0:0,45,-81.695,36.468
Tennessee,TN,TN:0:0,46,-81.738,36.411
Tennessee,TN,TN:0:0,47,-81.723,36.355
Tennessee,TN,TN:0:0,48,-81.795,36.358
Tennessee,TN,TN:0:0,49,-81.908,36.302
Tennessee,TN,TN:0:0,50,-82.033,36.12
Tennessee,TN,TN:0:0,51,-82.131,36.106
Tennessee,TN,TN:0:0,52,-82.148,36.15
Tennessee,TN,TN:0:0,53,-82.205,36.157
Tennessee,TN,TN:0:0,54,-82.289,36.136
Tennessee,TN,TN:0:0,55,-82.409,36.083
Tennessee,TN,TN:0:0,56,-82.461,36.008
Tennessee,TN,TN:0:0,57,-82.55,35.964
Tennessee,TN,TN:0:0,58,-82.611,35.967
Tennessee,TN,TN:0:0,59,-82.595,36.03
Tennessee,TN,TN:0:0,60,-82.632,36.066
Tennessee,TN,TN:0:0,61,-82.785,35.988
Tennessee,TN,TN:0:0,62,-82.826,35.93
Tennessee,TN,TN:0:0,63,-82.899,35.945
Tennessee,TN,TN:0:0,64,-82.901,35.873
Tennessee,TN,TN:0:0,65,-82.992,35.774
Tennessee,TN,TN:0:0,66,-83.079,35.789
Tennessee,TN,TN:0:0,67,-83.159,35.765
Tennessee,TN,TN:0:0,68,-83.186,35.73
Tennessee,TN,TN:0:0,69,-83.241,35.727
Tennessee,TN,TN:0:0,70,-83.313,35.655
Tennessee,TN,TN:0:0,71,-83.446,35.612
Tennessee,TN,TN:0:0,72,-83.498,35.563
Tennessee,TN,TN:0:0,73,-83.63,35.568
Tennessee,TN,TN:0:0,74,-83.772,35.562
Tennessee,TN,TN:0:0,75,-83.826,35.524
Tennessee,TN,TN:0:0,76,-83.883,35.517
Tennessee,TN,TN:0:0,77,-83.912,35.476
Tennessee,TN,TN:0:0,78,-83.961,35.464
Tennessee,TN,TN:0:0,79,-84.022,35.404
Tennessee,TN,TN:0:0,80,-84.038,35.348
Tennessee,TN,TN:0:0,81,-84.021,35.301
Tennessee,TN,TN:0:0,82,-84.098,35.247
Tennessee,TN,TN:0:0,83,-84.199,35.244
Tennessee,TN,TN:0:0,84,-84.224,35.269
Tennessee,TN,TN:0:0,85,-84.29,35.226
Tennessee,TN,TN:0:0,86,-84.322,34.988
Tennessee,TN,TN:0:0,87,-84.939,34.988
Tennessee,TN,TN:0:0,88,-85.385,34.983
Tennessee,TN,TN:0:0,89,-85.605,34.985
Tennessee,TN,TN:0:0,90,-86.397,34.992
Tennessee,TN,TN:0:0,91,-86.862,34.992
Tennessee,TN,TN:0:0,92,-87.429,35.003
Tennessee,TN,TN:0:0,93,-88.203,35.008
Tennessee,TN,TN:0:0,94,-88.2,34.996
Tennessee,TN,TN:0:0,95,-88.851,34.995
Tennessee,TN,TN:0:0,96,-89.435,34.994
Tennessee,TN,TN:0:0,97,-89.848,34.994
Tennessee,TN,TN:0:0,98,-90.309,34.996
Tennessee,TN,TN:0:0,99,-90.292,35.042
Tennessee,TN,TN:0:0,100,-90.209,35.027
Tennessee,TN,TN:0:0,101,-90.174,35.118
Tennessee,TN,TN:0:0,102,-90.101,35.117
Tennessee,TN,TN:0:0,103,-90.067,35.136
Tennessee,TN,TN:0:0,104,-90.117,35.188
Tennessee,TN,TN:0:0,105,-90.079,35.228
Tennessee,TN,TN:0:0,106,-90.159,35.263
Tennessee,TN,TN:0:0,107,-90.109,35.305
Tennessee,TN,TN:0:0,108,-90.075,35.384
Tennessee,TN,TN:0:0,109,-90.129,35.442
Tennessee,TN,TN:0:0,110,-90.108,35.477
Tennessee,TN,TN:0:0,111,-90.049,35.504
Tennessee,TN,TN:0:0,112,-90.04,35.548
Tennessee,TN,TN:0:0,113,-89.989,35.56
Tennessee,TN,TN:0:0,114,-89.911,35.618
Tennessee,TN,TN:0:0,115,-89.956,35.691
Tennessee,TN,TN:0:0,116,-89.95,35.738
Tennessee,TN,TN:0:0,117,-89.814,35.76
Tennessee,TN,TN:0:0,118,-89.782,35.805
Tennessee,TN,TN:0:0,119,-89.766,35.891
Tennessee,TN,TN:0:0,120,-89.656,35.926
Tennessee,TN,TN:0:0,121,-89.715,35.963
Illinois,IL,IL:0:0,0,-91.419,40.378
Illinois,IL,IL:0:0,1,-91.376,40.392
Illinois,IL,IL:0:0,2,-91.369,40.513
Illinois,IL,IL:0:0,3,-91.406,40.543
Illinois,IL,IL:0:0,4,-91.349,40.61
Illinois,IL,IL:0:0,5,-91.248,40.638
Illinois,IL,IL:0:0,6,-91.187,40.637
Illinois,IL,IL:0:0,7,-91.124,40.669
Illinois,IL,IL:0:0,8,-91.092,40.78
Illinois,IL,IL:0:0,9,-91.097,40.812
Illinois,IL,IL:0:0,10,-90.998,40.908
Illinois,IL,IL:0:0,11,-90.963,40.925
Illinois,IL,IL:0:0,12,-90.942,41.035
Illinois,IL,IL:0:0,13,-90.947,41.097
Illinois,IL,IL:0:0,14,-90.99,41.156
Illinois,IL,IL:0:0,15,-91.042,41.166
Illinois,IL,IL:0:0,16,-91.114,41.241
Illinois,IL,IL:0:0,17,-91.078,41.302
Illinois,IL,IL:0:0,18,-91.048,41.411
Illinois,IL,IL:0:0,19,-90.975,41.434
Illinois,IL,IL:0:0,20,-90.93,41.421
Illinois,IL,IL:0:0,21,-90.858,41.453
Illinois,IL,IL:0:0,22,-90.738,41.45
Illinois,IL,IL:0:0,23,-90.656,41.462
Illinois,IL,IL:0:0,24,-90.595,41.511
Illinois,IL,IL:0:0,25,-90.461,41.524
Illinois,IL,IL:0:0,26,-90.413,41.565
Illinois,IL,IL:0:0,27,-90.343,41.588
Illinois,IL,IL:0:0,28,-90.343,41.647
Illinois,IL,IL:0:0,29,-90.315,41.734
Illinois,IL,IL:0:0,30,-90.279,41.767
Illinois,IL,IL:0:0,31,-90.188,41.803
Illinois,IL,IL:0:0,32,-90.154,41.907
Illinois,IL,IL:0:0,33,-90.162,41.961
Illinois,IL,IL:0:0,34,-90.14,42.003
Illinois,IL,IL:0:0,35,-90.164,42.042
Illinois,IL,IL:0:0,36,-90.163,42.117
Illinois,IL,IL:0:0,37,-90.209,42.153
Illinois,IL,IL:0:0,38,-90.391,42.225
Illinois,IL,IL:0:0,39,-90.431,42.278
Illinois,IL,IL:0:0,40,-90.416,42.323
Illinois,IL,IL:0:0,41,-90.477,42.384
Illinois,IL,IL:0:0,42,-90.654,42.479
Illinois,IL,IL:0:0,43,-90.643,42.508
Illinois,IL,IL:0:0,44,-90.074,42.508
Illinois,IL,IL:0:0,45,-89.251,42.498
Illinois,IL,IL:0:0,46,-88.787,42.492
Illinois,IL,IL:0:0,47,-88.115,42.496
Illinois,IL,IL:0:0,48,-87.8,42.492
Illinois,IL,IL:0:0,49,-87.805,42.385
Illinois,IL,IL:0:0,50,-87.835,42.302
Illinois,IL,IL:0:0,51,-87.8,42.208
Illinois,IL,IL:0:0,52,-87.742,42.128
Illinois,IL,IL:0:0,53,-87.682,42.076
Illinois,IL,IL:0:0,54,-87.612,41.891
Illinois,IL,IL:0:0,55,-87.601,41.827
Illinois,IL,IL:0:0,56,-87.524,41.708
Illinois,IL,IL:0:0,57,-87.527,41.121
Illinois,IL,IL:0:0,58,-87.527,40.462
Illinois,IL,IL:0:0,59,-87.533,39.883
Illinois,IL,IL:0:0,60,-87.532,39.348
Illinois,IL,IL:0:0,61,-87.589,39.334
Illinois,IL,IL:0:0,62,-87.61,39.282
Illinois,IL,IL:0:0,63,-87.575,39.218
Illinois,IL,IL:0:0,64,-87.64,39.167
Illinois,IL,IL:0:0,65,-87.632,39.107
Illinois,IL,IL:0:0,66,-87.573,39.057
Illinois,IL,IL:0:0,67,-87.578,38.989
Illinois,IL,IL:0:0,68,-87.512,38.954
Illinois,IL,IL:0:0,69,-87.551,38.86
Illinois,IL,IL:0:0,70,-87.497,38.779
Illinois,IL,IL:0:0,71,-87.52,38.697
Illinois,IL,IL:0:0,72,-87.62,38.639
Illinois,IL,IL:0:0,73,-87.661,38.541
Illinois,IL,IL:0:0,74,-87.654,38.512
Illinois,IL,IL:0:0,75,-87.74,38.475
Illinois,IL,IL:0:0,76,-87.745,38.409
Illinois,IL,IL:0:0,77,-87.806,38.363
Illinois,IL,IL:0:0,78,-87.855,38.275
Illinois,IL,IL:0:0,79,-87.937,38.292
Illinois,IL,IL:0:0,80,-87.984,38.21
Illinois,IL,IL:0:0,81,-87.937,38.172
Illinois,IL,IL:0:0,82,-87.945,38.127
Illinois,IL,IL:0:0,83,-88.013,38.104
Illinois,IL,IL:0:0,84,-88.035,38.051
Illinois,IL,IL:0:0,85,-88.013,37.977
Illinois,IL,IL:0:0,86,-88.036,37.943
Illinois,IL,IL:0:0,87,-88.013,37.895
Illinois,IL,IL:0:0,88,-88.095,37.894
Illinois,IL,IL:0:0,89,-88.028,37.799
Illinois,IL,IL:0:0,90,-88.064,37.739
Illinois,IL,IL:0:0,91,-88.125,37.707
Illinois,IL,IL:0:0,92,-88.158,37.665
Illinois,IL,IL:0:0,93,-88.133,37.574
Illinois,IL,IL:0:0,94,-88.069,37.525
Illinois,IL,IL:0:0,95,-88.088,37.471
Illinois,IL,IL:0:0,96,-88.282,37.453
Illinois,IL,IL:0:0,97,-88.362,37.403
Illinois,IL,IL:0:0,98,-88.409,37.425
Illinois,IL,IL:0:0,99,-88.477,37.387
Illinois,IL,IL:0:0,100,-88.516,37.284
Illinois,IL,IL:0:0,101,-88.448,37.204
Illinois,IL,IL:0:0,102,-88.424,37.152
Illinois,IL,IL:0:0,103,-88.459,37.074
Illinois,IL,IL:0:0,104,-88.545,37.07
Illinois,IL,IL:0:0,105,-88.631,37.121
Illinois,IL,IL:0:0,106,-88.732,37.144
Illinois,IL,IL:0:0,107,-88.806,37.189
Illinois,IL,IL:0:0,108,-88.917,37.224
Illinois,IL,IL:0:0,109,-89.03,37.211
Illinois,IL,IL:0:0,110,-89.155,37.089
Illinois,IL,IL:0:0,111,-89.183,37.037
Illinois,IL,IL:0:0,112,-89.133,36.982
Illinois,IL,IL:0:0,113,-89.198,37.012
Illinois,IL,IL:0:0,114,-89.292,36.992
Illinois,IL,IL:0:0,115,-89.378,37.04
Illinois,IL,IL:0:0,116,-89.376,37.086
Illinois,IL,IL:0:0,117,-89.462,37.2
Illinois,IL,IL:0:0,118,-89.461,37.251
Illinois,IL,IL:0:0,119,-89.518,37.285
Illinois,IL,IL:0:0,120,-89.491,37.331
Illinois,IL,IL:0:0,121,-89.436,37.344
Illinois,IL,IL:0:0,122,-89.422,37.397
Illinois,IL,IL:0:0,123,-89.516,37.536
Illinois,IL,IL:0:0,124,-89.512,37.686
Illinois,IL,IL:0:0,125,-89.583,37.713
Illinois,IL,IL:0:0,126,-89.74,37.847
Illinois,IL,IL:0:0,127,-89.796,37.86
Illinois,IL,IL:0:0,128,-89.845,37.906
Illinois,IL,IL:0:0,129,-89.902,37.87
Illinois,IL,IL:0:0,130,-89.974,37.919
Illinois,IL,IL:0:0,131,-90.008,37.97
Illinois,IL,IL:0:0,132,-90.131,38.062
Illinois,IL,IL:0:0,133,-90.243,38.113
Illinois,IL,IL:0:0,134,-90.275,38.158
Illinois,IL,IL:0:0,135,-90.354,38.214
Illinois,IL,IL:0:0,136,-90.374,38.282
Illinois,IL,IL:0:0,137,-90.35,38.378
Illinois,IL,IL:0:0,138,-90.295,38.427
Illinois,IL,IL:0:0,139,-90.26,38.528
Illinois,IL,IL:0:0,140,-90.192,38.599
Illinois,IL,IL:0:0,141,-90.183,38.665
Illinois,IL,IL:0:0,142,-90.212,38.712
Illinois,IL,IL:0:0,143,-90.166,38.773
Illinois,IL,IL:0:0,144,-90.123,38.798
Illinois,IL,IL:0:0,145,-90.113,38.849
Illinois,IL,IL:0:0,146,-90.25,38.919
Illinois,IL,IL:0:0,147,-90.309,38.924
Illinois,IL,IL:0:0,148,-90.451,38.968
Illinois,IL,IL:0:0,149,-90.544,38.875
Illinois,IL,IL:0:0,150,-90.583,38.869
Illinois,IL,IL:0:0,151,-90.661,38.925
Illinois,IL,IL:0:0,152,-90.713,39.057
Illinois,IL,IL:0:0,153,-90.683,39.088
Illinois,IL,IL:0:0,154,-90.727,39.251
Illinois,IL,IL:0:0,155,-90.84,39.34
Illinois,IL,IL:0:0,156,-90.994,39.423
Illinois,IL,IL:0:0,157,-91.059,39.469
Illinois,IL,IL:0:0,158,-91.1,39.539
Illinois,IL,IL:0:0,159,-91.148,39.546
Illinois,IL,IL:0:0,160,-91.186,39.605
Illinois,IL,IL:0:0,161,-91.241,39.63
Illinois,IL,IL:0:0,162,-91.37,39.733
Illinois,IL,IL:0:0,163,-91.362,39.785
Illinois,IL,IL:0:0,164,-91.43,39.838
Illinois,IL,IL:0:0,165,-91.448,39.878
Illinois,IL,IL:0:0,166,-91.421,39.915
Illinois,IL,IL:0:0,167,-91.495,40.036
Illinois,IL,IL:0:0,168,-91.51,40.128
Illinois,IL,IL:0:0,169,-91.507,40.236
Illinois,IL,IL:0:0,170,-91.462,40.342
Alaska,AK,AK:0:0,0,179.482,51.983
Alaska,AK,AK:0:0,1,179.663,52.023
Alaska,AK,AK:0:0,2,179.774,51.971
Alaska,AK,AK:0:0,3,179.743,51.912
Alaska,AK,AK:0:0,4,179.614,51.872
Alaska,AK,AK:0:0,5,179.522,51.897
Alaska,AK,AK:0:0,6,179.476,51.937
Alaska,AK,AK:1:0,0,178.626,51.637
Alaska,AK,AK:1:0,1,178.904,51.615
Alaska,AK,AK:1:0,2,179.077,51.499
Alaska,AK,AK:1:0,3,179.191,51.463
Alaska,AK,AK:1:0,4,179.23,51.413
Alaska,AK,AK:1:0,5,179.386,51.404
Alaska,AK,AK:1:0,6,179.367,51.372
Alaska,AK,AK:1:0,7,179.262,51.358
Alaska,AK,AK:1:0,8,179.06,51.455
Alaska,AK,AK:1:0,9,178.952,51.542
Alaska,AK,AK:1:0,10,178.844,51.579
Alaska,AK,AK:1:0,11,178.706,51.593
Alaska,AK,AK:2:0,0,178.447,51.978
Alaska,AK,AK:2:0,1,178.553,51.974
Alaska,AK,AK:2:0,2,178.59,51.945
Alaska,AK,AK:2:0,3,178.502,51.9
Alaska,AK,AK:3:0,0,177.203,51.897
Alaska,AK,AK:3:0,1,177.291,51.919
Alaska,AK,AK:3:0,2,177.346,51.963
Alaska,AK,AK:3:0,3,177.497,51.993
Alaska,AK,AK:3:0,4,177.505,52.039
Alaska,AK,AK:3:0,5,177.563,52.122
Alaska,AK,AK:3:0,6,177.603,52.137
Alaska,AK,AK:3:0,7,177.676,52.092
Alaska,AK,AK:3:0,8,177.602,52.016
Alaska,AK,AK:3:0,9,177.538,51.979
Alaska,AK,AK:3:0,10,177.561,51.916
Alaska,AK,AK:3:0,11,177.41,51.931
Alaska,AK,AK:3:0,12,177.349,51.904
Alaska,AK,AK:3:0,13,177.293,51.846
Alaska,AK,AK:4:0,0,173.356,52.406
Alaska,AK,AK:4:0,1,173.446,52.455
Alaska,AK,AK:4:0,2,173.53,52.45
Alaska,AK,AK:4:0,3,173.624,52.507
Alaska,AK,AK:4:0,4,173.708,52.477
Alaska,AK,AK:4:0,5,173.726,52.357
Alaska,AK,AK:4:0,6,173.651,52.356
Alaska,AK,AK:4:0,7,173.589,52.401
Alaska,AK,AK:4:0,8,173.465,52.385
Alaska,AK,AK:5:0,0,172.462,52.927
Alaska,AK,AK:5:0,1,172.629,53.001
Alaska,AK,AK:5:0,2,172.747,53.011
Alaska,AK,AK:5:0,3,173.107,52.993
Alaska,AK,AK:5:0,4,173.212,52.939
Alaska,AK,AK:5:0,5,173.295,52.927
Alaska,AK,AK:5:0,6,173.422,52.845
Alaska,AK,AK:5:0,7,173.302,52.823
Alaska,AK,AK:5:0,8,173.229,52.856
Alaska,AK,AK:5:0,9,173.167,52.795
Alaska,AK,AK:5:0,10,173.119,52.784
Alaska,AK,AK:5:0,11,172.998,52.797
Alaska,AK,AK:5:0,12,172.904,52.762
Alaska,AK,AK:5:0,13,172.809,52.789
Alaska,AK,AK:5:0,14,172.763,52.824
Alaska,AK,AK:5:0,15,172.754,52.877
Alaska,AK,AK:5:0,16,172.64,52.925
Alaska,AK,AK:5:0,17,172.513,52.905
Alaska,AK,AK:6:0,0,-131.487,54.95
Alaska,AK,AK:6:0,1,-131.266,54.999
Alaska,AK,AK:6:0,2,-131.243,54.93
Alaska,AK,AK:6:0,3,-131.2,54.91
Alaska,AK,AK:6:0,4,-131.266,54.859
Alaska,AK,AK:6:0,5,-131.353,54.859
Alaska,AK,AK:6:0,6,-131.469,54.913
Alaska,AK,AK:7:0,0,-131.646,55.036
Alaska,AK,AK:7:0,1,-131.548,55.143
Alaska,AK,AK:7:0,2,-131.598,55.18
Alaska,AK,AK:7:0,3,-131.607,55.24
Alaska,AK,AK:7:0,4,-131.551,55.281
Alaska,AK,AK:7:0,5,-131.463,55.223
Alaska,AK,AK:7:0,6,-131.398,55.211
Alaska,AK,AK:7:0,7,-131.362,55.156
Alaska,AK,AK:7:0,8,-131.351,55.067
Alaska,AK,AK:7:0,9,-131.389,55.012
Alaska,AK,AK:7:0,10,-131.485,55.01
Alaska,AK,AK:7:0,11,-131.532,55.038
Alaska,AK,AK:7:0,12,-131.616,55.007
Alaska,AK,AK:8:0,0,-131.871,55.365
Alaska,AK,AK:8:0,1,-131.812,55.414
Alaska,AK,AK:8:0,2,-131.647,55.306
Alaska,AK,AK:8:0,3,-131.689,55.282
Alaska,AK,AK:8:0,4,-131.694,55.224
Alaska,AK,AK:8:0,5,-131.748,55.129
Alaska,AK,AK:8:0,6,-131.828,55.198
Alaska,AK,AK:9:0,0,-132.562,56.379
Alaska,AK,AK:9:0,1,-132.478,56.438
Alaska,AK,AK:9:0,2,-132.407,56.387
Alaska,AK,AK:9:0,3,-132.495,56.355
Alaska,AK,AK:10:0,0,-133.025,56.23
Alaska,AK,AK:10:0,1,-132.931,56.228
Alaska,AK,AK:10:0,2,-132.849,56.113
Alaska,AK,AK:10:0,3,-132.896,56.1
Alaska,AK,AK:10:0,4,-133.003,56.156
Alaska,AK,AK:11:0,0,-133.069,56.356
Alaska,AK,AK:11:0,1,-133.002,56.431
Alaska,AK,AK:11:0,2,-132.928,56.457
Alaska,AK,AK:11:0,3,-132.819,56.44
Alaska,AK,AK:11:0,4,-132.734,56.459
Alaska,AK,AK:11:0,5,-132.668,56.44
Alaska,AK,AK:11:0,6,-132.621,56.391
Alaska,AK,AK:11:0,7,-132.684,56.346
Alaska,AK,AK:11:0,8,-132.662,56.275
Alaska,AK,AK:11:0,9,-132.878,56.24
Alaska,AK,AK:11:0,10,-132.961,56.296
Alaska,AK,AK:11:0,11,-133.045,56.321
Alaska,AK,AK:12:0,0,-133.656,55.626
Alaska,AK,AK:12:0,1,-133.62,55.698
Alaska,AK,AK:12:0,2,-133.546,55.645
Alaska,AK,AK:12:0,3,-133.623,55.583
Alaska,AK,AK:13:0,0,-133.789,55.458
Alaska,AK,AK:13:0,1,-133.733,55.559
Alaska,AK,AK:13:0,2,-133.616,55.551
Alaska,AK,AK:13:0,3,-133.59,55.507
Alaska,AK,AK:13:0,4,-133.481,55.513
Alaska,AK,AK:13:0,5,-133.436,55.561
Alaska,AK,AK:13:0,6,-133.345,55.569
Alaska,AK,AK:13:0,7,-133.285,55.535
Alaska,AK,AK:13:0,8,-133.306,55.484
Alaska,AK,AK:13:0,9,-133.397,55.473
Alaska,AK,AK:13:0,10,-133.474,55.437
Alaska,AK,AK:13:0,11,-133.419,55.386
Alaska,AK,AK:13:0,12,-133.577,55.325
Alaska,AK,AK:13:0,13,-133.609,55.241
Alaska,AK,AK:13:0,14,-133.69,55.304
Alaska,AK,AK:13:0,15,-133.633,55.361
Alaska,AK,AK:13:0,16,-133.636,55.428
Alaska,AK,AK:13:0,17,-133.739,55.472
Alaska,AK,AK:14:0,0,-133.816,55.964
Alaska,AK,AK:14:0,1,-133.694,56.071
Alaska,AK,AK:14:0,2,-133.582,56.129
Alaska,AK,AK:14:0,3,-133.554,56.167
Alaska,AK,AK:14:0,4,-133.679,56.212
Alaska,AK,AK:14:0,5,-133.628,56.237
Alaska,AK,AK:14:0,6,-133.664,56.311
Alaska,AK,AK:14:0,7,-133.582,56.353
Alaska,AK,AK:14:0,8,-133.418,56.332
Alaska,AK,AK:14:0,9,-133.163,56.317
Alaska,AK,AK:14:0,10,-133.071,56.238
Alaska,AK,AK:14:0,11,-133.008,56.12
Alaska,AK,AK:14:0,12,-132.927,56.034
Alaska,AK,AK:14:0,13,-132.838,56.024
Alaska,AK,AK:14:0,14,-132.635,55.922
Alaska,AK,AK:14:0,15,-132.471,55.782
Alaska,AK,AK:14:0,16,-132.461,55.683
Alaska,AK,AK:14:0,17,-132.359,55.649
Alaska,AK,AK:14:0,18,-132.301,55.551
Alaska,AK,AK:14:0,19,-132.247,55.493
Alaska,AK,AK:14:0,20,-132.515,55.577
Alaska,AK,AK:14:0,21,-132.568,55.48
Alaska,AK,AK:14:0,22,-132.408,55.513
Alaska,AK,AK:14:0,23,-132.319,55.469
Alaska,AK,AK:14:0,24,-132.226,55.375
Alaska,AK,AK:14:0,25,-132.167,55.363
Alaska,AK,AK:14:0,26,-132.126,55.288
Alaska,AK,AK:14:0,27,-132.143,55.238
Alaska,AK,AK:14:0,28,-131.996,55.259
Alaska,AK,AK:14:0,29,-131.98,55.212
Alaska,AK,AK:14:0,30,-132.017,55.121
Alaska,AK,AK:14:0,31,-132.094,55.039
Alaska,AK,AK:14:0,32,-131.985,55.028
Alaska,AK,AK:14:0,33,-131.983,54.853
Alaska,AK,AK:14:0,34,-131.958,54.791
Alaska,AK,AK:14:0,35,-132.03,54.701
Alaska,AK,AK:14:0,36,-132.142,54.692
Alaska,AK,AK:14:0,37,-132.256,54.735
Alaska,AK,AK:14:0,38,-132.366,54.751
Alaska,AK,AK:14:0,39,-132.371,54.783
Alaska,AK,AK:14:0,40,-132.509,54.781
Alaska,AK,AK:14:0,41,-132.448,54.827
Alaska,AK,AK:14:0,42,-132.345,54.852
Alaska,AK,AK:14:0,43,-132.485,54.899
Alaska,AK,AK:14:0,44,-132.61,54.966
Alaska,AK,AK:14:0,45,-132.575,54.998
Alaska,AK,AK:14:0,46,-132.542,55.098
Alaska,AK,AK:14:0,47,-132.625,55.114
Alaska,AK,AK:14:0,48,-132.581,55.166
Alaska,AK,AK:14:0,49,-132.736,55.134
Alaska,AK,AK:14:0,50,-132.684,55.046
Alaska,AK,AK:14:0,51,-132.749,54.996
Alaska,AK,AK:14:0,52,-132.916,55.044
Alaska,AK,AK:14:0,53,-132.87,55.124
Alaska,AK,AK:14:0,54,-132.935,55.21
Alaska,AK,AK:14:0,55,-133.008,55.206
Alaska,AK,AK:14:0,56,-133.044,55.249
Alaska,AK,AK:14:0,57,-133.119,55.251
Alaska,AK,AK:14:0,58,-133.012,55.128
Alaska,AK,AK:14:0,59,-132.99,55.067
Alaska,AK,AK:14:0,60,-132.889,54.897
Alaska,AK,AK:14:0,61,-132.731,54.939
Alaska,AK,AK:14:0,62,-132.629,54.883
Alaska,AK,AK:14:0,63,-132.615,54.777
Alaska,AK,AK:14:0,64,-132.667,54.763
Alaska,AK,AK:14:0,65,-132.676,54.681
Alaska,AK,AK:14:0,66,-132.776,54.675
Alaska,AK,AK:14:0,67,-132.866,54.7
Alaska,AK,AK:14:0,68,-132.877,54.754
Alaska,AK,AK:14:0,69,-132.95,54.788
Alaska,AK,AK:14:0,70,-133.124,54.94
Alaska,AK,AK:14:0,71,-133.16,54.959
Alaska,AK,AK:14:0,72,-133.169,55.031
Alaska,AK,AK:14:0,73,-133.24,55.092
Alaska,AK,AK:14:0,74,-133.215,55.137
Alaska,AK,AK:14:0,75,-133.224,55.229
Alaska,AK,AK:14:0,76,-133.341,55.206
Alaska,AK,AK:14:0,77,-133.441,55.212
Alaska,AK,AK:14:0,78,-133.472,55.248
Alaska,AK,AK:14:0,79,-133.453,55.32
Alaska,AK,AK:14:0,80,-133.258,55.367
Alaska,AK,AK:14:0,81,-133.158,55.372
Alaska,AK,AK:14:0,82,-133.078,55.41
Alaska,AK,AK:14:0,83,-133.183,55.492
Alaska,AK,AK:14:0,84,-133.177,55.587
Alaska,AK,AK:14:0,85,-133.263,55.569
Alaska,AK,AK:14:0,86,-133.438,55.644
Alaska,AK,AK:14:0,87,-133.394,55.667
Alaska,AK,AK:14:0,88,-133.417,55.74
Alaska,AK,AK:14:0,89,-133.513,55.756
Alaska,AK,AK:14:0,90,-133.527,55.695
Alaska,AK,AK:14:0,91,-133.643,55.729
Alaska,AK,AK:14:0,92,-133.701,55.779
Alaska,AK,AK:14:0,93,-133.656,55.823
Alaska,AK,AK:14:0,94,-133.556,55.835
Alaska,AK,AK:14:0,95,-133.422,55.789
Alaska,AK,AK:14:0,96,-133.348,55.804
Alaska,AK,AK:14:0,97,-133.384,55.877
Alaska,AK,AK:14:0,98,-133.447,55.89
Alaska,AK,AK:14:0,99,-133.541,55.977
Alaska,AK,AK:14:0,100,-133.719,55.893
Alaska,AK,AK:14:0,101,-133.8,55.925
Alaska,AK,AK:15:0,0,-133.943,55.912
Alaska,AK,AK:15:0,1,-133.854,55.932
Alaska,AK,AK:15:0,2,-133.84,55.887
Alaska,AK,AK:15:0,3,-133.929,55.87
Alaska,AK,AK:16:0,0,-134.367,55.911
Alaska,AK,AK:16:0,1,-134.267,55.93
Alaska,AK,AK:16:0,2,-134.231,55.865
Alaska,AK,AK:16:0,3,-134.282,55.829
Alaska,AK,AK:17:0,0,-134.415,56.848
Alaska,AK,AK:17:0,1,-134.27,56.936
Alaska,AK,AK:17:0,2,-134.048,56.923
Alaska,AK,AK:17:0,3,-134.007,56.852
Alaska,AK,AK:17:0,4,-133.943,56.806
Alaska,AK,AK:17:0,5,-133.869,56.846
Alaska,AK,AK:17:0,6,-133.921,56.962
Alaska,AK,AK:17:0,7,-134.049,57.029
Alaska,AK,AK:17:0,8,-134.009,57.075
Alaska,AK,AK:17:0,9,-133.888,57.098
Alaska,AK,AK:17:0,10,-133.614,57.058
Alaska,AK,AK:17:0,11,-133.334,57.002
Alaska,AK,AK:17:0,12,-133.308,57.015
Alaska,AK,AK:17:0,13,-133.105,57.006
Alaska,AK,AK:17:0,14,-132.997,56.942
Alaska,AK,AK:17:0,15,-132.935,56.823
Alaska,AK,AK:17:0,16,-132.821,56.794
Alaska,AK,AK:17:0,17,-132.743,56.714
Alaska,AK,AK:17:0,18,-132.628,56.669
Alaska,AK,AK:17:0,19,-132.541,56.585
Alaska,AK,AK:17:0,20,-132.724,56.515
Alaska,AK,AK:17:0,21,-132.818,56.495
Alaska,AK,AK:17:0,22,-133.138,56.533
Alaska,AK,AK:17:0,23,-133.122,56.492
Alaska,AK,AK:17:0,24,-133.204,56.448
Alaska,AK,AK:17:0,25,-133.349,56.47
Alaska,AK,AK:17:0,26,-133.418,56.494
Alaska,AK,AK:17:0,27,-133.513,56.437
Alaska,AK,AK:17:0,28,-133.663,56.448
Alaska,AK,AK:17:0,29,-133.676,56.523
Alaska,AK,AK:17:0,30,-133.715,56.55
Alaska,AK,AK:17:0,31,-133.821,56.495
Alaska,AK,AK:17:0,32,-133.777,56.47
Alaska,AK,AK:17:0,33,-133.781,56.392
Alaska,AK,AK:17:0,34,-133.864,56.391
Alaska,AK,AK:17:0,35,-133.835,56.32
Alaska,AK,AK:17:0,36,-133.881,56.223
Alaska,AK,AK:17:0,37,-133.942,56.18
Alaska,AK,AK:17:0,38,-133.961,56.091
Alaska,AK,AK:17:0,39,-134.087,56.095
Alaska,AK,AK:17:0,40,-134.137,56.006
Alaska,AK,AK:17:0,41,-134.19,56.023
Alaska,AK,AK:17:0,42,-134.259,56.121
Alaska,AK,AK:17:0,43,-134.263,56.215
Alaska,AK,AK:17:0,44,-134.299,56.29
Alaska,AK,AK:17:0,45,-134.293,56.354
Alaska,AK,AK:17:0,46,-134.243,56.396
Alaska,AK,AK:17:0,47,-134.252,56.445
Alaska,AK,AK:17:0,48,-134.198,56.531
Alaska,AK,AK:17:0,49,-134.32,56.554
Alaska,AK,AK:17:0,50,-134.301,56.62
Alaska,AK,AK:17:0,51,-134.376,56.669
Alaska,AK,AK:17:0,52,-134.402,56.733
Alaska,AK,AK:18:0,0,-134.961,58.404
Alaska,AK,AK:18:0,1,-134.724,58.268
Alaska,AK,AK:18:0,2,-134.7,58.161
Alaska,AK,AK:18:0,3,-134.559,58.195
Alaska,AK,AK:18:0,4,-134.371,58.149
Alaska,AK,AK:18:0,5,-134.216,58.162
Alaska,AK,AK:18:0,6,-134.166,58.133
Alaska,AK,AK:18:0,7,-134.189,58.083
Alaska,AK,AK:18:0,8,-134.099,58.019
Alaska,AK,AK:18:0,9,-134.09,57.974
Alaska,AK,AK:18:0,10,-134.017,57.93
Alaska,AK,AK:18:0,11,-133.905,57.807
Alaska,AK,AK:18:0,12,-133.897,57.686
Alaska,AK,AK:18:0,13,-133.995,57.72
Alaska,AK,AK:18:0,14,-134.031,57.819
Alaska,AK,AK:18:0,15,-134.132,57.896
Alaska,AK,AK:18:0,16,-134.207,57.896
Alaska,AK,AK:18:0,17,-134.113,57.809
Alaska,AK,AK:18:0,18,-134.146,57.76
Alaska,AK,AK:18:0,19,-134.02,57.657
Alaska,AK,AK:18:0,20,-133.936,57.614
Alaska,AK,AK:18:0,21,-133.945,57.57
Alaska,AK,AK:18:0,22,-133.857,57.464
Alaska,AK,AK:18:0,23,-133.926,57.457
Alaska,AK,AK:18:0,24,-133.871,57.358
Alaska,AK,AK:18:0,25,-133.963,57.305
Alaska,AK,AK:18:0,26,-134.035,57.328
Alaska,AK,AK:18:0,27,-134.155,57.208
Alaska,AK,AK:18:0,28,-134.498,57.031
Alaska,AK,AK:18:0,29,-134.601,57.034
Alaska,AK,AK:18:0,30,-134.635,57.11
Alaska,AK,AK:18:0,31,-134.647,57.226
Alaska,AK,AK:18:0,32,-134.605,57.273
Alaska,AK,AK:18:0,33,-134.517,57.315
Alaska,AK,AK:18:0,34,-134.575,57.344
Alaska,AK,AK:18:0,35,-134.579,57.4
Alaska,AK,AK:18:0,36,-134.464,57.392
Alaska,AK,AK:18:0,37,-134.608,57.513
Alaska,AK,AK:18:0,38,-134.611,57.563
Alaska,AK,AK:18:0,39,-134.674,57.614
Alaska,AK,AK:18:0,40,-134.732,57.722
Alaska,AK,AK:18:0,41,-134.706,57.829
Alaska,AK,AK:18:0,42,-134.746,57.899
Alaska,AK,AK:18:0,43,-134.759,57.98
Alaska,AK,AK:18:0,44,-134.797,58.059
Alaska,AK,AK:18:0,45,-134.785,58.097
Alaska,AK,AK:18:0,46,-134.915,58.215
Alaska,AK,AK:18:0,47,-134.948,58.281
Alaska,AK,AK:19:0,0,-135.695,57.363
Alaska,AK,AK:19:0,1,-135.555,57.427
Alaska,AK,AK:19:0,2,-135.526,57.51
Alaska,AK,AK:19:0,3,-135.419,57.564
Alaska,AK,AK:19:0,4,-135.209,57.489
Alaska,AK,AK:19:0,5,-135.146,57.439
Alaska,AK,AK:19:0,6,-135.065,57.419
Alaska,AK,AK:19:0,7,-134.849,57.41
Alaska,AK,AK:19:0,8,-134.806,57.342
Alaska,AK,AK:19:0,9,-134.842,57.249
Alaska,AK,AK:19:0,10,-134.738,57.01
Alaska,AK,AK:19:0,11,-134.74,56.948
Alaska,AK,AK:19:0,12,-134.696,56.901
Alaska,AK,AK:19:0,13,-134.634,56.729
Alaska,AK,AK:19:0,14,-134.616,56.637
Alaska,AK,AK:19:0,15,-134.627,56.554
Alaska,AK,AK:19:0,16,-134.671,56.541
Alaska,AK,AK:19:0,17,-134.637,56.406
Alaska,AK,AK:19:0,18,-134.635,56.266
Alaska,AK,AK:19:0,19,-134.668,56.167
Alaska,AK,AK:19:0,20,-134.806,56.236
Alaska,AK,AK:19:0,21,-134.839,56.309
Alaska,AK,AK:19:0,22,-134.946,56.39
Alaska,AK,AK:19:0,23,-135.061,56.542
Alaska,AK,AK:19:0,24,-135.036,56.62
Alaska,AK,AK:19:0,25,-135.119,56.598
Alaska,AK,AK:19:0,26,-135.176,56.678
Alaska,AK,AK:19:0,27,-135.275,56.702
Alaska,AK,AK:19:0,28,-135.318,56.749
Alaska,AK,AK:19:0,29,-135.399,56.779
Alaska,AK,AK:19:0,30,-135.506,56.781
Alaska,AK,AK:19:0,31,-135.573,56.863
Alaska,AK,AK:19:0,32,-135.448,56.889
Alaska,AK,AK:19:0,33,-135.442,56.942
Alaska,AK,AK:19:0,34,-135.353,57.021
Alaska,AK,AK:19:0,35,-135.493,57.095
Alaska,AK,AK:19:0,36,-135.41,57.149
Alaska,AK,AK:19:0,37,-135.366,57.249
Alaska,AK,AK:19:0,38,-135.478,57.257
Alaska,AK,AK:19:0,39,-135.553,57.233
Alaska,AK,AK:19:0,40,-135.602,57.301
Alaska,AK,AK:20:0,0,-135.728,58.365
Alaska,AK,AK:20:0,1,-135.602,58.375
Alaska,AK,AK:20:0,2,-135.65,58.325
Alaska,AK,AK:21:0,0,-135.852,57.241
Alaska,AK,AK:21:0,1,-135.848,57.339
Alaska,AK,AK:21:0,2,-135.761,57.347
Alaska,AK,AK:21:0,3,-135.639,57.293
Alaska,AK,AK:21:0,4,-135.584,57.23
Alaska,AK,AK:21:0,5,-135.399,57.231
Alaska,AK,AK:21:0,6,-135.456,57.16
Alaska,AK,AK:21:0,7,-135.541,57.148
Alaska,AK,AK:21:0,8,-135.637,57.01
Alaska,AK,AK:21:0,9,-135.856,56.996
Alaska,AK,AK:21:0,10,-135.845,57.084
Alaska,AK,AK:21:0,11,-135.755,57.124
Alaska,AK,AK:21:0,12,-135.754,57.167
Alaska,AK,AK:21:0,13,-135.832,57.171
Alaska,AK,AK:22:0,0,-136.156,58.284
Alaska,AK,AK:22:0,1,-136.048,58.319
Alaska,AK,AK:22:0,2,-136.035,58.273
Alaska,AK,AK:23:0,0,-136.573,57.927
Alaska,AK,AK:23:0,1,-136.556,58.077
Alaska,AK,AK:23:0,2,-136.469,58.097
Alaska,AK,AK:23:0,3,-136.366,58.149
Alaska,AK,AK:23:0,4,-136.355,58.192
Alaska,AK,AK:23:0,5,-136.4,58.272
Alaska,AK,AK:23:0,6,-136.284,58.27
Alaska,AK,AK:23:0,7,-136.239,58.172
Alaska,AK,AK:23:0,8,-136.139,58.224
Alaska,AK,AK:23:0,9,-135.976,58.202
Alaska,AK,AK:23:0,10,-135.914,58.244
Alaska,AK,AK:23:0,11,-135.783,58.287
Alaska,AK,AK:23:0,12,-135.735,58.24
Alaska,AK,AK:23:0,13,-135.589,58.214
Alaska,AK,AK:23:0,14,-135.451,58.134
Alaska,AK,AK:23:0,15,-135.398,58.144
Alaska,AK,AK:23:0,16,-135.276,58.097
Alaska,AK,AK:23:0,17,-135.109,58.088
Alaska,AK,AK:23:0,18,-134.977,58.05
Alaska,AK,AK:23:0,19,-134.913,57.979
Alaska,AK,AK:23:0,20,-134.926,57.922
Alaska,AK,AK:23:0,21,-135.066,57.869
Alaska,AK,AK:23:0,22,-134.949,57.805
Alaska,AK,AK:23:0,23,-135.098,57.755
Alaska,AK,AK:23:0,24,-134.922,57.742
Alaska,AK,AK:23:0,25,-134.918,57.682
Alaska,AK,AK:23:0,26,-134.867,57.623
Alaska,AK,AK:23:0,27,-134.825,57.5
Alaska,AK,AK:23:0,28,-134.903,57.459
Alaska,AK,AK:23:0,29,-135.084,57.465
Alaska,AK,AK:23:0,30,-135.243,57.546
Alaska,AK,AK:23:0,31,-135.572,57.674
Alaska,AK,AK:23:0,32,-135.661,57.629
Alaska,AK,AK:23:0,33,-135.571,57.58
Alaska,AK,AK:23:0,34,-135.567,57.486
Alaska,AK,AK:23:0,35,-135.597,57.443
Alaska,AK,AK:23:0,36,-135.711,57.368
Alaska,AK,AK:23:0,37,-135.892,57.408
Alaska,AK,AK:23:0,38,-135.897,57.441
Alaska,AK,AK:23:0,39,-136.048,57.514
Alaska,AK,AK:23:0,40,-136.121,57.591
Alaska,AK,AK:23:0,41,-136.23,57.595
Alaska,AK,AK:23:0,42,-136.251,57.685
Alaska,AK,AK:23:0,43,-136.365,57.829
Alaska,AK,AK:23:0,44,-136.459,57.854
Alaska,AK,AK:23:0,45,-136.484,57.896
Alaska,AK,AK:24:0,0,-146.012,60.396
Alaska,AK,AK:24:0,1,-145.953,60.408
Alaska,AK,AK:24:0,2,-145.744,60.385
Alaska,AK,AK:24:0,3,-145.831,60.35
Alaska,AK,AK:25:0,0,-147.321,60.88
Alaska,AK,AK:25:0,1,-147.226,60.91
Alaska,AK,AK:25:0,2,-147.115,60.912
Alaska,AK,AK:25:0,3,-147.142,60.854
Alaska,AK,AK:26:0,0,-147.484,60.683
Alaska,AK,AK:26:0,1,-147.488,60.728
Alaska,AK,AK:26:0,2,-147.395,60.743
Alaska,AK,AK:26:0,3,-147.309,60.665
Alaska,AK,AK:26:0,4,-147.349,60.627
Alaska,AK,AK:26:0,5,-147.484,60.619
Alaska,AK,AK:27:0,0,-147.929,59.784
Alaska,AK,AK:27:0,1,-147.887,59.862
Alaska,AK,AK:27:0,2,-147.695,59.997
Alaska,AK,AK:27:0,3,-147.588,60.026
Alaska,AK,AK:27:0,4,-147.401,60.116
Alaska,AK,AK:27:0,5,-147.32,60.218
Alaska,AK,AK:27:0,6,-147.226,60.255
Alaska,AK,AK:27:0,7,-147.2,60.35
Alaska,AK,AK:27:0,8,-147.102,60.38
Alaska,AK,AK:27:0,9,-147.062,60.301
Alaska,AK,AK:27:0,10,-146.956,60.259
Alaska,AK,AK:27:0,11,-147.179,60.158
Alaska,AK,AK:27:0,12,-147.353,60.047
Alaska,AK,AK:27:0,13,-147.383,59.978
Alaska,AK,AK:27:0,14,-147.502,59.927
Alaska,AK,AK:27:0,15,-147.392,59.878
Alaska,AK,AK:27:0,16,-147.461,59.842
Alaska,AK,AK:27:0,17,-147.624,59.848
Alaska,AK,AK:27:0,18,-147.682,59.799
Alaska,AK,AK:27:0,19,-147.765,59.796
Alaska,AK,AK:27:0,20,-147.876,59.764
Alaska,AK,AK:28:0,0,-147.951,60.244
Alaska,AK,AK:28:0,1,-147.793,60.476
Alaska,AK,AK:28:0,2,-147.614,60.566
Alaska,AK,AK:28:0,3,-147.62,60.437
Alaska,AK,AK:28:0,4,-147.691,60.405
Alaska,AK,AK:28:0,5,-147.619,60.369
Alaska,AK,AK:28:0,6,-147.704,60.286
Alaska,AK,AK:28:0,7,-147.699,60.246
Alaska,AK,AK:28:0,8,-147.761,60.156
Alaska,AK,AK:29:0,0,-148.02,60.725
Alaska,AK,AK:29:0,1,-147.965,60.752
Alaska,AK,AK:29:0,2,-147.848,60.698
Alaska,AK,AK:29:0,3,-147.933,60.656
Alaska,AK,AK:30:0,0,-150.772,59.333
Alaska,AK,AK:30:0,1,-150.671,59.41
Alaska,AK,AK:30:0,2,-150.618,59.356
Alaska,AK,AK:30:0,3,-150.722,59.292
Alaska,AK,AK:31:0,0,-152.083,60.346
Alaska,AK,AK:31:0,1,-151.98,60.414
Alaska,AK,AK:31:0,2,-151.952,60.511
Alaska,AK,AK:31:0,3,-151.839,60.486
Alaska,AK,AK:31:0,4,-151.94,60.431
Alaska,AK,AK:31:0,5,-151.956,60.368
Alaska,AK,AK:32:0,0,-153.418,58.064
Alaska,AK,AK:32:0,1,-153.316,58.14
Alaska,AK,AK:32:0,2,-153.224,58.162
Alaska,AK,AK:32:0,3,-153.17,58.217
Alaska,AK,AK:32:0,4,-153.074,58.195
Alaska,AK,AK:32:0,5,-153.007,58.222
Alaska,AK,AK:32:0,6,-153.102,58.258
Alaska,AK,AK:32:0,7,-153.044,58.306
Alaska,AK,AK:32:0,8,-152.941,58.28
Alaska,AK,AK:32:0,9,-152.937,58.331
Alaska,AK,AK:32:0,10,-152.839,58.372
Alaska,AK,AK:32:0,11,-152.734,58.461
Alaska,AK,AK:32:0,12,-152.654,58.507
Alaska,AK,AK:32:0,13,-152.666,58.564
Alaska,AK,AK:32:0,14,-152.568,58.621
Alaska,AK,AK:32:0,15,-152.503,58.593
Alaska,AK,AK:32:0,16,-152.355,58.638
Alaska,AK,AK:32:0,17,-152.337,58.589
Alaska,AK,AK:32:0,18,-152.512,58.427
Alaska,AK,AK:32:0,19,-152.494,58.355
Alaska,AK,AK:32:0,20,-152.365,58.365
Alaska,AK,AK:32:0,21,-152.356,58.423
Alaska,AK,AK:32:0,22,-152.28,58.416
Alaska,AK,AK:32:0,23,-152.201,58.355
Alaska,AK,AK:32:0,24,-152.089,58.368
Alaska,AK,AK:32:0,25,-152.138,58.296
Alaska,AK,AK:32:0,26,-151.986,58.35
Alaska,AK,AK:32:0,27,-151.964,58.269
Alaska,AK,AK:32:0,28,-151.986,58.214
Alaska,AK,AK:32:0,29,-152.081,58.154
Alaska,AK,AK:32:0,30,-152.195,58.174
Alaska,AK,AK:32:0,31,-152.234,58.243
Alaska,AK,AK:32:0,32,-152.311,58.221
Alaska,AK,AK:32:0,33,-152.265,58.136
Alaska,AK,AK:32:0,34,-152.344,58.119
Alaska,AK,AK:32:0,35,-152.483,58.13
Alaska,AK,AK:32:0,36,-152.598,58.18
Alaska,AK,AK:32:0,37,-152.657,58.061
Alaska,AK,AK:32:0,38,-152.771,58.047
Alaska,AK,AK:32:0,39,-152.819,57.996
Alaska,AK,AK:32:0,40,-152.982,57.985
Alaska,AK,AK:32:0,41,-153.29,58.05
Alaska,AK,AK:33:0,0,-153.56,59.391
Alaska,AK,AK:33:0,1,-153.412,59.415
Alaska,AK,AK:33:0,2,-153.348,59.378
Alaska,AK,AK:33:0,3,-153.366,59.337
Alaska,AK,AK:33:0,4,-153.515,59.321
Alaska,AK,AK:34:0,0,-154.159,56.692
Alaska,AK,AK:34:0,1,-154.047,56.73
Alaska,AK,AK:34:0,2,-154.022,56.685
Alaska,AK,AK:35:0,0,-154.362,56.543
Alaska,AK,AK:35:0,1,-154.29,56.595
Alaska,AK,AK:35:0,2,-154.096,56.618
Alaska,AK,AK:35:0,3,-154.042,56.556
Alaska,AK,AK:35:0,4,-153.879,56.566
Alaska,AK,AK:35:0,5,-153.953,56.507
Alaska,AK,AK:35:0,6,-154.232,56.491
Alaska,AK,AK:35:0,7,-154.343,56.51
Alaska,AK,AK:36:0,0,-154.78,57.366
Alaska,AK,AK:36:0,1,-154.708,57.381
Alaska,AK,AK:36:0,2,-154.693,57.446
Alaska,AK,AK:36:0,3,-154.63,57.51
Alaska,AK,AK:36:0,4,-154.468,57.57
Alaska,AK,AK:36:0,5,-154.344,57.631
Alaska,AK,AK:36:0,6,-154.226,57.661
Alaska,AK,AK:36:0,7,-153.983,57.648
Alaska,AK,AK:36:0,8,-153.982,57.553
Alaska,AK,AK:36:0,9,-153.876,57.543
Alaska,AK,AK:36:0,10,-153.813,57.589
Alaska,AK,AK:36:0,11,-153.859,57.651
Alaska,AK,AK:36:0,12,-153.663,57.64
Alaska,AK,AK:36:0,13,-153.677,57.67
Alaska,AK,AK:36:0,14,-153.863,57.707
Alaska,AK,AK:36:0,15,-153.933,57.704
Alaska,AK,AK:36:0,16,-153.935,57.813
Alaska,AK,AK:36:0,17,-153.823,57.865
Alaska,AK,AK:36:0,18,-153.721,57.891
Alaska,AK,AK:36:0,19,-153.649,57.88
Alaska,AK,AK:36:0,20,-153.571,57.832
Alaska,AK,AK:36:0,21,-153.55,57.718
Alaska,AK,AK:36:0,22,-153.493,57.728
Alaska,AK,AK:36:0,23,-153.452,57.839
Alaska,AK,AK:36:0,24,-153.354,57.81
Alaska,AK,AK:36:0,25,-153.328,57.85
Alaska,AK,AK:36:0,26,-153.462,57.881
Alaska,AK,AK:36:0,27,-153.537,57.931
Alaska,AK,AK:36:0,28,-153.453,57.964
Alaska,AK,AK:36:0,29,-153.274,57.89
Alaska,AK,AK:36:0,30,-153.127,57.857
Alaska,AK,AK:36:0,31,-153.089,57.865
Alaska,AK,AK:36:0,32,-153.27,57.959
Alaska,AK,AK:36:0,33,-153.235,57.997
Alaska,AK,AK:36:0,34,-153.129,57.947
Alaska,AK,AK:36:0,35,-153.024,57.957
Alaska,AK,AK:36:0,36,-152.876,57.932
Alaska,AK,AK:36:0,37,-152.853,57.975
Alaska,AK,AK:36:0,38,-152.723,57.987
Alaska,AK,AK:36:0,39,-152.74,57.945
Alaska,AK,AK:36:0,40,-152.893,57.843
Alaska,AK,AK:36:0,41,-152.716,57.855
Alaska,AK,AK:36:0,42,-152.635,57.919
Alaska,AK,AK:36:0,43,-152.55,57.9
Alaska,AK,AK:36:0,44,-152.47,57.962
Alaska,AK,AK:36:0,45,-152.365,57.884
Alaska,AK,AK:36:0,46,-152.31,57.79
Alaska,AK,AK:36:0,47,-152.444,57.776
Alaska,AK,AK:36:0,48,-152.468,57.681
Alaska,AK,AK:36:0,49,-152.429,57.642
Alaska,AK,AK:36:0,50,-152.152,57.619
Alaska,AK,AK:36:0,51,-152.164,57.585
Alaska,AK,AK:36:0,52,-152.291,57.517
Alaska,AK,AK:36:0,53,-152.339,57.423
Alaska,AK,AK:36:0,54,-152.482,57.468
Alaska,AK,AK:36:0,55,-152.517,57.432
Alaska,AK,AK:36:0,56,-152.6,57.469
Alaska,AK,AK:36:0,57,-152.663,57.464
Alaska,AK,AK:36:0,58,-152.743,57.506
Alaska,AK,AK:36:0,59,-152.886,57.511
Alaska,AK,AK:36:0,60,-152.912,57.471
Alaska,AK,AK:36:0,61,-152.763,57.458
Alaska,AK,AK:36:0,62,-152.601,57.382
Alaska,AK,AK:36:0,63,-152.63,57.323
Alaska,AK,AK:36:0,64,-152.696,57.281
Alaska,AK,AK:36:0,65,-152.75,57.309
Alaska,AK,AK:36:0,66,-152.818,57.265
Alaska,AK,AK:36:0,67,-152.909,57.324
Alaska,AK,AK:36:0,68,-153.009,57.34
Alaska,AK,AK:36:0,69,-153.013,57.299
Alaska,AK,AK:36:0,70,-152.944,57.259
Alaska,AK,AK:36:0,71,-153.166,57.181
Alaska,AK,AK:36:0,72,-152.949,57.187
Alaska,AK,AK:36:0,73,-152.88,57.165
Alaska,AK,AK:36:0,74,-152.911,57.127
Alaska,AK,AK:36:0,75,-152.997,57.119
Alaska,AK,AK:36:0,76,-153.215,57.076
Alaska,AK,AK:36:0,77,-153.204,57.034
Alaska,AK,AK:36:0,78,-153.301,56.991
Alaska,AK,AK:36:0,79,-153.321,57.037
Alaska,AK,AK:36:0,80,-153.404,57.081
Alaska,AK,AK:36:0,81,-153.38,57.12
Alaska,AK,AK:36:0,82,-153.284,57.174
Alaska,AK,AK:36:0,83,-153.35,57.192
Alaska,AK,AK:36:0,84,-153.487,57.086
Alaska,AK,AK:36:0,85,-153.581,57.049
Alaska,AK,AK:36:0,86,-153.543,56.995
Alaska,AK,AK:36:0,87,-153.601,56.943
Alaska,AK,AK:36:0,88,-153.693,56.926
Alaska,AK,AK:36:0,89,-153.688,56.865
Alaska,AK,AK:36:0,90,-153.776,56.83
Alaska,AK,AK:36:0,91,-153.821,56.842
Alaska,AK,AK:36:0,92,-153.902,56.771
Alaska,AK,AK:36:0,93,-153.972,56.745
Alaska,AK,AK:36:0,94,-154.125,56.783
Alaska,AK,AK:36:0,95,-154.073,56.841
Alaska,AK,AK:36:0,96,-153.936,56.916
Alaska,AK,AK:36:0,97,-153.849,56.942
Alaska,AK,AK:36:0,98,-153.857,56.975
Alaska,AK,AK:36:0,99,-153.98,56.962
Alaska,AK,AK:36:0,100,-153.862,57.119
Alaska,AK,AK:36:0,101,-153.983,57.066
Alaska,AK,AK:36:0,102,-154.077,56.971
Alaska,AK,AK:36:0,103,-154.226,56.876
Alaska,AK,AK:36:0,104,-154.299,56.846
Alaska,AK,AK:36:0,105,-154.313,56.919
Alaska,AK,AK:36:0,106,-154.385,56.96
Alaska,AK,AK:36:0,107,-154.525,56.992
Alaska,AK,AK:36:0,108,-154.515,57.078
Alaska,AK,AK:36:0,109,-154.54,57.196
Alaska,AK,AK:36:0,110,-154.614,57.268
Alaska,AK,AK:36:0,111,-154.692,57.284
Alaska,AK,AK:36:0,112,-154.797,57.346
Alaska,AK,AK:37:0,0,-154.806,56.434
Alaska,AK,AK:37:0,1,-154.706,56.521
Alaska,AK,AK:37:0,2,-154.535,56.601
Alaska,AK,AK:37:0,3,-154.45,56.6
Alaska,AK,AK:37:0,4,-154.392,56.554
Alaska,AK,AK:37:0,5,-154.634,56.472
Alaska,AK,AK:37:0,6,-154.737,56.404
Alaska,AK,AK:38:0,0,-155.749,55.826
Alaska,AK,AK:38:0,1,-155.563,55.886
Alaska,AK,AK:38:0,2,-155.564,55.809
Alaska,AK,AK:38:0,3,-155.591,55.762
Alaska,AK,AK:38:0,4,-155.719,55.772
Alaska,AK,AK:39:0,0,-156.751,56.037
Alaska,AK,AK:39:0,1,-156.683,56.099
Alaska,AK,AK:39:0,2,-156.634,56.048
Alaska,AK,AK:40:0,0,-157.326,56.54
Alaska,AK,AK:40:0,1,-157.25,56.582
Alaska,AK,AK:40:0,2,-157.077,56.579
Alaska,AK,AK:40:0,3,-157.169,56.53
Alaska,AK,AK:41:0,0,-159.321,54.897
Alaska,AK,AK:41:0,1,-159.279,54.949
Alaska,AK,AK:41:0,2,-159.206,54.927
Alaska,AK,AK:41:0,3,-159.236,54.876
Alaska,AK,AK:42:0,0,-159.384,55.749
Alaska,AK,AK:42:0,1,-159.356,55.807
Alaska,AK,AK:42:0,2,-159.279,55.763
Alaska,AK,AK:43:0,0,-159.46,54.949
Alaska,AK,AK:43:0,1,-159.417,55.0
Alaska,AK,AK:43:0,2,-159.448,55.064
Alaska,AK,AK:43:0,3,-159.345,55.059
Alaska,AK,AK:43:0,4,-159.332,54.975
Alaska,AK,AK:44:0,0,-159.587,54.827
Alaska,AK,AK:44:0,1,-159.51,54.789
Alaska,AK,AK:44:0,2,-159.598,54.756
Alaska,AK,AK:45:0,0,-159.662,55.19
Alaska,AK,AK:45:0,1,-159.533,55.185
Alaska,AK,AK:45:0,2,-159.495,55.136
Alaska,AK,AK:45:0,3,-159.534,55.084
Alaska,AK,AK:45:0,4,-159.649,55.05
Alaska,AK,AK:46:0,0,-160.251,54.93
Alaska,AK,AK:46:0,1,-160.132,55.014
Alaska,AK,AK:46:0,2,-160.174,55.053
Alaska,AK,AK:46:0,3,-160.187,55.118
Alaska,AK,AK:46:0,4,-160.061,55.2
Alaska,AK,AK:46:0,5,-159.954,55.189
Alaska,AK,AK:46:0,6,-159.889,55.287
Alaska,AK,AK:46:0,7,-159.849,55.268
Alaska,AK,AK:46:0,8,-159.895,55.218
Alaska,AK,AK:46:0,9,-159.905,55.165
Alaska,AK,AK:46:0,10,-159.816,55.178
Alaska,AK,AK:46:0,11,-159.869,55.095
Alaska,AK,AK:46:0,12,-159.951,55.067
Alaska,AK,AK:46:0,13,-160.116,54.985
Alaska,AK,AK:46:0,14,-160.183,54.916
Alaska,AK,AK:47:0,0,-160.348,55.426
Alaska,AK,AK:47:0,1,-160.267,55.463
Alaska,AK,AK:47:0,2,-160.137,55.451
Alaska,AK,AK:47:0,3,-160.142,55.387
Alaska,AK,AK:47:0,4,-160.321,55.394
Alaska,AK,AK:48:0,0,-160.857,55.318
Alaska,AK,AK:48:0,1,-160.797,55.382
Alaska,AK,AK:48:0,2,-160.71,55.403
Alaska,AK,AK:48:0,3,-160.573,55.389
Alaska,AK,AK:48:0,4,-160.426,55.339
Alaska,AK,AK:48:0,5,-160.334,55.36
Alaska,AK,AK:48:0,6,-160.307,55.303
Alaska,AK,AK:48:0,7,-160.39,55.287
Alaska,AK,AK:48:0,8,-160.58,55.303
Alaska,AK,AK:48:0,9,-160.486,55.194
Alaska,AK,AK:48:0,10,-160.525,55.13
Alaska,AK,AK:48:0,11,-160.656,55.16
Alaska,AK,AK:48:0,12,-160.69,55.21
Alaska,AK,AK:48:0,13,-160.842,55.204
Alaska,AK,AK:49:0,0,-161.084,58.59
Alaska,AK,AK:49:0,1,-161.057,58.702
Alaska,AK,AK:49:0,2,-160.919,58.747
Alaska,AK,AK:49:0,3,-160.843,58.752
Alaska,AK,AK:49:0,4,-160.684,58.815
Alaska,AK,AK:49:0,5,-160.881,58.581
Alaska,AK,AK:49:0,6,-160.961,58.554
Alaska,AK,AK:49:0,7,-161.076,58.55
Alaska,AK,AK:50:0,0,-161.693,55.218
Alaska,AK,AK:50:0,1,-161.656,55.244
Alaska,AK,AK:50:0,2,-161.528,55.251
Alaska,AK,AK:50:0,3,-161.56,55.207
Alaska,AK,AK:51:0,0,-161.904,55.117
Alaska,AK,AK:51:0,1,-161.889,55.161
Alaska,AK,AK:51:0,2,-161.828,55.178
Alaska,AK,AK:51:0,3,-161.652,55.131
Alaska,AK,AK:51:0,4,-161.655,55.103
Alaska,AK,AK:51:0,5,-161.738,55.054
Alaska,AK,AK:51:0,6,-161.839,55.118
Alaska,AK,AK:52:0,0,-162.435,54.929
Alaska,AK,AK:52:0,1,-162.327,54.985
Alaska,AK,AK:52:0,2,-162.236,54.963
Alaska,AK,AK:52:0,3,-162.233,54.891
Alaska,AK,AK:52:0,4,-162.275,54.846
Alaska,AK,AK:52:0,5,-162.349,54.836
Alaska,AK,AK:52:0,6,-162.425,54.885
Alaska,AK,AK:53:0,0,-162.683,63.584
Alaska,AK,AK:53:0,1,-162.541,63.636
Alaska,AK,AK:53:0,2,-162.374,63.626
Alaska,AK,AK:53:0,3,-162.345,63.552
Alaska,AK,AK:53:0,4,-162.615,63.541
Alaska,AK,AK:54:0,0,-162.835,54.45
Alaska,AK,AK:54:0,1,-162.829,54.495
Alaska,AK,AK:54:0,2,-162.585,54.448
Alaska,AK,AK:54:0,3,-162.519,54.414
Alaska,AK,AK:54:0,4,-162.425,54.414
Alaska,AK,AK:54:0,5,-162.467,54.343
Alaska,AK,AK:54:0,6,-162.547,54.377
Alaska,AK,AK:54:0,7,-162.609,54.369
Alaska,AK,AK:54:0,8,-162.72,54.401
Alaska,AK,AK:54:0,9,-162.784,54.376
Alaska,AK,AK:54:0,10,-162.862,54.425
Alaska,AK,AK:55:0,0,-165.221,54.102
Alaska,AK,AK:55:0,1,-165.141,54.131
Alaska,AK,AK:55:0,2,-165.023,54.122
Alaska,AK,AK:55:0,3,-164.938,54.137
Alaska,AK,AK:55:0,4,-164.953,54.078
Alaska,AK,AK:55:0,5,-165.044,54.067
Alaska,AK,AK:56:0,0,-165.684,54.25
Alaska,AK,AK:56:0,1,-165.636,54.298
Alaska,AK,AK:56:0,2,-165.587,54.284
Alaska,AK,AK:56:0,3,-165.476,54.183
Alaska,AK,AK:56:0,4,-165.549,54.112
Alaska,AK,AK:56:0,5,-165.63,54.133
Alaska,AK,AK:56:0,6,-165.637,54.199
Alaska,AK,AK:57:0,0,-166.101,54.144
Alaska,AK,AK:57:0,1,-166.082,54.175
Alaska,AK,AK:57:0,2,-165.983,54.221
Alaska,AK,AK:57:0,3,-165.873,54.216
Alaska,AK,AK:57:0,4,-165.837,54.161
Alaska,AK,AK:57:0,5,-165.748,54.161
Alaska,AK,AK:57:0,6,-165.671,54.096
Alaska,AK,AK:57:0,7,-165.767,54.066
Alaska,AK,AK:57:0,8,-165.811,54.075
Alaska,AK,AK:57:0,9,-165.984,54.062
Alaska,AK,AK:57:0,10,-166.046,54.044
Alaska,AK,AK:57:0,11,-166.112,54.123
Alaska,AK,AK:58:0,0,-167.443,60.209
Alaska,AK,AK:58:0,1,-167.318,60.232
Alaska,AK,AK:58:0,2,-167.113,60.231
Alaska,AK,AK:58:0,3,-167.034,60.214
Alaska,AK,AK:58:0,4,-166.843,60.21
Alaska,AK,AK:58:0,5,-166.836,60.269
Alaska,AK,AK:58:0,6,-166.714,60.327
Alaska,AK,AK:58:0,7,-166.583,60.318
Alaska,AK,AK:58:0,8,-166.58,60.35
Alaska,AK,AK:58:0,9,-166.49,60.389
Alaska,AK,AK:58:0,10,-166.372,60.355
Alaska,AK,AK:58:0,11,-166.204,60.39
Alaska,AK,AK:58:0,12,-166.15,60.437
Alaska,AK,AK:58:0,13,-166.081,60.323
Alaska,AK,AK:58:0,14,-165.985,60.314
Alaska,AK,AK:58:0,15,-165.883,60.343
Alaska,AK,AK:58:0,16,-165.68,60.292
Alaska,AK,AK:58:0,17,-165.723,60.236
Alaska,AK,AK:58:0,18,-165.684,60.198
Alaska,AK,AK:58:0,19,-165.663,60.098
Alaska,AK,AK:58:0,20,-165.709,60.066
Alaska,AK,AK:58:0,21,-165.634,60.02
Alaska,AK,AK:58:0,22,-165.653,59.987
Alaska,AK,AK:58:0,23,-165.582,59.908
Alaska,AK,AK:58:0,24,-165.839,59.89
Alaska,AK,AK:58:0,25,-166.026,59.861
Alaska,AK,AK:58:0,26,-166.125,59.812
Alaska,AK,AK:58:0,27,-166.097,59.757
Alaska,AK,AK:58:0,28,-166.19,59.75
Alaska,AK,AK:58:0,29,-166.272,59.811
Alaska,AK,AK:58:0,30,-166.408,59.851
Alaska,AK,AK:58:0,31,-166.614,59.848
Alaska,AK,AK:58:0,32,-166.763,59.893
Alaska,AK,AK:58:0,33,-166.861,59.943
Alaska,AK,AK:58:0,34,-166.988,59.979
Alaska,AK,AK:58:0,35,-167.101,59.988
Alaska,AK,AK:58:0,36,-167.244,60.058
Alaska,AK,AK:58:0,37,-167.333,60.067
Alaska,AK,AK:58:0,38,-167.344,60.126
Alaska,AK,AK:59:0,0,-167.852,53.316
Alaska,AK,AK:59:0,1,-167.694,53.388
Alaska,AK,AK:59:0,2,-167.622,53.385
Alaska,AK,AK:59:0,3,-167.488,53.42
Alaska,AK,AK:59:0,4,-167.457,53.443
Alaska,AK,AK:59:0,5,-167.356,53.424
Alaska,AK,AK:59:0,6,-167.268,53.478
Alaska,AK,AK:59:0,7,-167.2,53.463
Alaska,AK,AK:59:0,8,-167.188,53.524
Alaska,AK,AK:59:0,9,-167.102,53.515
Alaska,AK,AK:59:0,10,-167.162,53.606
Alaska,AK,AK:59:0,11,-167.062,53.62
Alaska,AK,AK:59:0,12,-167.058,53.699
Alaska,AK,AK:59:0,13,-166.999,53.719
Alaska,AK,AK:59:0,14,-166.832,53.708
Alaska,AK,AK:59:0,15,-166.787,53.735
Alaska,AK,AK:59:0,16,-166.976,53.775
Alaska,AK,AK:59:0,17,-167.025,53.757
Alaska,AK,AK:59:0,18,-167.142,53.827
Alaska,AK,AK:59:0,19,-167.141,53.867
Alaska,AK,AK:59:0,20,-167.031,53.945
Alaska,AK,AK:59:0,21,-166.879,53.989
Alaska,AK,AK:59:0,22,-166.645,54.014
Alaska,AK,AK:59:0,23,-166.6,53.984
Alaska,AK,AK:59:0,24,-166.647,53.924
Alaska,AK,AK:59:0,25,-166.561,53.879
Alaska,AK,AK:59:0,26,-166.444,53.91
Alaska,AK,AK:59:0,27,-166.437,53.956
Alaska,AK,AK:59:0,28,-166.279,53.983
Alaska,AK,AK:59:0,29,-166.211,53.934
Alaska,AK,AK:59:0,30,-166.237,53.881
Alaska,AK,AK:59:0,31,-166.32,53.87
Alaska,AK,AK:59:0,32,-166.405,53.809
Alaska,AK,AK:59:0,33,-166.42,53.762
Alaska,AK,AK:59:0,34,-166.213,53.817
Alaska,AK,AK:59:0,35,-166.12,53.855
Alaska,AK,AK:59:0,36,-166.111,53.777
Alaska,AK,AK:59:0,37,-166.167,53.733
Alaska,AK,AK:59:0,38,-166.283,53.684
Alaska,AK,AK:59:0,39,-166.445,53.641
Alaska,AK,AK:59:0,40,-166.554,53.623
Alaska,AK,AK:59:0,41,-166.581,53.53
Alaska,AK,AK:59:0,42,-166.656,53.487
Alaska,AK,AK:59:0,43,-166.735,53.507
Alaska,AK,AK:59:0,44,-166.749,53.441
Alaska,AK,AK:59:0,45,-166.878,53.43
Alaska,AK,AK:59:0,46,-167.134,53.426
Alaska,AK,AK:59:0,47,-167.292,53.364
Alaska,AK,AK:59:0,48,-167.443,53.321
Alaska,AK,AK:59:0,49,-167.488,53.269
Alaska,AK,AK:59:0,50,-167.589,53.289
Alaska,AK,AK:59:0,51,-167.644,53.251
Alaska,AK,AK:59:0,52,-167.799,53.285
Alaska,AK,AK:60:0,0,-168.129,65.656
Alaska,AK,AK:60:0,1,-167.98,65.728
Alaska,AK,AK:60:0,2,-167.54,65.821
Alaska,AK,AK:60:0,3,-167.315,65.885
Alaska,AK,AK:60:0,4,-166.828,66.051
Alaska,AK,AK:60:0,5,-166.526,66.142
Alaska,AK,AK:60:0,6,-166.331,66.19
Alaska,AK,AK:60:0,7,-165.805,66.333
Alaska,AK,AK:60:0,8,-165.407,66.42
Alaska,AK,AK:60:0,9,-164.711,66.543
Alaska,AK,AK:60:0,10,-164.401,66.581
Alaska,AK,AK:60:0,11,-164.095,66.592
Alaska,AK,AK:60:0,12,-163.824,66.592
Alaska,AK,AK:60:0,13,-163.727,66.516
Alaska,AK,AK:60:0,14,-163.762,66.455
Alaska,AK,AK:60:0,15,-163.873,66.389
Alaska,AK,AK:60:0,16,-163.83,66.272
Alaska,AK,AK:60:0,17,-163.917,66.19
Alaska,AK,AK:60:0,18,-163.768,66.061
Alaska,AK,AK:60:0,19,-163.624,66.058
Alaska,AK,AK:60:0,20,-163.496,66.085
Alaska,AK,AK:60:0,21,-163.345,66.085
Alaska,AK,AK:60:0,22,-163.169,66.059
Alaska,AK,AK:60:0,23,-162.751,66.09
Alaska,AK,AK:60:0,24,-162.622,66.04
Alaska,AK,AK:60:0,25,-162.458,66.059
Alaska,AK,AK:60:0,26,-162.392,66.029
Alaska,AK,AK:60:0,27,-162.122,66.067
Alaska,AK,AK:60:0,28,-162.026,66.063
Alaska,AK,AK:60:0,29,-161.838,66.023
Alaska,AK,AK:60:0,30,-161.681,66.112
Alaska,AK,AK:60:0,31,-161.548,66.24
Alaska,AK,AK:60:0,32,-161.485,66.262
Alaska,AK,AK:60:0,33,-161.341,66.255
Alaska,AK,AK:60:0,34,-161.321,66.224
Alaska,AK,AK:60:0,35,-161.199,66.211
Alaska,AK,AK:60:0,36,-160.999,66.255
Alaska,AK,AK:60:0,37,-161.13,66.336
Alaska,AK,AK:60:0,38,-161.526,66.397
Alaska,AK,AK:60:0,39,-161.694,66.396
Alaska,AK,AK:60:0,40,-161.916,66.349
Alaska,AK,AK:60:0,41,-161.863,66.441
Alaska,AK,AK:60:0,42,-161.875,66.511
Alaska,AK,AK:60:0,43,-162.098,66.61
Alaska,AK,AK:60:0,44,-162.175,66.688
Alaska,AK,AK:60:0,45,-162.269,66.718
Alaska,AK,AK:60:0,46,-162.482,66.73
Alaska,AK,AK:60:0,47,-162.513,66.778
Alaska,AK,AK:60:0,48,-162.622,66.851
Alaska,AK,AK:60:0,49,-162.601,66.898
Alaska,AK,AK:60:0,50,-162.29,66.931
Alaska,AK,AK:60:0,51,-162.229,66.867
Alaska,AK,AK:60:0,52,-162.097,66.789
Alaska,AK,AK:60:0,53,-162.011,66.759
Alaska,AK,AK:60:0,54,-162.082,66.693
Alaska,AK,AK:60:0,55,-162.069,66.646
Alaska,AK,AK:60:0,56,-161.765,66.497
Alaska,AK,AK:60:0,57,-161.574,66.439
Alaska,AK,AK:60:0,58,-161.326,66.478
Alaska,AK,AK:60:0,59,-161.293,66.521
Alaska,AK,AK:60:0,60,-161.484,66.526
Alaska,AK,AK:60:0,61,-161.49,66.561
Alaska,AK,AK:60:0,62,-161.693,66.621
Alaska,AK,AK:60:0,63,-161.882,66.717
Alaska,AK,AK:60:0,64,-161.794,66.882
Alaska,AK,AK:60:0,65,-161.674,66.962
Alaska,AK,AK:60:0,66,-161.567,66.935
Alaska,AK,AK:60:0,67,-161.531,66.985
Alaska,AK,AK:60:0,68,-161.697,67.011
Alaska,AK,AK:60:0,69,-161.81,67.05
Alaska,AK,AK:60:0,70,-162.123,67.026
Alaska,AK,AK:60:0,71,-162.239,66.994
Alaska,AK,AK:60:0,72,-162.502,66.977
Alaska,AK,AK:60:0,73,-162.623,66.992
Alaska,AK,AK:60:0,74,-162.693,67.029
Alaska,AK,AK:60:0,75,-162.843,66.991
Alaska,AK,AK:60:0,76,-162.975,67.025
Alaska,AK,AK:60:0,77,-163.495,67.088
Alaska,AK,AK:60:0,78,-163.666,67.1
Alaska,AK,AK:60:0,79,-163.745,67.126
Alaska,AK,AK:60:0,80,-163.759,67.256
Alaska,AK,AK:60:0,81,-163.879,67.416
Alaska,AK,AK:60:0,82,-164.08,67.586
Alaska,AK,AK:60:0,83,-164.21,67.639
Alaska,AK,AK:60:0,84,-164.534,67.726
Alaska,AK,AK:60:0,85,-164.778,67.821
Alaska,AK,AK:60:0,86,-165.13,67.942
Alaska,AK,AK:60:0,87,-165.313,68.017
Alaska,AK,AK:60:0,88,-165.494,68.059
Alaska,AK,AK:60:0,89,-165.872,68.11
Alaska,AK,AK:60:0,90,-165.975,68.141
Alaska,AK,AK:60:0,91,-166.044,68.201
Alaska,AK,AK:60:0,92,-166.237,68.273
Alaska,AK,AK:60:0,93,-166.528,68.326
Alaska,AK,AK:60:0,94,-166.796,68.354
Alaska,AK,AK:60:0,95,-166.378,68.422
Alaska,AK,AK:60:0,96,-166.306,68.462
Alaska,AK,AK:60:0,97,-166.234,68.564
Alaska,AK,AK:60:0,98,-166.188,68.779
Alaska,AK,AK:60:0,99,-166.214,68.88
Alaska,AK,AK:60:0,100,-165.667,68.855
Alaska,AK,AK:60:0,101,-165.327,68.858
Alaska,AK,AK:60:0,102,-164.655,68.909
Alaska,AK,AK:60:0,103,-164.253,68.931
Alaska,AK,AK:60:0,104,-163.974,68.985
Alaska,AK,AK:60:0,105,-163.724,69.067
Alaska,AK,AK:60:0,106,-163.535,69.142
Alaska,AK,AK:60:0,107,-163.267,69.291
Alaska,AK,AK:60:0,108,-163.169,69.385
Alaska,AK,AK:60:0,109,-163.143,69.453
Alaska,AK,AK:60:0,110,-163.151,69.613
Alaska,AK,AK:60:0,111,-163.01,69.813
Alaska,AK,AK:60:0,112,-162.707,69.97
Alaska,AK,AK:60:0,113,-162.475,70.124
Alaska,AK,AK:60:0,114,-162.342,70.19
Alaska,AK,AK:60:0,115,-161.879,70.329
Alaska,AK,AK:60:0,116,-161.534,70.299
Alaska,AK,AK:60:0,117,-161.288,70.297
Alaska,AK,AK:60:0,118,-161.041,70.331
Alaska,AK,AK:60:0,119,-160.813,70.377
Alaska,AK,AK:60:0,120,-160.48,70.466
Alaska,AK,AK:60:0,121,-160.215,70.559
Alaska,AK,AK:60:0,122,-160.057,70.633
Alaska,AK,AK:60:0,123,-159.648,70.794
Alaska,AK,AK:60:0,124,-159.172,70.875
Alaska,AK,AK:60:0,125,-159.149,70.834
Alaska,AK,AK:60:0,126,-158.95,70.797
Alaska,AK,AK:60:0,127,-158.658,70.786
Alaska,AK,AK:60:0,128,-158.366,70.82
Alaska,AK,AK:60:0,129,-158.032,70.832
Alaska,AK,AK:60:0,130,-157.768,70.876
Alaska,AK,AK:60:0,131,-157.502,70.949
Alaska,AK,AK:60:0,132,-157.249,71.053
Alaska,AK,AK:60:0,133,-156.81,71.287
Alaska,AK,AK:60:0,134,-156.569,71.353
Alaska,AK,AK:60:0,135,-156.531,71.296
Alaska,AK,AK:60:0,136,-156.357,71.261
Alaska,AK,AK:60:0,137,-156.074,71.242
Alaska,AK,AK:60:0,138,-155.958,71.186
Alaska,AK,AK:60:0,139,-155.761,71.195
Alaska,AK,AK:60:0,140,-155.588,71.173
Alaska,AK,AK:60:0,141,-155.514,71.097
Alaska,AK,AK:60:0,142,-155.548,71.061
Alaska,AK,AK:60:0,143,-155.705,71.02
Alaska,AK,AK:60:0,144,-155.831,70.966
Alaska,AK,AK:60:0,145,-155.996,70.948
Alaska,AK,AK:60:0,146,-155.925,70.853
Alaska,AK,AK:60:0,147,-155.869,70.829
Alaska,AK,AK:60:0,148,-155.644,70.824
Alaska,AK,AK:60:0,149,-155.504,70.86
Alaska,AK,AK:60:0,150,-155.513,70.941
Alaska,AK,AK:60:0,151,-155.344,71.004
Alaska,AK,AK:60:0,152,-155.177,71.027
Alaska,AK,AK:60:0,153,-155.257,71.081
Alaska,AK,AK:60:0,154,-155.032,71.146
Alaska,AK,AK:60:0,155,-154.777,71.083
Alaska,AK,AK:60:0,156,-154.616,71.026
Alaska,AK,AK:60:0,157,-154.603,70.868
Alaska,AK,AK:60:0,158,-154.572,70.826
Alaska,AK,AK:60:0,159,-154.353,70.835
Alaska,AK,AK:60:0,160,-154.182,70.768
Alaska,AK,AK:60:0,161,-153.996,70.822
Alaska,AK,AK:60:0,162,-153.89,70.886
Alaska,AK,AK:60:0,163,-153.486,70.886
Alaska,AK,AK:60:0,164,-153.238,70.922
Alaska,AK,AK:60:0,165,-153.049,70.913
Alaska,AK,AK:60:0,166,-152.904,70.884
Alaska,AK,AK:60:0,167,-152.603,70.882
Alaska,AK,AK:60:0,168,-152.223,70.825
Alaska,AK,AK:60:0,169,-152.377,70.715
Alaska,AK,AK:60:0,170,-152.472,70.689
Alaska,AK,AK:60:0,171,-152.421,70.609
Alaska,AK,AK:60:0,172,-152.101,70.587
Alaska,AK,AK:60:0,173,-151.817,70.546
Alaska,AK,AK:60:0,174,-151.729,70.495
Alaska,AK,AK:60:0,175,-151.919,70.473
Alaska,AK,AK:60:0,176,-151.876,70.431
Alaska,AK,AK:60:0,177,-151.555,70.436
Alaska,AK,AK:60:0,178,-151.147,70.377
Alaska,AK,AK:60:0,179,-150.951,70.46
Alaska,AK,AK:60:0,180,-150.519,70.483
Alaska,AK,AK:60:0,181,-150.414,70.46
Alaska,AK,AK:60:0,182,-150.361,70.409
Alaska,AK,AK:60:0,183,-150.074,70.439
Alaska,AK,AK:60:0,184,-149.867,70.511
Alaska,AK,AK:60:0,185,-149.581,70.496
Alaska,AK,AK:60:0,186,-149.179,70.486
Alaska,AK,AK:60:0,187,-148.959,70.424
Alaska,AK,AK:60:0,188,-148.79,70.403
Alaska,AK,AK:60:0,189,-148.611,70.423
Alaska,AK,AK:60:0,190,-148.477,70.359
Alaska,AK,AK:60:0,191,-148.411,70.303
Alaska,AK,AK:60:0,192,-148.077,70.328
Alaska,AK,AK:60:0,193,-147.818,70.277
Alaska,AK,AK:60:0,194,-147.765,70.22
Alaska,AK,AK:60:0,195,-147.682,70.2
Alaska,AK,AK:60:0,196,-147.35,70.188
Alaska,AK,AK:60:0,197,-147.244,70.219
Alaska,AK,AK:60:0,198,-147.162,70.156
Alaska,AK,AK:60:0,199,-146.991,70.148
Alaska,AK,AK:60:0,200,-146.886,70.186
Alaska,AK,AK:60:0,201,-146.734,70.175
Alaska,AK,AK:60:0,202,-146.508,70.186
Alaska,AK,AK:60:0,203,-146.273,70.177
Alaska,AK,AK:60:0,204,-146.097,70.145
Alaska,AK,AK:60:0,205,-145.79,70.149
Alaska,AK,AK:60:0,206,-145.623,70.084
Alaska,AK,AK:60:0,207,-145.522,70.077
Alaska,AK,AK:60:0,208,-145.408,70.032
Alaska,AK,AK:60:0,209,-145.197,69.995
Alaska,AK,AK:60:0,210,-144.863,69.974
Alaska,AK,AK:60:0,211,-144.619,69.969
Alaska,AK,AK:60:0,212,-144.455,70.035
Alaska,AK,AK:60:0,213,-143.951,70.1
Alaska,AK,AK:60:0,214,-143.887,70.121
Alaska,AK,AK:60:0,215,-143.62,70.135
Alaska,AK,AK:60:0,216,-143.425,70.125
Alaska,AK,AK:60:0,217,-143.282,70.151
Alaska,AK,AK:60:0,218,-142.94,70.074
Alaska,AK,AK:60:0,219,-142.747,70.043
Alaska,AK,AK:60:0,220,-142.498,69.974
Alaska,AK,AK:60:0,221,-142.404,69.917
Alaska,AK,AK:60:0,222,-142.272,69.907
Alaska,AK,AK:60:0,223,-141.959,69.823
Alaska,AK,AK:60:0,224,-141.713,69.789
Alaska,AK,AK:60:0,225,-141.431,69.695
Alaska,AK,AK:60:0,226,-141.21,69.684
Alaska,AK,AK:60:0,227,-141.003,69.646
Alaska,AK,AK:60:0,228,-141.003,69.165
Alaska,AK,AK:60:0,229,-141.003,68.498
Alaska,AK,AK:60:0,230,-141.003,67.892
Alaska,AK,AK:60:0,231,-141.003,67.286
Alaska,AK,AK:60:0,232,-141.003,66.643
Alaska,AK,AK:60:0,233,-141.002,65.839
Alaska,AK,AK:60:0,234,-141.002,64.83
Alaska,AK,AK:60:0,235,-141.002,63.853
Alaska,AK,AK:60:0,236,-141.002,62.917
Alaska,AK,AK:60:0,237,-141.002,62.125
Alaska,AK,AK:60:0,238,-141.002,61.436
Alaska,AK,AK:60:0,239,-140.998,61.069
Alaska,AK,AK:60:0,240,-141.002,60.306
Alaska,AK,AK:60:0,241,-140.52,60.22
Alaska,AK,AK:60:0,242,-140.458,60.308
Alaska,AK,AK:60:0,243,-139.981,60.182
Alaska,AK,AK:60:0,244,-139.693,60.335
Alaska,AK,AK:60:0,245,-139.075,60.353
Alaska,AK,AK:60:0,246,-139.072,60.319
Alaska,AK,AK:60:0,247,-139.199,60.088
Alaska,AK,AK:60:0,248,-139.054,59.995
Alaska,AK,AK:60:0,249,-138.707,59.906
Alaska,AK,AK:60:0,250,-138.669,59.81
Alaska,AK,AK:60:0,251,-138.626,59.769
Alaska,AK,AK:60:0,252,-137.607,59.244
Alaska,AK,AK:60:0,253,-137.5,58.985
Alaska,AK,AK:60:0,254,-137.525,58.907
Alaska,AK,AK:60:0,255,-137.447,58.91
Alaska,AK,AK:60:0,256,-137.265,59.002
Alaska,AK,AK:60:0,257,-136.864,59.138
Alaska,AK,AK:60:0,258,-136.827,59.158
Alaska,AK,AK:60:0,259,-136.582,59.165
Alaska,AK,AK:60:0,260,-136.469,59.284
Alaska,AK,AK:60:0,261,-136.477,59.466
Alaska,AK,AK:60:0,262,-136.372,59.45
Alaska,AK,AK:60:0,263,-136.305,59.465
Alaska,AK,AK:60:0,264,-136.239,59.524
Alaska,AK,AK:60:0,265,-136.24,59.559
Alaska,AK,AK:60:0,266,-136.354,59.6
Alaska,AK,AK:60:0,267,-136.193,59.64
Alaska,AK,AK:60:0,268,-135.953,59.662
Alaska,AK,AK:60:0,269,-135.479,59.798
Alaska,AK,AK:60:0,270,-135.253,59.698
Alaska,AK,AK:60:0,271,-135.158,59.626
Alaska,AK,AK:60:0,272,-135.029,59.564
Alaska,AK,AK:60:0,273,-135.028,59.475
Alaska,AK,AK:60:0,274,-135.101,59.428
Alaska,AK,AK:60:0,275,-134.99,59.387
Alaska,AK,AK:60:0,276,-135.031,59.346
Alaska,AK,AK:60:0,277,-134.96,59.281
Alaska,AK,AK:60:0,278,-134.701,59.249
Alaska,AK,AK:60:0,279,-134.679,59.192
Alaska,AK,AK:60:0,280,-134.566,59.131
Alaska,AK,AK:60:0,281,-134.483,59.132
Alaska,AK,AK:60:0,282,-134.382,59.039
Alaska,AK,AK:60:0,283,-134.407,58.979
Alaska,AK,AK:60:0,284,-134.314,58.962
Alaska,AK,AK:60:0,285,-134.336,58.923
Alaska,AK,AK:60:0,286,-134.258,58.861
Alaska,AK,AK:60:0,287,-133.841,58.729
Alaska,AK,AK:60:0,288,-133.707,58.612
Alaska,AK,AK:60:0,289,-133.558,58.523
Alaska,AK,AK:60:0,290,-133.377,58.431
Alaska,AK,AK:60:0,291,-133.462,58.388
Alaska,AK,AK:60:0,292,-133.356,58.287
Alaska,AK,AK:60:0,293,-133.184,58.163
Alaska,AK,AK:60:0,294,-133.076,58.0
Alaska,AK,AK:60:0,295,-132.869,57.843
Alaska,AK,AK:60:0,296,-132.757,57.705
Alaska,AK,AK:60:0,297,-132.658,57.619
Alaska,AK,AK:60:0,298,-132.554,57.497
Alaska,AK,AK:60:0,299,-132.363,57.342
Alaska,AK,AK:60:0,300,-132.248,57.211
Alaska,AK,AK:60:0,301,-132.369,57.092
Alaska,AK,AK:60:0,302,-132.045,57.045
Alaska,AK,AK:60:0,303,-132.124,56.874
Alaska,AK,AK:60:0,304,-131.873,56.806
Alaska,AK,AK:60:0,305,-131.901,56.754
Alaska,AK,AK:60:0,306,-131.861,56.703
Alaska,AK,AK:60:0,307,-131.835,56.599
Alaska,AK,AK:60:0,308,-131.581,56.612
Alaska,AK,AK:60:0,309,-131.469,56.552
Alaska,AK,AK:60:0,310,-131.173,56.45
Alaska,AK,AK:60:0,311,-131.088,56.406
Alaska,AK,AK:60:0,312,-130.782,56.367
Alaska,AK,AK:60:0,313,-130.623,56.267
Alaska,AK,AK:60:0,314,-130.468,56.243
Alaska,AK,AK:60:0,315,-130.425,56.141
Alaska,AK,AK:60:0,316,-130.246,56.096
Alaska,AK,AK:60:0,317,-130.104,56.123
Alaska,AK,AK:60:0,318,-130.003,56.008
Alaska,AK,AK:60:0,319,-130.018,55.912
Alaska,AK,AK:60:0,320,-130.083,55.822
Alaska,AK,AK:60:0,321,-130.152,55.766
Alaska,AK,AK:60:0,322,-130.112,55.683
Alaska,AK,AK:60:0,323,-130.128,55.581
Alaska,AK,AK:60:0,324,-130.09,55.498
Alaska,AK,AK:60:0,325,-130.041,55.452
Alaska,AK,AK:60:0,326,-130.021,55.338
Alaska,AK,AK:60:0,327,-129.974,55.282
Alaska,AK,AK:60:0,328,-130.103,55.193
Alaska,AK,AK:60:0,329,-130.188,55.063
Alaska,AK,AK:60:0,330,-130.273,54.974
Alaska,AK,AK:60:0,331,-130.459,54.848
Alaska,AK,AK:60:0,332,-130.568,54.792
Alaska,AK,AK:60:0,333,-130.629,54.783
Alaska,AK,AK:60:0,334,-130.686,54.719
Alaska,AK,AK:60:0,335,-130.737,54.754
Alaska,AK,AK:60:0,336,-130.742,54.802
Alaska,AK,AK:60:0,337,-130.855,54.766
Alaska,AK,AK:60:0,338,-130.916,54.79
Alaska,AK,AK:60:0,339,-130.96,54.934
Alaska,AK,AK:60:0,340,-130.949,54.968
Alaska,AK,AK:60:0,341,-131.012,54.996
Alaska,AK,AK:60:0,342,-130.984,55.069
Alaska,AK,AK:60:0,343,-131.052,55.118
Alaska,AK,AK:60:0,344,-131.093,55.193
Alaska,AK,AK:60:0,345,-130.985,55.247
Alaska,AK,AK:60:0,346,-130.882,55.359
Alaska,AK,AK:60:0,347,-130.921,55.429
Alaska,AK,AK:60:0,348,-130.871,55.534
Alaska,AK,AK:60:0,349,-130.902,55.697
Alaska,AK,AK:60:0,350,-130.939,55.755
Alaska,AK,AK:60:0,351,-131.094,55.896
Alaska,AK,AK:60:0,352,-131.041,55.763
Alaska,AK,AK:60:0,353,-130.966,55.689
Alaska,AK,AK:60:0,354,-130.928,55.577
Alaska,AK,AK:60:0,355,-130.987,55.54
Alaska,AK,AK:60:0,356,-131.001,55.398
Alaska,AK,AK:60:0,357,-131.031,55.285
Alaska,AK,AK:60:0,358,-131.16,55.197
Alaska,AK,AK:60:0,359,-131.211,55.192
Alaska,AK,AK:60:0,360,-131.297,55.235
Alaska,AK,AK:60:0,361,-131.285,55.286
Alaska,AK,AK:60:0,362,-131.428,55.239
Alaska,AK,AK:60:0,363,-131.494,55.332
Alaska,AK,AK:60:0,364,-131.55,55.293
Alaska,AK,AK:60:0,365,-131.699,55.355
Alaska,AK,AK:60:0,366,-131.844,55.457
Alaska,AK,AK:60:0,367,-131.846,55.522
Alaska,AK,AK:60:0,368,-131.665,55.582
Alaska,AK,AK:60:0,369,-131.727,55.641
Alaska,AK,AK:60:0,370,-131.701,55.697
Alaska,AK,AK:60:0,371,-131.733,55.731
Alaska,AK,AK:60:0,372,-131.705,55.79
Alaska,AK,AK:60:0,373,-131.72,55.895
Alaska,AK,AK:60:0,374,-131.837,55.875
Alaska,AK,AK:60:0,375,-131.771,55.81
Alaska,AK,AK:60:0,376,-131.826,55.719
Alaska,AK,AK:60:0,377,-131.829,55.667
Alaska,AK,AK:60:0,378,-131.897,55.604
Alaska,AK,AK:60:0,379,-131.963,55.615
Alaska,AK,AK:60:0,380,-131.937,55.535
Alaska,AK,AK:60:0,381,-131.986,55.501
Alaska,AK,AK:60:0,382,-132.183,55.588
Alaska,AK,AK:60:0,383,-132.224,55.702
Alaska,AK,AK:60:0,384,-132.183,55.801
Alaska,AK,AK:60:0,385,-132.086,55.832
Alaska,AK,AK:60:0,386,-132.042,55.959
Alaska,AK,AK:60:0,387,-132.07,56.047
Alaska,AK,AK:60:0,388,-131.97,56.114
Alaska,AK,AK:60:0,389,-131.936,56.177
Alaska,AK,AK:60:0,390,-132.018,56.183
Alaska,AK,AK:60:0,391,-132.035,56.133
Alaska,AK,AK:60:0,392,-132.177,56.056
Alaska,AK,AK:60:0,393,-132.13,55.958
Alaska,AK,AK:60:0,394,-132.159,55.923
Alaska,AK,AK:60:0,395,-132.28,55.925
Alaska,AK,AK:60:0,396,-132.32,55.888
Alaska,AK,AK:60:0,397,-132.397,55.879
Alaska,AK,AK:60:0,398,-132.384,55.937
Alaska,AK,AK:60:0,399,-132.45,55.956
Alaska,AK,AK:60:0,400,-132.493,56.066
Alaska,AK,AK:60:0,401,-132.574,56.071
Alaska,AK,AK:60:0,402,-132.64,56.033
Alaska,AK,AK:60:0,403,-132.723,56.146
Alaska,AK,AK:60:0,404,-132.718,56.218
Alaska,AK,AK:60:0,405,-132.601,56.24
Alaska,AK,AK:60:0,406,-132.529,56.339
Alaska,AK,AK:60:0,407,-132.442,56.354
Alaska,AK,AK:60:0,408,-132.341,56.342
Alaska,AK,AK:60:0,409,-132.394,56.486
Alaska,AK,AK:60:0,410,-132.367,56.575
Alaska,AK,AK:60:0,411,-132.451,56.564
Alaska,AK,AK:60:0,412,-132.486,56.606
Alaska,AK,AK:60:0,413,-132.571,56.633
Alaska,AK,AK:60:0,414,-132.543,56.702
Alaska,AK,AK:60:0,415,-132.557,56.757
Alaska,AK,AK:60:0,416,-132.77,56.837
Alaska,AK,AK:60:0,417,-132.87,56.926
Alaska,AK,AK:60:0,418,-132.919,56.994
Alaska,AK,AK:60:0,419,-132.916,57.04
Alaska,AK,AK:60:0,420,-133.076,57.082
Alaska,AK,AK:60:0,421,-133.188,57.089
Alaska,AK,AK:60:0,422,-133.247,57.137
Alaska,AK,AK:60:0,423,-133.322,57.113
Alaska,AK,AK:60:0,424,-133.517,57.178
Alaska,AK,AK:60:0,425,-133.545,57.243
Alaska,AK,AK:60:0,426,-133.49,57.305
Alaska,AK,AK:60:0,427,-133.426,57.286
Alaska,AK,AK:60:0,428,-133.308,57.29
Alaska,AK,AK:60:0,429,-133.355,57.333
Alaska,AK,AK:60:0,430,-133.454,57.356
Alaska,AK,AK:60:0,431,-133.525,57.49
Alaska,AK,AK:60:0,432,-133.506,57.578
Alaska,AK,AK:60:0,433,-133.621,57.579
Alaska,AK,AK:60:0,434,-133.676,57.625
Alaska,AK,AK:60:0,435,-133.655,57.714
Alaska,AK,AK:60:0,436,-133.582,57.715
Alaska,AK,AK:60:0,437,-133.522,57.684
Alaska,AK,AK:60:0,438,-133.323,57.666
Alaska,AK,AK:60:0,439,-133.56,57.777
Alaska,AK,AK:60:0,440,-133.57,57.859
Alaska,AK,AK:60:0,441,-133.631,57.847
Alaska,AK,AK:60:0,442,-133.64,57.79
Alaska,AK,AK:60:0,443,-133.709,57.793
Alaska,AK,AK:60:0,444,-133.849,57.935
Alaska,AK,AK:60:0,445,-134.05,58.062
Alaska,AK,AK:60:0,446,-134.088,58.182
Alaska,AK,AK:60:0,447,-134.061,58.282
Alaska,AK,AK:60:0,448,-133.967,58.318
Alaska,AK,AK:60:0,449,-134.013,58.404
Alaska,AK,AK:60:0,450,-134.072,58.33
Alaska,AK,AK:60:0,451,-134.144,58.304
Alaska,AK,AK:60:0,452,-134.103,58.249
Alaska,AK,AK:60:0,453,-134.147,58.199
Alaska,AK,AK:60:0,454,-134.262,58.191
Alaska,AK,AK:60:0,455,-134.631,58.247
Alaska,AK,AK:60:0,456,-134.776,58.397
Alaska,AK,AK:60:0,457,-134.792,58.492
Alaska,AK,AK:60:0,458,-134.942,58.612
Alaska,AK,AK:60:0,459,-134.989,58.679
Alaska,AK,AK:60:0,460,-134.921,58.681
Alaska,AK,AK:60:0,461,-134.942,58.783
Alaska,AK,AK:60:0,462,-135.027,58.782
Alaska,AK,AK:60:0,463,-135.151,58.846
Alaska,AK,AK:60:0,464,-135.209,59.077
Alaska,AK,AK:60:0,465,-135.284,59.193
Alaska,AK,AK:60:0,466,-135.397,59.292
Alaska,AK,AK:60:0,467,-135.491,59.282
Alaska,AK,AK:60:0,468,-135.368,59.209
Alaska,AK,AK:60:0,469,-135.296,59.096
Alaska,AK,AK:60:0,470,-135.376,59.089
Alaska,AK,AK:60:0,471,-135.393,58.971
Alaska,AK,AK:60:0,472,-135.234,58.735
Alaska,AK,AK:60:0,473,-135.142,58.616
Alaska,AK,AK:60:0,474,-135.189,58.576
Alaska,AK,AK:60:0,475,-135.089,58.423
Alaska,AK,AK:60:0,476,-135.049,58.309
Alaska,AK,AK:60:0,477,-135.101,58.293
Alaska,AK,AK:60:0,478,-135.088,58.2
Alaska,AK,AK:60:0,479,-135.22,58.236
Alaska,AK,AK:60:0,480,-135.277,58.234
Alaska,AK,AK:60:0,481,-135.398,58.328
Alaska,AK,AK:60:0,482,-135.433,58.4
Alaska,AK,AK:60:0,483,-135.512,58.386
Alaska,AK,AK:60:0,484,-135.63,58.429
Alaska,AK,AK:60:0,485,-135.728,58.397
Alaska,AK,AK:60:0,486,-135.907,58.381
Alaska,AK,AK:60:0,487,-135.897,58.45
Alaska,AK,AK:60:0,488,-135.929,58.573
Alaska,AK,AK:60:0,489,-135.912,58.619
Alaska,AK,AK:60:0,490,-136.012,58.712
Alaska,AK,AK:60:0,491,-136.012,58.743
Alaska,AK,AK:60:0,492,-136.09,58.816
Alaska,AK,AK:60:0,493,-136.151,58.757
Alaska,AK,AK:60:0,494,-136.247,58.753
Alaska,AK,AK:60:0,495,-136.494,58.839
Alaska,AK,AK:60:0,496,-136.528,58.928
Alaska,AK,AK:60:0,497,-136.63,58.89
Alaska,AK,AK:60:0,498,-136.789,58.936
Alaska,AK,AK:60:0,499,-136.929,58.9
Alaska,AK,AK:60:0,500,-136.745,58.877
Alaska,AK,AK:60:0,501,-136.583,58.839
Alaska,AK,AK:60:0,502,-136.463,58.782
Alaska,AK,AK:60:0,503,-136.317,58.671
Alaska,AK,AK:60:0,504,-136.218,58.672
Alaska,AK,AK:60:0,505,-136.194,58.582
Alaska,AK,AK:60:0,506,-136.1,58.515
Alaska,AK,AK:60:0,507,-136.042,58.38
Alaska,AK,AK:60:0,508,-136.112,58.343
Alaska,AK,AK:60:0,509,-136.266,58.314
Alaska,AK,AK:60:0,510,-136.337,58.378
Alaska,AK,AK:60:0,511,-136.39,58.297
Alaska,AK,AK:60:0,512,-136.545,58.317
Alaska,AK,AK:60:0,513,-136.586,58.297
Alaska,AK,AK:60:0,514,-136.592,58.218
Alaska,AK,AK:60:0,515,-136.701,58.219
Alaska,AK,AK:60:0,516,-136.73,58.286
Alaska,AK,AK:60:0,517,-136.784,58.29
Alaska,AK,AK:60:0,518,-136.947,58.393
Alaska,AK,AK:60:0,519,-137.018,58.409
Alaska,AK,AK:60:0,520,-137.112,58.393
Alaska,AK,AK:60:0,521,-137.497,58.558
Alaska,AK,AK:60:0,522,-137.681,58.622
Alaska,AK,AK:60:0,523,-137.688,58.665
Alaska,AK,AK:60:0,524,-137.928,58.781
Alaska,AK,AK:60:0,525,-137.933,58.868
Alaska,AK,AK:60:0,526,-138.066,58.957
Alaska,AK,AK:60:0,527,-138.289,59.054
Alaska,AK,AK:60:0,528,-138.637,59.131
Alaska,AK,AK:60:0,529,-138.763,59.191
Alaska,AK,AK:60:0,530,-138.92,59.249
Alaska,AK,AK:60:0,531,-139.42,59.38
Alaska,AK,AK:60:0,532,-139.746,59.503
Alaska,AK,AK:60:0,533,-139.856,59.537
Alaska,AK,AK:60:0,534,-139.726,59.639
Alaska,AK,AK:60:0,535,-139.586,59.643
Alaska,AK,AK:60:0,536,-139.511,59.703
Alaska,AK,AK:60:0,537,-139.589,59.709
Alaska,AK,AK:60:0,538,-139.582,59.775
Alaska,AK,AK:60:0,539,-139.634,59.875
Alaska,AK,AK:60:0,540,-139.527,59.94
Alaska,AK,AK:60:0,541,-139.489,59.995
Alaska,AK,AK:60:0,542,-139.56,60.042
Alaska,AK,AK:60:0,543,-139.612,59.949
Alaska,AK,AK:60:0,544,-139.701,59.93
Alaska,AK,AK:60:0,545,-139.776,59.868
Alaska,AK,AK:60:0,546,-139.78,59.826
Alaska,AK,AK:60:0,547,-140.163,59.741
Alaska,AK,AK:60:0,548,-140.306,59.693
Alaska,AK,AK:60:0,549,-140.649,59.711
Alaska,AK,AK:60:0,550,-140.891,59.742
Alaska,AK,AK:60:0,551,-140.982,59.77
Alaska,AK,AK:60:0,552,-141.423,59.877
Alaska,AK,AK:60:0,553,-141.419,59.916
Alaska,AK,AK:60:0,554,-141.3,59.937
Alaska,AK,AK:60:0,555,-141.259,59.998
Alaska,AK,AK:60:0,556,-141.376,60.111
Alaska,AK,AK:60:0,557,-141.513,60.162
Alaska,AK,AK:60:0,558,-141.553,60.154
Alaska,AK,AK:60:0,559,-141.368,60.024
Alaska,AK,AK:60:0,560,-141.595,59.962
Alaska,AK,AK:60:0,561,-141.736,59.962
Alaska,AK,AK:60:0,562,-141.912,60.01
Alaska,AK,AK:60:0,563,-142.13,60.03
Alaska,AK,AK:60:0,564,-142.538,60.084
Alaska,AK,AK:60:0,565,-142.698,60.093
Alaska,AK,AK:60:0,566,-142.909,60.09
Alaska,AK,AK:60:0,567,-143.069,60.069
Alaska,AK,AK:60:0,568,-143.413,60.052
Alaska,AK,AK:60:0,569,-143.699,60.028
Alaska,AK,AK:60:0,570,-143.897,59.986
Alaska,AK,AK:60:0,571,-144.035,60.02
Alaska,AK,AK:60:0,572,-144.196,59.997
Alaska,AK,AK:60:0,573,-144.424,59.895
Alaska,AK,AK:60:0,574,-144.44,59.94
Alaska,AK,AK:60:0,575,-144.217,60.04
Alaska,AK,AK:60:0,576,-144.053,60.042
Alaska,AK,AK:60:0,577,-144.11,60.099
Alaska,AK,AK:60:0,578,-144.285,60.14
Alaska,AK,AK:60:0,579,-144.349,60.091
Alaska,AK,AK:60:0,580,-144.429,60.148
Alaska,AK,AK:60:0,581,-144.535,60.189
Alaska,AK,AK:60:0,582,-144.909,60.221
Alaska,AK,AK:60:0,583,-144.877,60.245
Alaska,AK,AK:60:0,584,-144.739,60.265
Alaska,AK,AK:60:0,585,-144.966,60.309
Alaska,AK,AK:60:0,586,-144.834,60.444
Alaska,AK,AK:60:0,587,-145.039,60.406
Alaska,AK,AK:60:0,588,-145.042,60.357
Alaska,AK,AK:60:0,589,-145.114,60.301
Alaska,AK,AK:60:0,590,-145.255,60.311
Alaska,AK,AK:60:0,591,-145.505,60.394
Alaska,AK,AK:60:0,592,-145.594,60.452
Alaska,AK,AK:60:0,593,-145.736,60.475
Alaska,AK,AK:60:0,594,-145.853,60.446
Alaska,AK,AK:60:0,595,-145.914,60.492
Alaska,AK,AK:60:0,596,-145.802,60.52
Alaska,AK,AK:60:0,597,-145.829,60.55
Alaska,AK,AK:60:0,598,-146.11,60.47
Alaska,AK,AK:60:0,599,-146.217,60.45
Alaska,AK,AK:60:0,600,-146.351,60.454
Alaska,AK,AK:60:0,601,-146.35,60.408
Alaska,AK,AK:60:0,602,-146.134,60.432
Alaska,AK,AK:60:0,603,-146.148,60.367
Alaska,AK,AK:60:0,604,-146.247,60.335
Alaska,AK,AK:60:0,605,-146.393,60.327
Alaska,AK,AK:60:0,606,-146.608,60.241
Alaska,AK,AK:60:0,607,-146.694,60.285
Alaska,AK,AK:60:0,608,-146.572,60.322
Alaska,AK,AK:60:0,609,-146.718,60.35
Alaska,AK,AK:60:0,610,-146.721,60.396
Alaska,AK,AK:60:0,611,-146.638,60.467
Alaska,AK,AK:60:0,612,-146.529,60.492
Alaska,AK,AK:60:0,613,-146.455,60.465
Alaska,AK,AK:60:0,614,-146.29,60.516
Alaska,AK,AK:60:0,615,-146.156,60.526
Alaska,AK,AK:60:0,616,-145.952,60.577
Alaska,AK,AK:60:0,617,-145.801,60.594
Alaska,AK,AK:60:0,618,-146.017,60.667
Alaska,AK,AK:60:0,619,-146.148,60.631
Alaska,AK,AK:60:0,620,-146.271,60.648
Alaska,AK,AK:60:0,621,-146.168,60.725
Alaska,AK,AK:60:0,622,-146.5,60.68
Alaska,AK,AK:60:0,623,-146.668,60.693
Alaska,AK,AK:60:0,624,-146.704,60.742
Alaska,AK,AK:60:0,625,-146.359,60.786
Alaska,AK,AK:60:0,626,-146.184,60.847
Alaska,AK,AK:60:0,627,-146.263,60.868
Alaska,AK,AK:60:0,628,-146.334,60.822
Alaska,AK,AK:60:0,629,-146.556,60.81
Alaska,AK,AK:60:0,630,-146.621,60.869
Alaska,AK,AK:60:0,631,-146.725,60.812
Alaska,AK,AK:60:0,632,-146.801,60.805
Alaska,AK,AK:60:0,633,-146.817,60.856
Alaska,AK,AK:60:0,634,-146.757,60.878
Alaska,AK,AK:60:0,635,-146.746,60.958
Alaska,AK,AK:60:0,636,-146.608,61.085
Alaska,AK,AK:60:0,637,-146.262,61.09
Alaska,AK,AK:60:0,638,-146.288,61.123
Alaska,AK,AK:60:0,639,-146.614,61.119
Alaska,AK,AK:60:0,640,-146.691,61.064
Alaska,AK,AK:60:0,641,-146.784,61.043
Alaska,AK,AK:60:0,642,-146.862,60.976
Alaska,AK,AK:60:0,643,-146.973,60.935
Alaska,AK,AK:60:0,644,-147.019,61.073
Alaska,AK,AK:60:0,645,-147.137,60.981
Alaska,AK,AK:60:0,646,-147.378,60.878
Alaska,AK,AK:60:0,647,-147.55,60.908
Alaska,AK,AK:60:0,648,-147.588,60.874
Alaska,AK,AK:60:0,649,-147.761,60.913
Alaska,AK,AK:60:0,650,-147.788,60.874
Alaska,AK,AK:60:0,651,-147.73,60.818
Alaska,AK,AK:60:0,652,-147.914,60.825
Alaska,AK,AK:60:0,653,-148.034,60.783
Alaska,AK,AK:60:0,654,-148.145,60.797
Alaska,AK,AK:60:0,655,-148.149,60.829
Alaska,AK,AK:60:0,656,-148.066,60.938
Alaska,AK,AK:60:0,657,-147.951,61.029
Alaska,AK,AK:60:0,658,-147.95,61.075
Alaska,AK,AK:60:0,659,-147.772,61.18
Alaska,AK,AK:60:0,660,-147.739,61.266
Alaska,AK,AK:60:0,661,-147.999,61.084
Alaska,AK,AK:60:0,662,-148.09,61.005
Alaska,AK,AK:60:0,663,-148.178,61.0
Alaska,AK,AK:60:0,664,-148.282,60.918
Alaska,AK,AK:60:0,665,-148.295,60.863
Alaska,AK,AK:60:0,666,-148.351,60.804
Alaska,AK,AK:60:0,667,-148.384,60.688
Alaska,AK,AK:60:0,668,-148.281,60.753
Alaska,AK,AK:60:0,669,-148.148,60.759
Alaska,AK,AK:60:0,670,-148.107,60.74
Alaska,AK,AK:60:0,671,-148.094,60.662
Alaska,AK,AK:60:0,672,-148.143,60.623
Alaska,AK,AK:60:0,673,-148.255,60.595
Alaska,AK,AK:60:0,674,-148.334,60.53
Alaska,AK,AK:60:0,675,-148.256,60.493
Alaska,AK,AK:60:0,676,-148.192,60.557
Alaska,AK,AK:60:0,677,-148.087,60.596
Alaska,AK,AK:60:0,678,-147.979,60.519
Alaska,AK,AK:60:0,679,-147.942,60.444
Alaska,AK,AK:60:0,680,-148.026,60.279
Alaska,AK,AK:60:0,681,-148.116,60.28
Alaska,AK,AK:60:0,682,-148.128,60.237
Alaska,AK,AK:60:0,683,-147.91,60.131
Alaska,AK,AK:60:0,684,-147.816,60.058
Alaska,AK,AK:60:0,685,-147.87,59.991
Alaska,AK,AK:60:0,686,-148.039,59.939
Alaska,AK,AK:60:0,687,-148.221,59.976
Alaska,AK,AK:60:0,688,-148.314,60.034
Alaska,AK,AK:60:0,689,-148.445,59.943
Alaska,AK,AK:60:0,690,-148.545,59.995
Alaska,AK,AK:60:0,691,-148.569,59.945
Alaska,AK,AK:60:0,692,-148.635,59.916
Alaska,AK,AK:60:0,693,-148.758,59.959
Alaska,AK,AK:60:0,694,-148.86,59.924
Alaska,AK,AK:60:0,695,-148.915,59.969
Alaska,AK,AK:60:0,696,-149.012,59.951
Alaska,AK,AK:60:0,697,-149.122,59.98
Alaska,AK,AK:60:0,698,-149.166,60.022
Alaska,AK,AK:60:0,699,-149.271,59.872
Alaska,AK,AK:60:0,700,-149.412,59.851
Alaska,AK,AK:60:0,701,-149.315,59.971
Alaska,AK,AK:60:0,702,-149.366,60.119
Alaska,AK,AK:60:0,703,-149.443,60.098
Alaska,AK,AK:60:0,704,-149.427,59.981
Alaska,AK,AK:60:0,705,-149.464,59.919
Alaska,AK,AK:60:0,706,-149.555,59.911
Alaska,AK,AK:60:0,707,-149.596,59.798
Alaska,AK,AK:60:0,708,-149.507,59.771
Alaska,AK,AK:60:0,709,-149.528,59.707
Alaska,AK,AK:60:0,710,-149.626,59.734
Alaska,AK,AK:60:0,711,-149.669,59.843
Alaska,AK,AK:60:0,712,-149.746,59.861
Alaska,AK,AK:60:0,713,-149.728,59.693
Alaska,AK,AK:60:0,714,-149.843,59.701
Alaska,AK,AK:60:0,715,-149.934,59.669
Alaska,AK,AK:60:0,716,-150.18,59.534
Alaska,AK,AK:60:0,717,-150.354,59.416
Alaska,AK,AK:60:0,718,-150.44,59.404
Alaska,AK,AK:60:0,719,-150.317,59.585
Alaska,AK,AK:60:0,720,-150.412,59.555
Alaska,AK,AK:60:0,721,-150.479,59.458
Alaska,AK,AK:60:0,722,-150.516,59.462
Alaska,AK,AK:60:0,723,-150.576,59.579
Alaska,AK,AK:60:0,724,-150.632,59.522
Alaska,AK,AK:60:0,725,-150.581,59.445
Alaska,AK,AK:60:0,726,-150.65,59.421
Alaska,AK,AK:60:0,727,-150.74,59.425
Alaska,AK,AK:60:0,728,-150.77,59.373
Alaska,AK,AK:60:0,729,-150.912,59.312
Alaska,AK,AK:60:0,730,-150.888,59.268
Alaska,AK,AK:60:0,731,-150.942,59.233
Alaska,AK,AK:60:0,732,-151.106,59.263
Alaska,AK,AK:60:0,733,-151.108,59.218
Alaska,AK,AK:60:0,734,-151.224,59.224
Alaska,AK,AK:60:0,735,-151.306,59.21
Alaska,AK,AK:60:0,736,-151.438,59.254
Alaska,AK,AK:60:0,737,-151.575,59.195
Alaska,AK,AK:60:0,738,-151.591,59.162
Alaska,AK,AK:60:0,739,-151.748,59.159
Alaska,AK,AK:60:0,740,-151.761,59.221
Alaska,AK,AK:60:0,741,-151.838,59.209
Alaska,AK,AK:60:0,742,-151.979,59.254
Alaska,AK,AK:60:0,743,-151.992,59.314
Alaska,AK,AK:60:0,744,-151.903,59.36
Alaska,AK,AK:60:0,745,-151.887,59.421
Alaska,AK,AK:60:0,746,-151.634,59.482
Alaska,AK,AK:60:0,747,-151.549,59.471
Alaska,AK,AK:60:0,748,-151.516,59.524
Alaska,AK,AK:60:0,749,-151.399,59.541
Alaska,AK,AK:60:0,750,-151.277,59.594
Alaska,AK,AK:60:0,751,-151.164,59.587
Alaska,AK,AK:60:0,752,-151.203,59.646
Alaska,AK,AK:60:0,753,-150.983,59.784
Alaska,AK,AK:60:0,754,-151.114,59.777
Alaska,AK,AK:60:0,755,-151.33,59.684
Alaska,AK,AK:60:0,756,-151.437,59.666
Alaska,AK,AK:60:0,757,-151.504,59.634
Alaska,AK,AK:60:0,758,-151.643,59.647
Alaska,AK,AK:60:0,759,-151.829,59.72
Alaska,AK,AK:60:0,760,-151.868,59.778
Alaska,AK,AK:60:0,761,-151.758,59.918
Alaska,AK,AK:60:0,762,-151.703,60.032
Alaska,AK,AK:60:0,763,-151.422,60.213
Alaska,AK,AK:60:0,764,-151.388,60.267
Alaska,AK,AK:60:0,765,-151.382,60.359
Alaska,AK,AK:60:0,766,-151.3,60.385
Alaska,AK,AK:60:0,767,-151.264,60.543
Alaska,AK,AK:60:0,768,-151.324,60.574
Alaska,AK,AK:60:0,769,-151.409,60.721
Alaska,AK,AK:60:0,770,-151.212,60.78
Alaska,AK,AK:60:0,771,-151.063,60.787
Alaska,AK,AK:60:0,772,-150.706,60.938
Alaska,AK,AK:60:0,773,-150.377,61.039
Alaska,AK,AK:60:0,774,-150.194,60.901
Alaska,AK,AK:60:0,775,-150.046,60.887
Alaska,AK,AK:60:0,776,-149.999,60.864
Alaska,AK,AK:60:0,777,-149.875,60.96
Alaska,AK,AK:60:0,778,-149.77,60.968
Alaska,AK,AK:60:0,779,-149.639,60.929
Alaska,AK,AK:60:0,780,-149.571,60.937
Alaska,AK,AK:60:0,781,-149.346,60.896
Alaska,AK,AK:60:0,782,-149.112,60.879
Alaska,AK,AK:60:0,783,-149.087,60.909
Alaska,AK,AK:60:0,784,-149.193,60.94
Alaska,AK,AK:60:0,785,-149.327,60.928
Alaska,AK,AK:60:0,786,-149.51,60.982
Alaska,AK,AK:60:0,787,-149.596,60.981
Alaska,AK,AK:60:0,788,-149.74,61.017
Alaska,AK,AK:60:0,789,-149.832,61.076
Alaska,AK,AK:60:0,790,-149.969,61.133
Alaska,AK,AK:60:0,791,-150.075,61.156
Alaska,AK,AK:60:0,792,-150.01,61.204
Alaska,AK,AK:60:0,793,-149.924,61.211
Alaska,AK,AK:60:0,794,-149.811,61.318
Alaska,AK,AK:60:0,795,-149.73,61.333
Alaska,AK,AK:60:0,796,-149.702,61.385
Alaska,AK,AK:60:0,797,-149.537,61.408
Alaska,AK,AK:60:0,798,-149.43,61.447
Alaska,AK,AK:60:0,799,-149.543,61.49
Alaska,AK,AK:60:0,800,-149.615,61.493
Alaska,AK,AK:60:0,801,-149.877,61.384
Alaska,AK,AK:60:0,802,-149.918,61.323
Alaska,AK,AK:60:0,803,-149.92,61.263
Alaska,AK,AK:60:0,804,-149.986,61.238
Alaska,AK,AK:60:0,805,-150.205,61.26
Alaska,AK,AK:60:0,806,-150.469,61.245
Alaska,AK,AK:60:0,807,-150.646,61.297
Alaska,AK,AK:60:0,808,-150.711,61.251
Alaska,AK,AK:60:0,809,-151.025,61.178
Alaska,AK,AK:60:0,810,-151.167,61.046
Alaska,AK,AK:60:0,811,-151.294,61.036
Alaska,AK,AK:60:0,812,-151.362,61.009
Alaska,AK,AK:60:0,813,-151.48,61.011
Alaska,AK,AK:60:0,814,-151.621,60.957
Alaska,AK,AK:60:0,815,-151.8,60.854
Alaska,AK,AK:60:0,816,-151.704,60.732
Alaska,AK,AK:60:0,817,-151.849,60.734
Alaska,AK,AK:60:0,818,-152.022,60.673
Alaska,AK,AK:60:0,819,-152.1,60.594
Alaska,AK,AK:60:0,820,-152.195,60.57
Alaska,AK,AK:60:0,821,-152.309,60.506
Alaska,AK,AK:60:0,822,-152.33,60.443
Alaska,AK,AK:60:0,823,-152.234,60.394
Alaska,AK,AK:60:0,824,-152.366,60.353
Alaska,AK,AK:60:0,825,-152.392,60.302
Alaska,AK,AK:60:0,826,-152.557,60.224
Alaska,AK,AK:60:0,827,-152.66,60.242
Alaska,AK,AK:60:0,828,-152.747,60.233
Alaska,AK,AK:60:0,829,-152.734,60.175
Alaska,AK,AK:60:0,830,-152.569,60.072
Alaska,AK,AK:60:0,831,-152.612,60.009
Alaska,AK,AK:60:0,832,-152.679,59.968
Alaska,AK,AK:60:0,833,-152.706,59.915
Alaska,AK,AK:60:0,834,-152.81,59.878
Alaska,AK,AK:60:0,835,-153.003,59.887
Alaska,AK,AK:60:0,836,-153.145,59.86
Alaska,AK,AK:60:0,837,-153.213,59.863
Alaska,AK,AK:60:0,838,-153.286,59.821
Alaska,AK,AK:60:0,839,-153.022,59.834
Alaska,AK,AK:60:0,840,-152.994,59.791
Alaska,AK,AK:60:0,841,-153.052,59.692
Alaska,AK,AK:60:0,842,-153.214,59.634
Alaska,AK,AK:60:0,843,-153.343,59.621
Alaska,AK,AK:60:0,844,-153.476,59.643
Alaska,AK,AK:60:0,845,-153.558,59.606
Alaska,AK,AK:60:0,846,-153.585,59.551
Alaska,AK,AK:60:0,847,-153.761,59.543
Alaska,AK,AK:60:0,848,-153.699,59.464
Alaska,AK,AK:60:0,849,-153.728,59.435
Alaska,AK,AK:60:0,850,-153.897,59.418
Alaska,AK,AK:60:0,851,-154.045,59.388
Alaska,AK,AK:60:0,852,-154.103,59.343
Alaska,AK,AK:60:0,853,-154.137,59.263
Alaska,AK,AK:60:0,854,-154.131,59.211
Alaska,AK,AK:60:0,855,-154.215,59.152
Alaska,AK,AK:60:0,856,-154.167,59.101
Alaska,AK,AK:60:0,857,-154.195,59.069
Alaska,AK,AK:60:0,858,-154.158,59.018
Alaska,AK,AK:60:0,859,-154.063,59.072
Alaska,AK,AK:60:0,860,-153.85,59.053
Alaska,AK,AK:60:0,861,-153.696,59.074
Alaska,AK,AK:60:0,862,-153.616,59.007
Alaska,AK,AK:60:0,863,-153.48,58.995
Alaska,AK,AK:60:0,864,-153.398,58.966
Alaska,AK,AK:60:0,865,-153.295,58.865
Alaska,AK,AK:60:0,866,-153.345,58.847
Alaska,AK,AK:60:0,867,-153.402,58.743
Alaska,AK,AK:60:0,868,-153.553,58.687
Alaska,AK,AK:60:0,869,-153.592,58.64
Alaska,AK,AK:60:0,870,-153.678,58.612
Alaska,AK,AK:60:0,871,-153.897,58.606
Alaska,AK,AK:60:0,872,-153.935,58.494
Alaska,AK,AK:60:0,873,-154.057,58.489
Alaska,AK,AK:60:0,874,-154.071,58.44
Alaska,AK,AK:60:0,875,-153.999,58.376
Alaska,AK,AK:60:0,876,-154.177,58.321
Alaska,AK,AK:60:0,877,-154.103,58.28
Alaska,AK,AK:60:0,878,-154.145,58.211
Alaska,AK,AK:60:0,879,-154.22,58.185
Alaska,AK,AK:60:0,880,-154.34,58.091
Alaska,AK,AK:60:0,881,-154.437,58.148
Alaska,AK,AK:60:0,882,-154.463,58.058
Alaska,AK,AK:60:0,883,-154.539,58.056
Alaska,AK,AK:60:0,884,-154.582,58.019
Alaska,AK,AK:60:0,885,-154.716,58.055
Alaska,AK,AK:60:0,886,-154.765,58.004
Alaska,AK,AK:60:0,887,-154.892,58.028
Alaska,AK,AK:60:0,888,-154.99,58.013
Alaska,AK,AK:60:0,889,-155.119,57.954
Alaska,AK,AK:60:0,890,-155.062,57.904
Alaska,AK,AK:60:0,891,-155.097,57.865
Alaska,AK,AK:60:0,892,-155.238,57.827
Alaska,AK,AK:60:0,893,-155.326,57.831
Alaska,AK,AK:60:0,894,-155.306,57.724
Alaska,AK,AK:60:0,895,-155.379,57.711
Alaska,AK,AK:60:0,896,-155.568,57.79
Alaska,AK,AK:60:0,897,-155.617,57.77
Alaska,AK,AK:60:0,898,-155.63,57.656
Alaska,AK,AK:60:0,899,-155.724,57.633
Alaska,AK,AK:60:0,900,-155.733,57.55
Alaska,AK,AK:60:0,901,-155.968,57.544
Alaska,AK,AK:60:0,902,-156.044,57.564
Alaska,AK,AK:60:0,903,-156.022,57.44
Alaska,AK,AK:60:0,904,-156.137,57.472
Alaska,AK,AK:60:0,905,-156.339,57.418
Alaska,AK,AK:60:0,906,-156.482,57.339
Alaska,AK,AK:60:0,907,-156.507,57.281
Alaska,AK,AK:60:0,908,-156.336,57.336
Alaska,AK,AK:60:0,909,-156.343,57.248
Alaska,AK,AK:60:0,910,-156.399,57.215
Alaska,AK,AK:60:0,911,-156.334,57.182
Alaska,AK,AK:60:0,912,-156.435,57.127
Alaska,AK,AK:60:0,913,-156.442,57.085
Alaska,AK,AK:60:0,914,-156.536,57.048
Alaska,AK,AK:60:0,915,-156.555,56.984
Alaska,AK,AK:60:0,916,-156.671,56.996
Alaska,AK,AK:60:0,917,-156.781,56.972
Alaska,AK,AK:60:0,918,-156.797,56.912
Alaska,AK,AK:60:0,919,-156.885,56.953
Alaska,AK,AK:60:0,920,-157.006,56.904
Alaska,AK,AK:60:0,921,-157.073,56.838
Alaska,AK,AK:60:0,922,-157.159,56.833
Alaska,AK,AK:60:0,923,-157.14,56.791
Alaska,AK,AK:60:0,924,-157.202,56.768
Alaska,AK,AK:60:0,925,-157.379,56.862
Alaska,AK,AK:60:0,926,-157.472,56.833
Alaska,AK,AK:60:0,927,-157.413,56.769
Alaska,AK,AK:60:0,928,-157.517,56.761
Alaska,AK,AK:60:0,929,-157.564,56.703
Alaska,AK,AK:60:0,930,-157.481,56.671
Alaska,AK,AK:60:0,931,-157.466,56.623
Alaska,AK,AK:60:0,932,-157.675,56.61
Alaska,AK,AK:60:0,933,-157.737,56.676
Alaska,AK,AK:60:0,934,-157.919,56.643
Alaska,AK,AK:60:0,935,-157.983,56.599
Alaska,AK,AK:60:0,936,-157.838,56.561
Alaska,AK,AK:60:0,937,-157.818,56.514
Alaska,AK,AK:60:0,938,-157.872,56.474
Alaska,AK,AK:60:0,939,-158.112,56.521
Alaska,AK,AK:60:0,940,-158.127,56.461
Alaska,AK,AK:60:0,941,-158.329,56.484
Alaska,AK,AK:60:0,942,-158.403,56.455
Alaska,AK,AK:60:0,943,-158.499,56.38
Alaska,AK,AK:60:0,944,-158.49,56.342
Alaska,AK,AK:60:0,945,-158.323,56.325
Alaska,AK,AK:60:0,946,-158.207,56.294
Alaska,AK,AK:60:0,947,-158.217,56.269
Alaska,AK,AK:60:0,948,-158.335,56.233
Alaska,AK,AK:60:0,949,-158.265,56.21
Alaska,AK,AK:60:0,950,-158.374,56.135
Alaska,AK,AK:60:0,951,-158.424,56.069
Alaska,AK,AK:60:0,952,-158.408,56.015
Alaska,AK,AK:60:0,953,-158.598,56.049
Alaska,AK,AK:60:0,954,-158.653,55.959
Alaska,AK,AK:60:0,955,-158.737,55.953
Alaska,AK,AK:60:0,956,-158.747,56.01
Alaska,AK,AK:60:0,957,-158.854,56.003
Alaska,AK,AK:60:0,958,-158.909,55.935
Alaska,AK,AK:60:0,959,-159.272,55.891
Alaska,AK,AK:60:0,960,-159.375,55.872
Alaska,AK,AK:60:0,961,-159.412,55.789
Alaska,AK,AK:60:0,962,-159.494,55.766
Alaska,AK,AK:60:0,963,-159.552,55.705
Alaska,AK,AK:60:0,964,-159.53,55.665
Alaska,AK,AK:60:0,965,-159.618,55.596
Alaska,AK,AK:60:0,966,-159.734,55.57
Alaska,AK,AK:60:0,967,-159.679,55.656
Alaska,AK,AK:60:0,968,-159.673,55.751
Alaska,AK,AK:60:0,969,-159.644,55.83
Alaska,AK,AK:60:0,970,-159.811,55.857
Alaska,AK,AK:60:0,971,-159.847,55.803
Alaska,AK,AK:60:0,972,-160.01,55.797
Alaska,AK,AK:60:0,973,-160.058,55.722
Alaska,AK,AK:60:0,974,-160.186,55.659
Alaska,AK,AK:60:0,975,-160.28,55.641
Alaska,AK,AK:60:0,976,-160.411,55.665
Alaska,AK,AK:60:0,977,-160.393,55.603
Alaska,AK,AK:60:0,978,-160.436,55.574
Alaska,AK,AK:60:0,979,-160.463,55.507
Alaska,AK,AK:60:0,980,-160.537,55.475
Alaska,AK,AK:60:0,981,-160.58,55.564
Alaska,AK,AK:60:0,982,-160.667,55.544
Alaska,AK,AK:60:0,983,-160.667,55.46
Alaska,AK,AK:60:0,984,-160.781,55.452
Alaska,AK,AK:60:0,985,-160.837,55.473
Alaska,AK,AK:60:0,986,-160.865,55.527
Alaska,AK,AK:60:0,987,-160.944,55.508
Alaska,AK,AK:60:0,988,-161.014,55.431
Alaska,AK,AK:60:0,989,-161.232,55.357
Alaska,AK,AK:60:0,990,-161.365,55.384
Alaska,AK,AK:60:0,991,-161.508,55.363
Alaska,AK,AK:60:0,992,-161.469,55.497
Alaska,AK,AK:60:0,993,-161.356,55.606
Alaska,AK,AK:60:0,994,-161.416,55.632
Alaska,AK,AK:60:0,995,-161.587,55.62
Alaska,AK,AK:60:0,996,-161.699,55.519
Alaska,AK,AK:60:0,997,-161.686,55.408
Alaska,AK,AK:60:0,998,-161.876,55.25
Alaska,AK,AK:60:0,999,-161.903,55.205
Alaska,AK,AK:60:0,1000,-161.979,55.236
Alaska,AK,AK:60:0,1001,-162.046,55.226
Alaska,AK,AK:60:0,1002,-161.967,55.155
Alaska,AK,AK:60:0,1003,-161.961,55.107
Alaska,AK,AK:60:0,1004,-162.053,55.074
Alaska,AK,AK:60:0,1005,-162.177,55.154
Alaska,AK,AK:60:0,1006,-162.224,55.102
Alaska,AK,AK:60:0,1007,-162.189,55.06
Alaska,AK,AK:60:0,1008,-162.219,55.029
Alaska,AK,AK:60:0,1009,-162.3,55.043
Alaska,AK,AK:60:0,1010,-162.414,55.037
Alaska,AK,AK:60:0,1011,-162.471,55.052
Alaska,AK,AK:60:0,1012,-162.521,55.115
Alaska,AK,AK:60:0,1013,-162.461,55.126
Alaska,AK,AK:60:0,1014,-162.51,55.25
Alaska,AK,AK:60:0,1015,-162.585,55.298
Alaska,AK,AK:60:0,1016,-162.662,55.294
Alaska,AK,AK:60:0,1017,-162.718,55.22
Alaska,AK,AK:60:0,1018,-162.645,55.197
Alaska,AK,AK:60:0,1019,-162.58,55.137
Alaska,AK,AK:60:0,1020,-162.619,55.097
Alaska,AK,AK:60:0,1021,-162.569,55.016
Alaska,AK,AK:60:0,1022,-162.646,54.997
Alaska,AK,AK:60:0,1023,-162.771,54.933
Alaska,AK,AK:60:0,1024,-162.845,54.927
Alaska,AK,AK:60:0,1025,-162.914,54.95
Alaska,AK,AK:60:0,1026,-162.971,55.001
Alaska,AK,AK:60:0,1027,-163.002,55.08
Alaska,AK,AK:60:0,1028,-163.079,55.112
Alaska,AK,AK:60:0,1029,-163.188,55.091
Alaska,AK,AK:60:0,1030,-163.226,55.043
Alaska,AK,AK:60:0,1031,-163.05,54.969
Alaska,AK,AK:60:0,1032,-163.036,54.943
Alaska,AK,AK:60:0,1033,-163.214,54.847
Alaska,AK,AK:60:0,1034,-163.373,54.801
Alaska,AK,AK:60:0,1035,-163.313,54.753
Alaska,AK,AK:60:0,1036,-163.184,54.775
Alaska,AK,AK:60:0,1037,-163.108,54.733
Alaska,AK,AK:60:0,1038,-163.059,54.661
Alaska,AK,AK:60:0,1039,-163.223,54.677
Alaska,AK,AK:60:0,1040,-163.34,54.749
Alaska,AK,AK:60:0,1041,-163.428,54.715
Alaska,AK,AK:60:0,1042,-163.424,54.656
Alaska,AK,AK:60:0,1043,-163.489,54.655
Alaska,AK,AK:60:0,1044,-163.586,54.612
Alaska,AK,AK:60:0,1045,-163.747,54.635
Alaska,AK,AK:60:0,1046,-163.966,54.632
Alaska,AK,AK:60:0,1047,-164.085,54.62
Alaska,AK,AK:60:0,1048,-164.232,54.585
Alaska,AK,AK:60:0,1049,-164.331,54.53
Alaska,AK,AK:60:0,1050,-164.353,54.465
Alaska,AK,AK:60:0,1051,-164.457,54.42
Alaska,AK,AK:60:0,1052,-164.64,54.391
Alaska,AK,AK:60:0,1053,-164.744,54.394
Alaska,AK,AK:60:0,1054,-164.845,54.418
Alaska,AK,AK:60:0,1055,-164.95,54.576
Alaska,AK,AK:60:0,1056,-164.919,54.605
Alaska,AK,AK:60:0,1057,-164.709,54.662
Alaska,AK,AK:60:0,1058,-164.562,54.851
Alaska,AK,AK:60:0,1059,-164.55,54.889
Alaska,AK,AK:60:0,1060,-164.427,54.933
Alaska,AK,AK:60:0,1061,-164.344,54.894
Alaska,AK,AK:60:0,1062,-164.207,54.928
Alaska,AK,AK:60:0,1063,-164.164,54.954
Alaska,AK,AK:60:0,1064,-164.031,54.97
Alaska,AK,AK:60:0,1065,-163.895,55.039
Alaska,AK,AK:60:0,1066,-163.774,55.056
Alaska,AK,AK:60:0,1067,-163.533,55.049
Alaska,AK,AK:60:0,1068,-163.53,55.017
Alaska,AK,AK:60:0,1069,-163.443,54.97
Alaska,AK,AK:60:0,1070,-163.398,54.902
Alaska,AK,AK:60:0,1071,-163.287,54.967
Alaska,AK,AK:60:0,1072,-163.281,55.033
Alaska,AK,AK:60:0,1073,-163.315,55.126
Alaska,AK,AK:60:0,1074,-163.105,55.184
Alaska,AK,AK:60:0,1075,-162.957,55.171
Alaska,AK,AK:60:0,1076,-162.882,55.183
Alaska,AK,AK:60:0,1077,-162.84,55.224
Alaska,AK,AK:60:0,1078,-162.888,55.27
Alaska,AK,AK:60:0,1079,-162.798,55.311
Alaska,AK,AK:60:0,1080,-162.732,55.308
Alaska,AK,AK:60:0,1081,-162.66,55.365
Alaska,AK,AK:60:0,1082,-162.575,55.348
Alaska,AK,AK:60:0,1083,-162.501,55.39
Alaska,AK,AK:60:0,1084,-162.519,55.461
Alaska,AK,AK:60:0,1085,-162.493,55.512
Alaska,AK,AK:60:0,1086,-162.265,55.689
Alaska,AK,AK:60:0,1087,-162.147,55.733
Alaska,AK,AK:60:0,1088,-162.063,55.786
Alaska,AK,AK:60:0,1089,-161.899,55.833
Alaska,AK,AK:60:0,1090,-161.816,55.889
Alaska,AK,AK:60:0,1091,-161.586,55.937
Alaska,AK,AK:60:0,1092,-161.45,55.954
Alaska,AK,AK:60:0,1093,-161.133,56.015
Alaska,AK,AK:60:0,1094,-160.826,56.027
Alaska,AK,AK:60:0,1095,-160.863,55.995
Alaska,AK,AK:60:0,1096,-160.818,55.953
Alaska,AK,AK:60:0,1097,-160.828,55.911
Alaska,AK,AK:60:0,1098,-160.93,55.896
Alaska,AK,AK:60:0,1099,-160.931,55.814
Alaska,AK,AK:60:0,1100,-160.806,55.738
Alaska,AK,AK:60:0,1101,-160.758,55.786
Alaska,AK,AK:60:0,1102,-160.769,55.884
Alaska,AK,AK:60:0,1103,-160.639,55.858
Alaska,AK,AK:60:0,1104,-160.495,55.864
Alaska,AK,AK:60:0,1105,-160.469,55.791
Alaska,AK,AK:60:0,1106,-160.386,55.796
Alaska,AK,AK:60:0,1107,-160.242,55.85
Alaska,AK,AK:60:0,1108,-160.326,55.868
Alaska,AK,AK:60:0,1109,-160.536,55.94
Alaska,AK,AK:60:0,1110,-160.59,55.983
Alaska,AK,AK:60:0,1111,-160.489,56.077
Alaska,AK,AK:60:0,1112,-160.357,56.28
Alaska,AK,AK:60:0,1113,-160.223,56.347
Alaska,AK,AK:60:0,1114,-160.146,56.4
Alaska,AK,AK:60:0,1115,-160.083,56.411
Alaska,AK,AK:60:0,1116,-159.938,56.474
Alaska,AK,AK:60:0,1117,-159.828,56.544
Alaska,AK,AK:60:0,1118,-159.535,56.627
Alaska,AK,AK:60:0,1119,-159.389,56.69
Alaska,AK,AK:60:0,1120,-159.263,56.723
Alaska,AK,AK:60:0,1121,-159.018,56.815
Alaska,AK,AK:60:0,1122,-158.957,56.851
Alaska,AK,AK:60:0,1123,-158.853,56.793
Alaska,AK,AK:60:0,1124,-158.784,56.781
Alaska,AK,AK:60:0,1125,-158.674,56.797
Alaska,AK,AK:60:0,1126,-158.647,56.847
Alaska,AK,AK:60:0,1127,-158.694,56.888
Alaska,AK,AK:60:0,1128,-158.679,56.989
Alaska,AK,AK:60:0,1129,-158.54,57.125
Alaska,AK,AK:60:0,1130,-158.393,57.237
Alaska,AK,AK:60:0,1131,-158.23,57.322
Alaska,AK,AK:60:0,1132,-158.084,57.357
Alaska,AK,AK:60:0,1133,-157.932,57.476
Alaska,AK,AK:60:0,1134,-157.786,57.542
Alaska,AK,AK:60:0,1135,-157.704,57.563
Alaska,AK,AK:60:0,1136,-157.649,57.5
Alaska,AK,AK:60:0,1137,-157.573,57.515
Alaska,AK,AK:60:0,1138,-157.607,57.613
Alaska,AK,AK:60:0,1139,-157.691,57.611
Alaska,AK,AK:60:0,1140,-157.704,57.722
Alaska,AK,AK:60:0,1141,-157.642,57.869
Alaska,AK,AK:60:0,1142,-157.584,58.124
Alaska,AK,AK:60:0,1143,-157.533,58.16
Alaska,AK,AK:60:0,1144,-157.397,58.173
Alaska,AK,AK:60:0,1145,-157.547,58.278
Alaska,AK,AK:60:0,1146,-157.536,58.392
Alaska,AK,AK:60:0,1147,-157.452,58.506
Alaska,AK,AK:60:0,1148,-157.358,58.534
Alaska,AK,AK:60:0,1149,-157.281,58.6
Alaska,AK,AK:60:0,1150,-157.078,58.708
Alaska,AK,AK:60:0,1151,-157.049,58.78
Alaska,AK,AK:60:0,1152,-156.994,58.837
Alaska,AK,AK:60:0,1153,-157.041,58.913
Alaska,AK,AK:60:0,1154,-157.117,58.868
Alaska,AK,AK:60:0,1155,-157.275,58.836
Alaska,AK,AK:60:0,1156,-157.551,58.755
Alaska,AK,AK:60:0,1157,-157.696,58.73
Alaska,AK,AK:60:0,1158,-157.855,58.678
Alaska,AK,AK:60:0,1159,-158.14,58.615
Alaska,AK,AK:60:0,1160,-158.232,58.62
Alaska,AK,AK:60:0,1161,-158.332,58.665
Alaska,AK,AK:60:0,1162,-158.351,58.728
Alaska,AK,AK:60:0,1163,-158.424,58.77
Alaska,AK,AK:60:0,1164,-158.565,58.803
Alaska,AK,AK:60:0,1165,-158.52,58.857
Alaska,AK,AK:60:0,1166,-158.487,59.0
Alaska,AK,AK:60:0,1167,-158.53,58.998
Alaska,AK,AK:60:0,1168,-158.62,58.911
Alaska,AK,AK:60:0,1169,-158.768,58.864
Alaska,AK,AK:60:0,1170,-158.771,58.765
Alaska,AK,AK:60:0,1171,-158.861,58.696
Alaska,AK,AK:60:0,1172,-158.828,58.626
Alaska,AK,AK:60:0,1173,-158.704,58.483
Alaska,AK,AK:60:0,1174,-158.795,58.408
Alaska,AK,AK:60:0,1175,-158.896,58.39
Alaska,AK,AK:60:0,1176,-159.063,58.423
Alaska,AK,AK:60:0,1177,-159.242,58.619
Alaska,AK,AK:60:0,1178,-159.391,58.762
Alaska,AK,AK:60:0,1179,-159.502,58.824
Alaska,AK,AK:60:0,1180,-159.644,58.845
Alaska,AK,AK:60:0,1181,-159.587,58.9
Alaska,AK,AK:60:0,1182,-159.616,58.932
Alaska,AK,AK:60:0,1183,-159.733,58.931
Alaska,AK,AK:60:0,1184,-159.754,58.856
Alaska,AK,AK:60:0,1185,-159.806,58.806
Alaska,AK,AK:60:0,1186,-159.908,58.78
Alaska,AK,AK:60:0,1187,-160.054,58.887
Alaska,AK,AK:60:0,1188,-160.151,58.866
Alaska,AK,AK:60:0,1189,-160.286,58.945
Alaska,AK,AK:60:0,1190,-160.257,58.994
Alaska,AK,AK:60:0,1191,-160.318,59.07
Alaska,AK,AK:60:0,1192,-160.477,59.026
Alaska,AK,AK:60:0,1193,-160.753,58.91
Alaska,AK,AK:60:0,1194,-160.823,58.829
Alaska,AK,AK:60:0,1195,-160.872,58.878
Alaska,AK,AK:60:0,1196,-161.001,58.85
Alaska,AK,AK:60:0,1197,-161.338,58.743
Alaska,AK,AK:60:0,1198,-161.372,58.666
Alaska,AK,AK:60:0,1199,-161.626,58.603
Alaska,AK,AK:60:0,1200,-161.683,58.565
Alaska,AK,AK:60:0,1201,-161.871,58.637
Alaska,AK,AK:60:0,1202,-162.066,58.621
Alaska,AK,AK:60:0,1203,-162.172,58.648
Alaska,AK,AK:60:0,1204,-161.995,58.689
Alaska,AK,AK:60:0,1205,-161.939,58.656
Alaska,AK,AK:60:0,1206,-161.77,58.775
Alaska,AK,AK:60:0,1207,-161.757,58.826
Alaska,AK,AK:60:0,1208,-161.787,58.9
Alaska,AK,AK:60:0,1209,-161.784,58.969
Alaska,AK,AK:60:0,1210,-161.879,59.068
Alaska,AK,AK:60:0,1211,-161.982,59.151
Alaska,AK,AK:60:0,1212,-162.056,59.271
Alaska,AK,AK:60:0,1213,-161.951,59.381
Alaska,AK,AK:60:0,1214,-161.877,59.4
Alaska,AK,AK:60:0,1215,-161.79,59.468
Alaska,AK,AK:60:0,1216,-161.703,59.491
Alaska,AK,AK:60:0,1217,-161.758,59.557
Alaska,AK,AK:60:0,1218,-161.874,59.649
Alaska,AK,AK:60:0,1219,-161.911,59.742
Alaska,AK,AK:60:0,1220,-162.092,59.881
Alaska,AK,AK:60:0,1221,-162.121,59.965
Alaska,AK,AK:60:0,1222,-162.172,59.984
Alaska,AK,AK:60:0,1223,-162.228,60.056
Alaska,AK,AK:60:0,1224,-162.372,60.167
Alaska,AK,AK:60:0,1225,-162.491,60.143
Alaska,AK,AK:60:0,1226,-162.477,60.048
Alaska,AK,AK:60:0,1227,-162.504,59.999
Alaska,AK,AK:60:0,1228,-162.644,59.973
Alaska,AK,AK:60:0,1229,-162.707,59.99
Alaska,AK,AK:60:0,1230,-162.809,59.934
Alaska,AK,AK:60:0,1231,-162.904,59.919
Alaska,AK,AK:60:0,1232,-163.086,59.861
Alaska,AK,AK:60:0,1233,-163.349,59.82
Alaska,AK,AK:60:0,1234,-163.559,59.801
Alaska,AK,AK:60:0,1235,-163.772,59.796
Alaska,AK,AK:60:0,1236,-163.931,59.804
Alaska,AK,AK:60:0,1237,-164.115,59.837
Alaska,AK,AK:60:0,1238,-164.16,59.865
Alaska,AK,AK:60:0,1239,-164.208,59.949
Alaska,AK,AK:60:0,1240,-164.125,59.965
Alaska,AK,AK:60:0,1241,-164.192,60.024
Alaska,AK,AK:60:0,1242,-164.385,60.077
Alaska,AK,AK:60:0,1243,-164.518,60.199
Alaska,AK,AK:60:0,1244,-164.634,60.243
Alaska,AK,AK:60:0,1245,-164.699,60.296
Alaska,AK,AK:60:0,1246,-164.85,60.304
Alaska,AK,AK:60:0,1247,-164.963,60.34
Alaska,AK,AK:60:0,1248,-165.129,60.434
Alaska,AK,AK:60:0,1249,-164.961,60.508
Alaska,AK,AK:60:0,1250,-165.057,60.545
Alaska,AK,AK:60:0,1251,-165.19,60.498
Alaska,AK,AK:60:0,1252,-165.363,60.507
Alaska,AK,AK:60:0,1253,-165.42,60.551
Alaska,AK,AK:60:0,1254,-165.381,60.578
Alaska,AK,AK:60:0,1255,-165.269,60.579
Alaska,AK,AK:60:0,1256,-165.063,60.689
Alaska,AK,AK:60:0,1257,-164.971,60.711
Alaska,AK,AK:60:0,1258,-165.032,60.76
Alaska,AK,AK:60:0,1259,-165.032,60.904
Alaska,AK,AK:60:0,1260,-165.172,60.94
Alaska,AK,AK:60:0,1261,-165.19,60.983
Alaska,AK,AK:60:0,1262,-165.116,61.016
Alaska,AK,AK:60:0,1263,-164.951,61.031
Alaska,AK,AK:60:0,1264,-165.12,61.079
Alaska,AK,AK:60:0,1265,-165.173,61.147
Alaska,AK,AK:60:0,1266,-165.326,61.169
Alaska,AK,AK:60:0,1267,-165.368,61.084
Alaska,AK,AK:60:0,1268,-165.555,61.093
Alaska,AK,AK:60:0,1269,-165.627,61.167
Alaska,AK,AK:60:0,1270,-165.623,61.278
Alaska,AK,AK:60:0,1271,-165.88,61.335
Alaska,AK,AK:60:0,1272,-165.919,61.419
Alaska,AK,AK:60:0,1273,-165.767,61.457
Alaska,AK,AK:60:0,1274,-165.754,61.499
Alaska,AK,AK:60:0,1275,-165.912,61.556
Alaska,AK,AK:60:0,1276,-166.15,61.513
Alaska,AK,AK:60:0,1277,-166.183,61.588
Alaska,AK,AK:60:0,1278,-166.139,61.632
Alaska,AK,AK:60:0,1279,-165.81,61.673
Alaska,AK,AK:60:0,1280,-166.007,61.73
Alaska,AK,AK:60:0,1281,-166.092,61.801
Alaska,AK,AK:60:0,1282,-165.955,61.832
Alaska,AK,AK:60:0,1283,-165.758,61.825
Alaska,AK,AK:60:0,1284,-165.64,61.847
Alaska,AK,AK:60:0,1285,-165.744,61.963
Alaska,AK,AK:60:0,1286,-165.748,62.074
Alaska,AK,AK:60:0,1287,-165.672,62.14
Alaska,AK,AK:60:0,1288,-165.312,62.379
Alaska,AK,AK:60:0,1289,-165.269,62.427
Alaska,AK,AK:60:0,1290,-165.096,62.522
Alaska,AK,AK:60:0,1291,-165.076,62.582
Alaska,AK,AK:60:0,1292,-165.013,62.64
Alaska,AK,AK:60:0,1293,-164.838,62.685
Alaska,AK,AK:60:0,1294,-164.877,62.784
Alaska,AK,AK:60:0,1295,-164.784,62.946
Alaska,AK,AK:60:0,1296,-164.717,63.006
Alaska,AK,AK:60:0,1297,-164.584,63.058
Alaska,AK,AK:60:0,1298,-164.634,63.098
Alaska,AK,AK:60:0,1299,-164.423,63.212
Alaska,AK,AK:60:0,1300,-164.14,63.259
Alaska,AK,AK:60:0,1301,-164.037,63.261
Alaska,AK,AK:60:0,1302,-163.885,63.222
Alaska,AK,AK:60:0,1303,-163.733,63.213
Alaska,AK,AK:60:0,1304,-163.616,63.141
Alaska,AK,AK:60:0,1305,-163.507,63.114
Alaska,AK,AK:60:0,1306,-163.316,63.038
Alaska,AK,AK:60:0,1307,-163.04,63.062
Alaska,AK,AK:60:0,1308,-162.845,63.154
Alaska,AK,AK:60:0,1309,-162.821,63.206
Alaska,AK,AK:60:0,1310,-162.663,63.23
Alaska,AK,AK:60:0,1311,-162.437,63.378
Alaska,AK,AK:60:0,1312,-162.422,63.409
Alaska,AK,AK:60:0,1313,-162.271,63.488
Alaska,AK,AK:60:0,1314,-162.252,63.542
Alaska,AK,AK:60:0,1315,-162.042,63.49
Alaska,AK,AK:60:0,1316,-162.026,63.448
Alaska,AK,AK:60:0,1317,-161.84,63.447
Alaska,AK,AK:60:0,1318,-161.677,63.465
Alaska,AK,AK:60:0,1319,-161.584,63.448
Alaska,AK,AK:60:0,1320,-161.31,63.471
Alaska,AK,AK:60:0,1321,-161.137,63.505
Alaska,AK,AK:60:0,1322,-161.103,63.548
Alaska,AK,AK:60:0,1323,-160.904,63.658
Alaska,AK,AK:60:0,1324,-160.766,63.774
Alaska,AK,AK:60:0,1325,-160.766,63.835
Alaska,AK,AK:60:0,1326,-160.892,63.986
Alaska,AK,AK:60:0,1327,-160.952,64.09
Alaska,AK,AK:60:0,1328,-160.976,64.236
Alaska,AK,AK:60:0,1329,-161.264,64.398
Alaska,AK,AK:60:0,1330,-161.505,64.423
Alaska,AK,AK:60:0,1331,-161.469,64.507
Alaska,AK,AK:60:0,1332,-161.389,64.533
Alaska,AK,AK:60:0,1333,-161.234,64.5
Alaska,AK,AK:60:0,1334,-161.024,64.5
Alaska,AK,AK:60:0,1335,-161.049,64.541
Alaska,AK,AK:60:0,1336,-160.94,64.55
Alaska,AK,AK:60:0,1337,-160.802,64.61
Alaska,AK,AK:60:0,1338,-160.783,64.717
Alaska,AK,AK:60:0,1339,-160.936,64.822
Alaska,AK,AK:60:0,1340,-161.08,64.87
Alaska,AK,AK:60:0,1341,-161.214,64.883
Alaska,AK,AK:60:0,1342,-161.293,64.853
Alaska,AK,AK:60:0,1343,-161.377,64.773
Alaska,AK,AK:60:0,1344,-161.518,64.753
Alaska,AK,AK:60:0,1345,-161.667,64.789
Alaska,AK,AK:60:0,1346,-161.878,64.709
Alaska,AK,AK:60:0,1347,-162.169,64.68
Alaska,AK,AK:60:0,1348,-162.234,64.619
Alaska,AK,AK:60:0,1349,-162.54,64.531
Alaska,AK,AK:60:0,1350,-162.614,64.471
Alaska,AK,AK:60:0,1351,-162.632,64.386
Alaska,AK,AK:60:0,1352,-162.81,64.353
Alaska,AK,AK:60:0,1353,-162.807,64.406
Alaska,AK,AK:60:0,1354,-162.858,64.5
Alaska,AK,AK:60:0,1355,-162.941,64.542
Alaska,AK,AK:60:0,1356,-163.031,64.542
Alaska,AK,AK:60:0,1357,-163.061,64.588
Alaska,AK,AK:60:0,1358,-163.218,64.632
Alaska,AK,AK:60:0,1359,-163.312,64.588
Alaska,AK,AK:60:0,1360,-163.027,64.478
Alaska,AK,AK:60:0,1361,-163.107,64.409
Alaska,AK,AK:60:0,1362,-163.175,64.399
Alaska,AK,AK:60:0,1363,-163.253,64.47
Alaska,AK,AK:60:0,1364,-163.451,64.535
Alaska,AK,AK:60:0,1365,-163.598,64.563
Alaska,AK,AK:60:0,1366,-163.83,64.575
Alaska,AK,AK:60:0,1367,-163.974,64.551
Alaska,AK,AK:60:0,1368,-164.147,64.565
Alaska,AK,AK:60:0,1369,-164.422,64.545
Alaska,AK,AK:60:0,1370,-164.808,64.449
Alaska,AK,AK:60:0,1371,-165.017,64.434
Alaska,AK,AK:60:0,1372,-165.413,64.498
Alaska,AK,AK:60:0,1373,-166.237,64.584
Alaska,AK,AK:60:0,1374,-166.392,64.638
Alaska,AK,AK:60:0,1375,-166.484,64.733
Alaska,AK,AK:60:0,1376,-166.479,64.797
Alaska,AK,AK:60:0,1377,-166.407,64.834
Alaska,AK,AK:60:0,1378,-166.416,64.872
Alaska,AK,AK:60:0,1379,-166.531,64.937
Alaska,AK,AK:60:0,1380,-166.691,64.985
Alaska,AK,AK:60:0,1381,-166.696,65.036
Alaska,AK,AK:60:0,1382,-166.86,65.091
Alaska,AK,AK:60:0,1383,-166.638,65.114
Alaska,AK,AK:60:0,1384,-166.464,65.177
Alaska,AK,AK:60:0,1385,-166.475,65.224
Alaska,AK,AK:60:0,1386,-166.347,65.276
Alaska,AK,AK:60:0,1387,-166.486,65.331
Alaska,AK,AK:60:0,1388,-166.655,65.325
Alaska,AK,AK:60:0,1389,-166.796,65.337
Alaska,AK,AK:60:0,1390,-167.027,65.382
Alaska,AK,AK:60:0,1391,-167.398,65.4
Alaska,AK,AK:60:0,1392,-167.474,65.413
Alaska,AK,AK:60:0,1393,-167.711,65.499
Alaska,AK,AK:60:0,1394,-167.91,65.551
Alaska,AK,AK:60:0,1395,-168.075,65.576
Alaska,AK,AK:61:0,0,-169.054,52.863
Alaska,AK,AK:61:0,1,-168.959,52.886
Alaska,AK,AK:61:0,2,-168.959,52.937
Alaska,AK,AK:61:0,3,-168.861,52.968
Alaska,AK,AK:61:0,4,-168.861,53.016
Alaska,AK,AK:61:0,5,-168.785,53.045
Alaska,AK,AK:61:0,6,-168.802,53.108
Alaska,AK,AK:61:0,7,-168.763,53.183
Alaska,AK,AK:61:0,8,-168.6,53.274
Alaska,AK,AK:61:0,9,-168.539,53.252
Alaska,AK,AK:61:0,10,-168.344,53.262
Alaska,AK,AK:61:0,11,-168.41,53.411
Alaska,AK,AK:61:0,12,-168.342,53.476
Alaska,AK,AK:61:0,13,-168.2,53.534
Alaska,AK,AK:61:0,14,-168.005,53.566
Alaska,AK,AK:61:0,15,-167.902,53.521
Alaska,AK,AK:61:0,16,-167.784,53.501
Alaska,AK,AK:61:0,17,-167.858,53.438
Alaska,AK,AK:61:0,18,-167.842,53.386
Alaska,AK,AK:61:0,19,-168.04,53.304
Alaska,AK,AK:61:0,20,-168.271,53.243
Alaska,AK,AK:61:0,21,-168.342,53.186
Alaska,AK,AK:61:0,22,-168.344,53.155
Alaska,AK,AK:61:0,23,-168.497,53.035
Alaska,AK,AK:61:0,24,-168.588,53.027
Alaska,AK,AK:61:0,25,-168.688,52.966
Alaska,AK,AK:61:0,26,-169.041,52.839
Alaska,AK,AK:62:0,0,-169.763,52.978
Alaska,AK,AK:62:0,1,-169.746,53.021
Alaska,AK,AK:62:0,2,-169.666,52.997
Alaska,AK,AK:62:0,3,-169.698,52.958
Alaska,AK,AK:63:0,0,-169.79,56.618
Alaska,AK,AK:63:0,1,-169.507,56.611
Alaska,AK,AK:63:0,2,-169.49,56.583
Alaska,AK,AK:63:0,3,-169.583,56.537
Alaska,AK,AK:64:0,0,-170.004,52.847
Alaska,AK,AK:64:0,1,-169.86,52.858
Alaska,AK,AK:64:0,2,-169.774,52.894
Alaska,AK,AK:64:0,3,-169.667,52.864
Alaska,AK,AK:64:0,4,-169.704,52.794
Alaska,AK,AK:64:0,5,-169.838,52.817
Alaska,AK,AK:64:0,6,-169.963,52.79
Alaska,AK,AK:65:0,0,-170.113,52.902
Alaska,AK,AK:65:0,1,-170.002,52.91
Alaska,AK,AK:65:0,2,-170.05,52.857
Alaska,AK,AK:66:0,0,-170.186,52.723
Alaska,AK,AK:66:0,1,-170.171,52.785
Alaska,AK,AK:66:0,2,-170.062,52.774
Alaska,AK,AK:66:0,3,-170.078,52.72
Alaska,AK,AK:67:0,0,-170.424,57.169
Alaska,AK,AK:67:0,1,-170.39,57.206
Alaska,AK,AK:67:0,2,-170.162,57.23
Alaska,AK,AK:67:0,3,-170.171,57.181
Alaska,AK,AK:67:0,4,-170.304,57.155
Alaska,AK,AK:68:0,0,-170.833,52.6
Alaska,AK,AK:68:0,1,-170.818,52.636
Alaska,AK,AK:68:0,2,-170.728,52.68
Alaska,AK,AK:68:0,3,-170.634,52.697
Alaska,AK,AK:68:0,4,-170.563,52.675
Alaska,AK,AK:68:0,5,-170.604,52.602
Alaska,AK,AK:68:0,6,-170.674,52.603
Alaska,AK,AK:68:0,7,-170.788,52.54
Alaska,AK,AK:69:0,0,-171.313,52.494
Alaska,AK,AK:69:0,1,-171.252,52.53
Alaska,AK,AK:69:0,2,-171.196,52.5
Alaska,AK,AK:69:0,3,-171.237,52.451
Alaska,AK,AK:69:0,4,-171.304,52.45
Alaska,AK,AK:70:0,0,-171.84,63.548
Alaska,AK,AK:70:0,1,-171.742,63.665
Alaska,AK,AK:70:0,2,-171.743,63.783
Alaska,AK,AK:70:0,3,-171.667,63.786
Alaska,AK,AK:70:0,4,-171.653,63.709
Alaska,AK,AK:70:0,5,-171.609,63.68
Alaska,AK,AK:70:0,6,-171.382,63.631
Alaska,AK,AK:70:0,7,-171.044,63.58
Alaska,AK,AK:70:0,8,-170.907,63.572
Alaska,AK,AK:70:0,9,-170.698,63.647
Alaska,AK,AK:70:0,10,-170.488,63.697
Alaska,AK,AK:70:0,11,-170.282,63.685
Alaska,AK,AK:70:0,12,-170.176,63.625
Alaska,AK,AK:70:0,13,-170.096,63.613
Alaska,AK,AK:70:0,14,-170.047,63.49
Alaska,AK,AK:70:0,15,-169.857,63.442
Alaska,AK,AK:70:0,16,-169.643,63.428
Alaska,AK,AK:70:0,17,-169.547,63.373
Alaska,AK,AK:70:0,18,-169.268,63.344
Alaska,AK,AK:70:0,19,-168.999,63.341
Alaska,AK,AK:70:0,20,-168.687,63.293
Alaska,AK,AK:70:0,21,-168.783,63.184
Alaska,AK,AK:70:0,22,-168.859,63.147
Alaska,AK,AK:70:0,23,-169.043,63.177
Alaska,AK,AK:70:0,24,-169.198,63.176
Alaska,AK,AK:70:0,25,-169.376,63.151
Alaska,AK,AK:70:0,26,-169.535,63.074
Alaska,AK,AK:70:0,27,-169.576,63.036
Alaska,AK,AK:70:0,28,-169.568,62.977
Alaska,AK,AK:70:0,29,-169.638,62.938
Alaska,AK,AK:70:0,30,-169.735,62.977
Alaska,AK,AK:70:0,31,-169.83,63.079
Alaska,AK,AK:70:0,32,-169.944,63.132
Alaska,AK,AK:70:0,33,-170.124,63.184
Alaska,AK,AK:70:0,34,-170.263,63.179
Alaska,AK,AK:70:0,35,-170.365,63.286
Alaska,AK,AK:70:0,36,-170.559,63.355
Alaska,AK,AK:70:0,37,-170.865,63.414
Alaska,AK,AK:70:0,38,-171.101,63.423
Alaska,AK,AK:70:0,39,-171.269,63.385
Alaska,AK,AK:70:0,40,-171.333,63.335
Alaska,AK,AK:70:0,41,-171.464,63.307
Alaska,AK,AK:70:0,42,-171.739,63.366
Alaska,AK,AK:70:0,43,-171.825,63.437
Alaska,AK,AK:71:0,0,-172.62,52.299
Alaska,AK,AK:71:0,1,-172.568,52.349
Alaska,AK,AK:71:0,2,-172.448,52.391
Alaska,AK,AK:71:0,3,-172.326,52.366
Alaska,AK,AK:71:0,4,-172.301,52.33
Alaska,AK,AK:71:0,5,-172.414,52.277
Alaska,AK,AK:71:0,6,-172.609,52.253
Alaska,AK,AK:72:0,0,-173.064,60.503
Alaska,AK,AK:72:0,1,-173.041,60.562
Alaska,AK,AK:72:0,2,-172.951,60.606
Alaska,AK,AK:72:0,3,-172.885,60.508
Alaska,AK,AK:72:0,4,-172.765,60.447
Alaska,AK,AK:72:0,5,-172.592,60.393
Alaska,AK,AK:72:0,6,-172.424,60.393
Alaska,AK,AK:72:0,7,-172.326,60.328
Alaska,AK,AK:72:0,8,-172.51,60.334
Alaska,AK,AK:72:0,9,-172.606,60.32
Alaska,AK,AK:72:0,10,-172.723,60.359
Alaska,AK,AK:72:0,11,-172.932,60.476
Alaska,AK,AK:73:0,0,-174.048,52.133
Alaska,AK,AK:73:0,1,-173.922,52.133
Alaska,AK,AK:73:0,2,-173.802,52.106
Alaska,AK,AK:73:0,3,-173.625,52.152
Alaska,AK,AK:73:0,4,-173.357,52.096
Alaska,AK,AK:73:0,5,-173.125,52.109
Alaska,AK,AK:73:0,6,-173.156,52.06
Alaska,AK,AK:73:0,7,-173.314,52.059
Alaska,AK,AK:73:0,8,-173.394,52.029
Alaska,AK,AK:73:0,9,-173.548,52.029
Alaska,AK,AK:73:0,10,-173.612,52.051
Alaska,AK,AK:73:0,11,-173.901,52.049
Alaska,AK,AK:74:0,0,-175.327,52.027
Alaska,AK,AK:74:0,1,-175.033,52.076
Alaska,AK,AK:74:0,2,-174.656,52.108
Alaska,AK,AK:74:0,3,-174.568,52.138
Alaska,AK,AK:74:0,4,-174.553,52.18
Alaska,AK,AK:74:0,5,-174.405,52.184
Alaska,AK,AK:74:0,6,-174.299,52.215
Alaska,AK,AK:74:0,7,-174.256,52.274
Alaska,AK,AK:74:0,8,-174.369,52.28
Alaska,AK,AK:74:0,9,-174.318,52.345
Alaska,AK,AK:74:0,10,-174.325,52.378
Alaska,AK,AK:74:0,11,-174.185,52.418
Alaska,AK,AK:74:0,12,-174.068,52.39
Alaska,AK,AK:74:0,13,-173.989,52.325
Alaska,AK,AK:74:0,14,-173.988,52.295
Alaska,AK,AK:74:0,15,-174.06,52.225
Alaska,AK,AK:74:0,16,-174.178,52.234
Alaska,AK,AK:74:0,17,-174.197,52.196
Alaska,AK,AK:74:0,18,-174.135,52.169
Alaska,AK,AK:74:0,19,-174.142,52.125
Alaska,AK,AK:74:0,20,-174.278,52.089
Alaska,AK,AK:74:0,21,-174.334,52.115
Alaska,AK,AK:74:0,22,-174.415,52.028
Alaska,AK,AK:74:0,23,-174.509,52.049
Alaska,AK,AK:74:0,24,-174.737,52.007
Alaska,AK,AK:74:0,25,-174.783,52.032
Alaska,AK,AK:74:0,26,-174.968,52.037
Alaska,AK,AK:74:0,27,-175.015,52.007
Alaska,AK,AK:74:0,28,-175.212,52.006
Alaska,AK,AK:75:0,0,-175.954,51.983
Alaska,AK,AK:75:0,1,-175.815,51.994
Alaska,AK,AK:75:0,2,-175.785,51.939
Alaska,AK,AK:76:0,0,-176.2,52.079
Alaska,AK,AK:76:0,1,-176.15,52.118
Alaska,AK,AK:76:0,2,-176.056,52.109
Alaska,AK,AK:76:0,3,-175.975,52.041
Alaska,AK,AK:76:0,4,-176.045,52.008
Alaska,AK,AK:76:0,5,-175.994,51.96
Alaska,AK,AK:76:0,6,-176.038,51.931
Alaska,AK,AK:76:0,7,-176.169,51.948
Alaska,AK,AK:77:0,0,-176.236,51.826
Alaska,AK,AK:77:0,1,-176.218,51.875
Alaska,AK,AK:77:0,2,-176.08,51.859
Alaska,AK,AK:77:0,3,-176.065,51.903
Alaska,AK,AK:77:0,4,-175.993,51.913
Alaska,AK,AK:77:0,5,-175.954,51.868
Alaska,AK,AK:77:0,6,-176.095,51.792
Alaska,AK,AK:78:0,0,-176.991,51.629
Alaska,AK,AK:78:0,1,-176.984,51.657
Alaska,AK,AK:78:0,2,-176.871,51.732
Alaska,AK,AK:78:0,3,-176.904,51.812
Alaska,AK,AK:78:0,4,-176.79,51.817
Alaska,AK,AK:78:0,5,-176.762,51.868
Alaska,AK,AK:78:0,6,-176.81,51.927
Alaska,AK,AK:78:0,7,-176.774,51.966
Alaska,AK,AK:78:0,8,-176.656,51.952
Alaska,AK,AK:78:0,9,-176.604,51.997
Alaska,AK,AK:78:0,10,-176.554,51.991
Alaska,AK,AK:78:0,11,-176.545,51.927
Alaska,AK,AK:78:0,12,-176.616,51.903
Alaska,AK,AK:78:0,13,-176.576,51.842
Alaska,AK,AK:78:0,14,-176.398,51.868
Alaska,AK,AK:78:0,15,-176.291,51.872
Alaska,AK,AK:78:0,16,-176.266,51.818
Alaska,AK,AK:78:0,17,-176.29,51.742
Alaska,AK,AK:78:0,18,-176.508,51.73
Alaska,AK,AK:78:0,19,-176.632,51.657
Alaska,AK,AK:78:0,20,-176.713,51.683
Alaska,AK,AK:78:0,21,-176.752,51.635
Alaska,AK,AK:78:0,22,-176.863,51.685
Alaska,AK,AK:78:0,23,-176.931,51.592
Alaska,AK,AK:79:0,0,-177.705,51.707
Alaska,AK,AK:79:0,1,-177.64,51.736
Alaska,AK,AK:79:0,2,-177.555,51.721
Alaska,AK,AK:79:0,3,-177.461,51.751
Alaska,AK,AK:79:0,4,-177.281,51.784
Alaska,AK,AK:79:0,5,-177.212,51.812
Alaska,AK,AK:79:0,6,-177.2,51.925
Alaska,AK,AK:79:0,7,-177.099,51.936
Alaska,AK,AK:79:0,8,-177.045,51.899
Alaska,AK,AK:79:0,9,-177.137,51.814
Alaska,AK,AK:79:0,10,-177.123,51.729
Alaska,AK,AK:79:0,11,-177.146,51.707
Alaska,AK,AK:79:0,12,-177.262,51.681
Alaska,AK,AK:79:0,13,-177.391,51.734
Alaska,AK,AK:79:0,14,-177.49,51.705
Alaska,AK,AK:79:0,15,-177.632,51.697
Alaska,AK,AK:80:0,0,-178.225,51.881
Alaska,AK,AK:80:0,1,-178.125,51.92
Alaska,AK,AK:80:0,2,-177.952,51.915
Alaska,AK,AK:80:0,3,-177.798,51.793
Alaska,AK,AK:80:0,4,-177.856,51.681
Alaska,AK,AK:80:0,5,-178.013,51.629
Alaska,AK,AK:80:0,6,-178.104,51.702
Alaska,AK,AK:80:0,7,-177.962,51.72
Alaska,AK,AK:80:0,8,-177.965,51.778
Alaska,AK,AK:80:0,9,-178.039,51.779
Alaska,AK,AK:80:0,10,-178.215,51.858
Alaska,AK,AK:81:0,0,-178.87,51.795
Alaska,AK,AK:81:0,1,-178.811,51.839
Alaska,AK,AK:81:0,2,-178.748,51.81
Alaska,AK,AK:81:0,3,-178.75,51.758
Alaska,AK,AK:81:0,4,-178.816,51.749
Alaska,AK,AK:82:0,0,-178.992,51.381
Alaska,AK,AK:82:0,1,-178.927,51.384
Alaska,AK,AK:82:0,2,-178.909,51.341
Alaska,AK,AK:82:0,3,-178.991,51.312
