{"type": "FeatureCollection", "features": [{"type": "Feature", "properties": {"name": "Nebraska", "stusps": "NE", "statfp": "31"}, "geometry": {"type": "Polygon", "coordinates": [[[-104.053, 43.001], [-103.133, 43.001], [-102.487, 43.0], [-101.85, 42.999], [-101.625, 42.996], [-100.632, 42.998], [-99.918, 42.998], [-99.471, 42.998], [-98.9, 42.998], [-98.499, 42.999], [-98.467, 42.948], [-98.258, 42.874], [-98.129, 42.821], [-98.035, 42.764], [-97.95, 42.77], [-97.845, 42.868], [-97.687, 42.842], [-97.604, 42.858], [-97.442, 42.846], [-97.307, 42.868], [-97.219, 42.846], [-97.21, 42.809], [-97.131, 42.772], [-96.982, 42.761], [-96.806, 42.704], [-96.802, 42.672], [-96.688, 42.653], [-96.711, 42.608], [-96.638, 42.552], [-96.626, 42.514], [-96.558, 42.52], [-96.501, 42.483], [-96.446, 42.491], [-96.381, 42.446], [-96.412, 42.411], [-96.408, 42.337], [-96.37, 42.311], [-96.324, 42.23], [-96.348, 42.167], [-96.267, 42.11], [-96.238, 42.041], [-96.184, 41.977], [-96.13, 41.972], [-96.162, 41.902], [-96.07, 41.804], [-96.118, 41.694], [-96.095, 41.647], [-96.109, 41.597], [-96.09, 41.532], [-96.005, 41.472], [-95.933, 41.464], [-95.926, 41.196], [-95.865, 41.188], [-95.882, 41.144], [-95.863, 41.088], [-95.863, 40.997], [-95.812, 40.884], [-95.848, 40.864], [-95.837, 40.776], [-95.889, 40.732], [-95.843, 40.677], [-95.789, 40.659], [-95.766, 40.585], [-95.757, 40.526], [-95.697, 40.528], [-95.693, 40.469], [-95.61, 40.314], [-95.47, 40.228], [-95.476, 40.182], [-95.399, 40.126], [-95.422, 40.059], [-95.308, 40.0], [-96.154, 40.0], [-97.05, 40.001], [-97.515, 40.002], [-98.1, 40.002], [-98.935, 40.002], [-99.813, 40.001], [-100.469, 40.002], [-101.41, 40.002], [-102.052, 40.003], [-102.052, 40.538], [-102.052, 41.002], [-102.866, 41.002], [-103.497, 41.002], [-104.053, 41.001], [-104.052, 41.418], [-104.053, 41.885], [-104.053, 42.5]]]}}, {"type": "Feature", "properties": {"name": "Washington", "stusps": "WA", "statfp": "53"}, "geometry": {"type": "MultiPolygon", "coordinates": [[[[-122.526, 47.359], [-122.513, 47.449], [-122.433, 47.466], [-122.44, 47.417], [-122.402, 47.381], [-122.454, 47.343]]], [[[-122.77, 48.228], [-122.674, 48.355], [-122.665, 48.402], [-122.585, 48.395], [-122.585, 48.353], [-122.516, 48.32], [-122.531, 48.282], [-122.618, 48.294], [-122.669, 48.241], [-122.606, 48.208], [-122.558, 48.12], [-122.538, 48.016], [-122.448, 48.054], [-122.376, 48.034], [-122.351, 47.953], [-122.376, 47.91], [-122.431, 47.915], [-122.473, 47.988], [-122.521, 47.973], [-122.607, 48.031], [-122.61, 48.152], [-122.68, 48.155]]], [[[-123.203, 48.596], [-123.178, 48.622], [-123.049, 48.621], [-122.918, 48.714], [-122.876, 48.712], [-122.743, 48.662], [-122.81, 48.619], [-122.771, 48.562], [-122.816, 48.488], [-122.803, 48.433], [-122.874, 48.418], [-122.927, 48.461], [-123.039, 48.46], [-123.119, 48.493]]], [[[-117.032, 48.999], [-117.035, 48.371], [-117.042, 47.839], [-117.04, 47.127], [-117.04, 46.425], [-117.056, 46.346], [-116.985, 46.293], [-116.924, 46.171], [-116.96, 46.099], [-116.916, 45.995], [-117.475, 45.998], [-118.126, 46.0], [-118.987, 46.0], [-119.126, 45.933], [-119.257, 45.94], [-119.364, 45.922], [-119.623, 45.906], [-119.67, 45.857], [-119.966, 45.824], [-120.17, 45.762], [-120.211, 45.726], [-120.404, 45.699], [-120.506, 45.7], [-120.559, 45.738], [-120.635, 45.746], [-120.689, 45.716], [-120.856, 45.672], [-121.085, 45.648], [-121.132, 45.61], [-121.184, 45.606], [-121.216, 45.671], [-121.338, 45.705], [-121.402, 45.693], [-121.533, 45.727], [-121.735, 45.694], [-121.811, 45.707], [-121.908, 45.654], [-122.102, 45.584], [-122.184, 45.578], [-122.249, 45.548], [-122.332, 45.548], [-122.38, 45.576], [-122.475, 45.578], [-122.675, 45.618], [-122.764, 45.657], [-122.76, 45.734], [-122.796, 45.81], [-122.785, 45.868], [-122.814, 45.961], [-122.904, 46.084], [-123.116, 46.185], [-123.166, 46.189], [-123.28, 46.145], [-123.371, 46.146], [-123.431, 46.182], [-123.428, 46.229], [-123.48, 46.269], [-123.548, 46.259], [-123.67, 46.267], [-123.724, 46.301], [-123.909, 46.245], [-123.985, 46.309], [-124.065, 46.327], [-124.057, 46.493], [-124.032, 46.496], [-124.015, 46.379], [-123.954, 46.379], [-123.988, 46.445], [-123.894, 46.537], [-123.961, 46.636], [-123.877, 46.731], [-124.022, 46.709], [-124.097, 46.746], [-124.108, 46.836], [-124.089, 46.868], [-123.898, 46.972], [-123.992, 46.98], [-124.026, 47.03], [-124.122, 47.042], [-124.177, 47.093], [-124.236, 47.287], [-124.319, 47.356], [-124.356, 47.546], [-124.431, 47.746], [-124.477, 47.77], [-124.49, 47.817], [-124.626, 47.888], [-124.672, 47.964], [-124.687, 48.099], [-124.732, 48.17], [-124.704, 48.184], [-124.659, 48.331], [-124.653, 48.391], [-124.565, 48.368], [-124.381, 48.285], [-124.239, 48.262], [-124.102, 48.217], [-124.051, 48.178], [-123.981, 48.165], [-123.778, 48.155], [-123.703, 48.167], [-123.591, 48.135], [-123.395, 48.114], [-123.249, 48.116], [-123.164, 48.166], [-123.066, 48.12], [-123.039, 48.081], [-122.979, 48.096], [-122.878, 48.047], [-122.876, 48.111], [-122.801, 48.088], [-122.771, 48.053], [-122.698, 48.103], [-122.67, 48.017], [-122.718, 47.988], [-122.658, 47.931], [-122.636, 47.866], [-122.748, 47.801], [-122.782, 47.704], [-122.897, 47.675], [-122.857, 47.65], [-122.754, 47.672], [-122.74, 47.736], [-122.682, 47.801], [-122.528, 47.906], [-122.488, 47.744], [-122.518, 47.651], [-122.494, 47.589], [-122.543, 47.556], [-122.495, 47.51], [-122.531, 47.469], [-122.574, 47.318], [-122.548, 47.285], [-122.614, 47.221], [-122.697, 47.284], [-122.75, 47.276], [-122.591, 47.178], [-122.528, 47.292], [-122.444, 47.267], [-122.424, 47.319], [-122.325, 47.349], [-122.326, 47.392], [-122.397, 47.515], [-122.41, 47.569], [-122.343, 47.591], [-122.43, 47.659], [-122.373, 47.729], [-122.392, 47.808], [-122.34, 47.847], [-122.307, 47.949], [-122.226, 47.976], [-122.232, 48.03], [-122.281, 48.05], [-122.365, 48.126], [-122.396, 48.229], [-122.479, 48.188], [-122.537, 48.184], [-122.531, 48.25], [-122.407, 48.252], [-122.372, 48.288], [-122.409, 48.326], [-122.507, 48.365], [-122.582, 48.429], [-122.655, 48.411], [-122.665, 48.478], [-122.615, 48.521], [-122.537, 48.467], [-122.484, 48.492], [-122.478, 48.559], [-122.425, 48.6], [-122.5, 48.656], [-122.519, 48.713], [-122.49, 48.751], [-122.536, 48.776], [-122.647, 48.774], [-122.699, 48.801], [-122.723, 48.853], [-122.786, 48.885], [-122.747, 48.931], [-122.817, 48.956], [-122.758, 49.002], [-122.098, 49.002], [-121.751, 48.997], [-120.717, 49.0], [-120.001, 48.999], [-119.429, 49.0], [-118.837, 49.0], [-118.197, 49.0]]]]}}, {"type": "Feature", "properties": {"name": "New Mexico", "stusps": "NM", "statfp": "35"}, "geometry": {"type": "Polygon", "coordinates": [[[-109.045, 36.999], [-108.249, 36.999], [-107.482, 37.0], [-106.877, 37.0], [-106.87, 36.992], [-106.201, 36.994], [-105.627, 36.996], [-105.001, 36.993], [-104.339, 36.994], [-103.733, 36.998], [-103.002, 37.0], [-103.002, 36.5], [-103.042, 36.5], [-103.041, 36.055], [-103.042, 35.622], [-103.043, 34.85], [-103.044, 34.313], [-103.044, 33.975], [-103.053, 33.571], [-103.065, 33.0], [-103.065, 32.522], [-103.064, 32.001], [-103.723, 32.0], [-104.532, 32.0], [-105.429, 32.001], [-106.126, 32.003], [-106.618, 32.0], [-106.614, 31.953], [-106.645, 31.895], [-106.577, 31.81], [-106.528, 31.783], [-107.422, 31.784], [-108.208, 31.784], [-108.209, 31.333], [-109.05, 31.333], [-109.048, 32.089], [-109.048, 32.426], [-109.047, 33.068], [-109.047, 33.625], [-109.047, 34.0], [-109.046, 34.522], [-109.046, 35.176], [-109.046, 35.617], [-109.046, 36.117], [-109.045, 36.527]]]}}, {"type": "Feature", "properties": {"name": "South Dakota", "stusps": "SD", "statfp": "46"}, "geometry": {"type": "Polygon", "coordinates": [[[-104.058, 44.997], [-104.04, 45.001], [-104.04, 45.374], [-104.045, 45.945], [-103.668, 45.945], [-102.92, 45.945], [-102.177, 45.945], [-101.42, 45.944], [-100.936, 45.944], [-100.171, 45.943], [-99.258, 45.94], [-98.415, 45.937], [-97.785, 45.935], [-97.145, 45.935], [-96.564, 45.935], [-96.58, 45.826], [-96.652, 45.747], [-96.841, 45.645], [-96.858, 45.606], [-96.765, 45.521], [-96.731, 45.457], [-96.68, 45.41], [-96.618, 45.408], [-96.489, 45.357], [-96.453, 45.298], [-96.452, 44.703], [-96.453, 44.197], [-96.453, 43.5], [-96.599, 43.5], [-96.594, 43.434], [-96.524, 43.395], [-96.526, 43.312], [-96.58, 43.298], [-96.555, 43.227], [-96.485, 43.224], [-96.439, 43.114], [-96.511, 43.025], [-96.541, 42.924], [-96.544, 42.851], [-96.578, 42.828], [-96.64, 42.737], [-96.631, 42.706], [-96.538, 42.655], [-96.446, 42.491], [-96.501, 42.483], [-96.558, 42.52], [-96.626, 42.514], [-96.638, 42.552], [-96.711, 42.608], [-96.688, 42.653], [-96.802, 42.672], [-96.806, 42.704], [-96.982, 42.761], [-97.131, 42.772], [-97.21, 42.809], [-97.219, 42.846], [-97.307, 42.868], [-97.442, 42.846], [-97.604, 42.858], [-97.687, 42.842], [-97.845, 42.868], [-97.95, 42.77], [-98.035, 42.764], [-98.129, 42.821], [-98.258, 42.874], [-98.467, 42.948], [-98.499, 42.999], [-98.9, 42.998], [-99.471, 42.998], [-99.918, 42.998], [-100.632, 42.998], [-101.625, 42.996], [-101.85, 42.999], [-102.487, 43.0], [-103.133, 43.001], [-104.053, 43.001], [-104.054, 43.29], [-104.055, 43.853], [-104.054, 44.18], [-104.056, 44.691]]]}}, {"type": "Feature", "properties": {"name": "Texas", "stusps": "TX", "statfp": "48"}, "geometry": {"type": "Polygon", "coordinates": [[[-103.002, 36.5], [-102.25, 36.5], [-101.624, 36.5], [-101.085, 36.499], [-100.522, 36.499], [-100.0, 36.5], [-100.0, 36.056], [-100.0, 35.619], [-100.0, 35.03], [-100.0, 34.561], [-99.946, 34.579], [-99.887, 34.549], [-99.754, 34.421], [-99.696, 34.381], [-99.6, 34.375], [-99.58, 34.417], [-99.5, 34.41], [-99.441, 34.374], [-99.397, 34.378], [-99.395, 34.442], [-99.261, 34.403], [-99.213, 34.34], [-99.19, 34.214], [-99.043, 34.198], [-98.95, 34.212], [-98.909, 34.177], [-98.766, 34.136], [-98.69, 34.133], [-98.648, 34.164], [-98.577, 34.149], [-98.486, 34.063], [-98.418, 34.083], [-98.364, 34.157], [-98.3, 34.135], [-98.169, 34.114], [-98.119, 34.084], [-98.083, 34.002], [-97.946, 33.988], [-97.968, 33.882], [-97.866, 33.849], [-97.834, 33.858], [-97.672, 33.991], [-97.589, 33.952], [-97.552, 33.898], [-97.501, 33.92], [-97.46, 33.904], [-97.463, 33.842], [-97.373, 33.819], [-97.337, 33.873], [-97.272, 33.863], [-97.211, 33.916], [-97.167, 33.847], [-97.205, 33.801], [-97.172, 33.738], [-97.097, 33.728], [-97.095, 33.799], [-96.986, 33.887], [-96.995, 33.932], [-96.922, 33.96], [-96.866, 33.853], [-96.794, 33.869], [-96.762, 33.824], [-96.691, 33.85], [-96.673, 33.912], [-96.597, 33.875], [-96.623, 33.841], [-96.527, 33.821], [-96.5, 33.773], [-96.423, 33.776], [-96.343, 33.687], [-96.277, 33.77], [-96.229, 33.748], [-96.169, 33.77], [-96.148, 33.838], [-96.049, 33.836], [-95.941, 33.862], [-95.935, 33.887], [-95.828, 33.836], [-95.714, 33.885], [-95.563, 33.932], [-95.533, 33.881], [-95.408, 33.866], [-95.295, 33.875], [-95.253, 33.905], [-95.23, 33.961], [-95.131, 33.937], [-95.049, 33.864], [-94.964, 33.837], [-94.92, 33.786], [-94.831, 33.74], [-94.775, 33.755], [-94.708, 33.687], [-94.652, 33.691], [-94.486, 33.638], [-94.393, 33.551], [-94.226, 33.553], [-94.183, 33.592], [-94.043, 33.552], [-94.043, 33.019], [-94.043, 32.693], [-94.043, 31.999], [-93.977, 31.926], [-93.91, 31.893], [-93.871, 31.817], [-93.823, 31.774], [-93.804, 31.686], [-93.838, 31.607], [-93.819, 31.555], [-93.726, 31.504], [-93.749, 31.469], [-93.701, 31.438], [-93.664, 31.36], [-93.688, 31.31], [-93.62, 31.271], [-93.6, 31.176], [-93.549, 31.187], [-93.547, 31.083], [-93.517, 31.024], [-93.568, 30.978], [-93.526, 30.939], [-93.568, 30.888], [-93.554, 30.825], [-93.589, 30.787], [-93.621, 30.695], [-93.683, 30.641], [-93.68, 30.6], [-93.728, 30.574], [-93.698, 30.444], [-93.759, 30.387], [-93.766, 30.333], [-93.714, 30.294], [-93.721, 30.21], [-93.698, 30.153], [-93.732, 30.089], [-93.721, 30.053], [-93.787, 29.991], [-93.855, 29.864], [-93.923, 29.819], [-93.838, 29.691], [-94.001, 29.681], [-94.134, 29.647], [-94.595, 29.468], [-94.67, 29.431], [-94.731, 29.369], [-94.767, 29.393], [-94.672, 29.477], [-94.594, 29.492], [-94.546, 29.572], [-94.741, 29.526], [-94.781, 29.531], [-94.709, 29.625], [-94.696, 29.758], [-94.757, 29.781], [-94.816, 29.757], [-94.873, 29.671], [-94.921, 29.658], [-94.943, 29.698], [-95.005, 29.659], [-94.983, 29.601], [-95.018, 29.555], [-94.982, 29.511], [-94.909, 29.497], [-94.931, 29.451], [-94.891, 29.433], [-94.894, 29.308], [-94.953, 29.29], [-95.099, 29.174], [-95.159, 29.189], [-95.165, 29.114], [-95.099, 29.129], [-95.004, 29.184], [-94.879, 29.286], [-94.825, 29.306], [-94.822, 29.344], [-94.731, 29.332], [-94.804, 29.279], [-95.026, 29.148], [-95.125, 29.067], [-95.353, 28.898], [-95.382, 28.866], [-95.44, 28.859], [-95.813, 28.665], [-96.078, 28.557], [-96.22, 28.492], [-96.39, 28.382], [-96.443, 28.318], [-96.632, 28.223], [-96.792, 28.11], [-96.886, 28.031], [-97.003, 27.908], [-97.045, 27.834], [-97.141, 27.717], [-97.213, 27.596], [-97.296, 27.427], [-97.358, 27.235], [-97.379, 27.06], [-97.377, 26.972], [-97.348, 26.796], [-97.296, 26.618], [-97.337, 26.651], [-97.389, 26.8], [-97.401, 26.892], [-97.4, 27.115], [-97.361, 27.352], [-97.304, 27.507], [-97.235, 27.634], [-97.121, 27.799], [-97.13, 27.839], [-97.082, 27.913], [-97.017, 27.946], [-96.934, 28.056], [-96.92, 28.094], [-96.819, 28.143], [-96.791, 28.189], [-96.735, 28.191], [-96.599, 28.293], [-96.441, 28.343], [-96.453, 28.419], [-96.581, 28.353], [-96.621, 28.319], [-96.684, 28.314], [-96.71, 28.407], [-96.776, 28.406], [-96.795, 28.365], [-96.787, 28.256], [-96.8, 28.224], [-96.935, 28.124], [-97.027, 28.148], [-97.037, 28.186], [-97.154, 28.133], [-97.214, 28.087], [-97.137, 28.057], [-97.052, 28.106], [-97.026, 28.042], [-97.049, 28.022], [-97.187, 27.824], [-97.225, 27.826], [-97.251, 27.876], [-97.325, 27.868], [-97.454, 27.874], [-97.472, 27.824], [-97.392, 27.814], [-97.368, 27.742], [-97.254, 27.697], [-97.322, 27.571], [-97.405, 27.33], [-97.483, 27.298], [-97.514, 27.362], [-97.609, 27.285], [-97.629, 27.243], [-97.543, 27.229], [-97.45, 27.263], [-97.422, 27.258], [-97.444, 26.987], [-97.466, 26.81], [-97.467, 26.71], [-97.446, 26.609], [-97.407, 26.499], [-97.381, 26.481], [-97.28, 26.271], [-97.311, 26.231], [-97.291, 26.105], [-97.271, 26.086], [-97.152, 26.062], [-97.146, 25.956], [-97.277, 25.952], [-97.368, 25.916], [-97.373, 25.84], [-97.423, 25.84], [-97.449, 25.872], [-97.522, 25.886], [-97.546, 25.934], [-97.583, 25.938], [-97.649, 26.021], [-97.759, 26.032], [-97.801, 26.06], [-97.887, 26.066], [-98.039, 26.041], [-98.106, 26.068], [-98.249, 26.073], [-98.355, 26.153], [-98.465, 26.222], [-98.497, 26.213], [-98.585, 26.254], [-98.669, 26.236], [-98.755, 26.325], [-98.825, 26.371], [-98.891, 26.358], [-98.968, 26.398], [-99.039, 26.413], [-99.082, 26.397], [-99.111, 26.426], [-99.092, 26.477], [-99.128, 26.525], [-99.167, 26.536], [-99.178, 26.621], [-99.209, 26.725], [-99.24, 26.746], [-99.269, 26.843], [-99.329, 26.88], [-99.337, 26.923], [-99.377, 26.974], [-99.447, 27.023], [-99.429, 27.091], [-99.426, 27.176], [-99.442, 27.25], [-99.497, 27.272], [-99.505, 27.338], [-99.48, 27.486], [-99.528, 27.499], [-99.511, 27.564], [-99.54, 27.603], [-99.604, 27.642], [-99.639, 27.627], [-99.705, 27.655], [-99.813, 27.774], [-99.878, 27.799], [-99.901, 27.864], [-99.893, 27.899], [-99.937, 27.941], [-99.932, 27.981], [-99.991, 27.995], [-100.018, 28.065], [-100.053, 28.085], [-100.083, 28.144], [-100.208, 28.19], [-100.294, 28.284], [-100.289, 28.317], [-100.35, 28.403], [-100.336, 28.43], [-100.411, 28.552], [-100.398, 28.585], [-100.447, 28.609], [-100.5, 28.662], [-100.508, 28.741], [-100.571, 28.826], [-100.602, 28.902], [-100.652, 28.943], [-100.646, 28.986], [-100.675, 29.1], [-100.776, 29.173], [-100.798, 29.247], [-100.879, 29.282], [-100.887, 29.308], [-101.011, 29.369], [-101.06, 29.459], [-101.152, 29.477], [-101.174, 29.515], [-101.261, 29.537], [-101.252, 29.626], [-101.314, 29.596], [-101.317, 29.655], [-101.367, 29.664], [-101.397, 29.734], [-101.475, 29.781], [-101.714, 29.768], [-101.853, 29.802], [-101.93, 29.789], [-101.975, 29.81], [-102.05, 29.785], [-102.116, 29.792], [-102.205, 29.842], [-102.341, 29.869], [-102.387, 29.767], [-102.49, 29.784], [-102.623, 29.737], [-102.677, 29.738], [-102.693, 29.677], [-102.768, 29.595], [-102.771, 29.549], [-102.809, 29.522], [-102.843, 29.358], [-102.88, 29.353], [-102.906, 29.26], [-102.867, 29.225], [-102.953, 29.176], [-102.998, 29.173], [-103.015, 29.126], [-103.1, 29.058], [-103.115, 28.985], [-103.249, 28.981], [-103.336, 29.02], [-103.428, 29.042], [-103.525, 29.137], [-103.611, 29.166], [-103.646, 29.159], [-103.725, 29.191], [-103.779, 29.254], [-103.838, 29.278], [-103.975, 29.296], [-104.038, 29.32], [-104.18, 29.413], [-104.213, 29.473], [-104.264, 29.514], [-104.338, 29.52], [-104.4, 29.572], [-104.508, 29.64], [-104.54, 29.676], [-104.566, 29.77], [-104.61, 29.819], [-104.68, 29.925], [-104.68, 29.975], [-104.707, 30.051], [-104.685, 30.086], [-104.687, 30.179], [-104.762, 30.301], [-104.86, 30.39], [-104.852, 30.419], [-104.899, 30.57], [-104.925, 30.605], [-104.972, 30.61], [-104.986, 30.661], [-105.152, 30.751], [-105.195, 30.792], [-105.261, 30.798], [-105.287, 30.822], [-105.397, 30.855], [-105.4, 30.889], [-105.557, 30.99], [-105.603, 31.083], [-105.649, 31.116], [-105.773, 31.167], [-105.869, 31.289], [-105.933, 31.313], [-105.954, 31.365], [-106.005, 31.392], [-106.08, 31.399], [-106.206, 31.466], [-106.246, 31.541], [-106.281, 31.562], [-106.304, 31.62], [-106.381, 31.732], [-106.452, 31.765], [-106.49, 31.748], [-106.528, 31.783], [-106.577, 31.81], [-106.645, 31.895], [-106.614, 31.953], [-106.618, 32.0], [-106.126, 32.003], [-105.429, 32.001], [-104.532, 32.0], [-103.723, 32.0], [-103.064, 32.001], [-103.065, 32.522], [-103.065, 33.0], [-103.053, 33.571], [-103.044, 33.975], [-103.044, 34.313], [-103.043, 34.85], [-103.042, 35.622], [-103.041, 36.055], [-103.042, 36.5]]]}}, {"type": "Feature", "properties": {"name": "California", "stusps": "CA", "statfp": "06"}, "geometry": {"type": "MultiPolygon", "coordinates": [[[[-118.603, 33.478], [-118.545, 33.474], [-118.446, 33.429], [-118.368, 33.407], [-118.31, 33.336], [-118.375, 33.32], [-118.465, 33.326], [-118.489, 33.357], [-118.489, 33.42], [-118.559, 33.433]]], [[[-118.606, 33.031], [-118.575, 33.034], [-118.497, 32.934], [-118.37, 32.839], [-118.426, 32.801], [-118.496, 32.852]]], [[[-119.579, 33.279], [-119.528, 33.285], [-119.458, 33.255], [-119.476, 33.216], [-119.546, 33.233]]], [[[-119.919, 34.077], [-119.808, 34.052], [-119.756, 34.057], [-119.687, 34.02], [-119.663, 33.986], [-119.721, 33.96], [-119.873, 33.98], [-119.876, 34.032]]], [[[-120.247, 34.002], [-120.074, 34.024], [-119.974, 33.942], [-120.122, 33.896], [-120.169, 33.919]]], [[[-120.449, 34.037], [-120.362, 34.073], [-120.358, 34.015]]], [[[-124.212, 41.998], [-123.728, 41.997], [-123.348, 41.999], [-123.146, 42.009], [-123.045, 42.003], [-122.635, 42.005], [-122.378, 42.01], [-121.581, 41.999], [-121.035, 41.993], [-120.286, 41.993], [-119.999, 41.995], [-119.998, 41.619], [-120.0, 41.184], [-119.996, 40.5], [-119.998, 39.957], [-120.006, 39.225], [-120.001, 39.0], [-119.588, 38.715], [-119.097, 38.373], [-118.772, 38.142], [-118.251, 37.769], [-117.876, 37.497], [-117.376, 37.127], [-117.001, 36.848], [-116.542, 36.5], [-116.094, 36.156], [-115.751, 35.889], [-115.271, 35.513], [-114.633, 35.002], [-114.631, 34.866], [-114.587, 34.836], [-114.553, 34.767], [-114.472, 34.713], [-114.381, 34.53], [-114.387, 34.458], [-114.343, 34.451], [-114.226, 34.366], [-114.177, 34.349], [-114.138, 34.303], [-114.167, 34.25], [-114.254, 34.174], [-114.325, 34.137], [-114.416, 34.108], [-114.46, 33.997], [-114.534, 33.926], [-114.503, 33.868], [-114.53, 33.848], [-114.496, 33.697], [-114.532, 33.675], [-114.559, 33.532], [-114.63, 33.428], [-114.723, 33.399], [-114.701, 33.337], [-114.731, 33.302], [-114.677, 33.27], [-114.679, 33.163], [-114.708, 33.097], [-114.671, 33.038], [-114.572, 33.037], [-114.506, 33.017], [-114.464, 32.913], [-114.469, 32.845], [-114.532, 32.791], [-114.539, 32.757], [-114.615, 32.734], [-114.689, 32.738], [-114.72, 32.719], [-115.465, 32.667], [-116.047, 32.623], [-116.627, 32.576], [-117.125, 32.534], [-117.139, 32.627], [-117.197, 32.689], [-117.246, 32.669], [-117.261, 32.803], [-117.282, 32.84], [-117.252, 32.874], [-117.281, 33.012], [-117.328, 33.122], [-117.506, 33.334], [-117.596, 33.387], [-117.646, 33.441], [-117.726, 33.483], [-117.785, 33.542], [-117.877, 33.592], [-117.927, 33.606], [-118.089, 33.73], [-118.181, 33.763], [-118.183, 33.723], [-118.259, 33.704], [-118.411, 33.742], [-118.428, 33.775], [-118.392, 33.841], [-118.442, 33.94], [-118.52, 34.028], [-118.569, 34.042], [-118.745, 34.032], [-118.805, 34.001], [-118.855, 34.034], [-118.955, 34.048], [-119.089, 34.098], [-119.13, 34.1], [-119.216, 34.146], [-119.27, 34.253], [-119.461, 34.374], [-119.559, 34.413], [-119.672, 34.416], [-119.709, 34.395], [-119.795, 34.418], [-119.874, 34.409], [-120.008, 34.46], [-120.141, 34.473], [-120.302, 34.467], [-120.471, 34.448], [-120.511, 34.523], [-120.646, 34.581], [-120.602, 34.692], [-120.637, 34.756], [-120.61, 34.843], [-120.671, 34.904], [-120.63, 35.062], [-120.636, 35.124], [-120.699, 35.171], [-120.786, 35.178], [-120.856, 35.206], [-120.897, 35.248], [-120.867, 35.327], [-120.869, 35.403], [-120.908, 35.449], [-121.003, 35.461], [-121.102, 35.549], [-121.167, 35.635], [-121.285, 35.674], [-121.332, 35.783], [-121.462, 35.886], [-121.503, 36.0], [-121.575, 36.025], [-121.63, 36.114], [-121.717, 36.195], [-121.814, 36.234], [-121.895, 36.318], [-121.902, 36.382], [-121.942, 36.486], [-121.933, 36.56], [-121.97, 36.583], [-121.924, 36.635], [-121.871, 36.605], [-121.825, 36.657], [-121.788, 36.804], [-121.862, 36.932], [-121.93, 36.978], [-121.973, 36.954], [-122.106, 36.956], [-122.206, 37.014], [-122.285, 37.102], [-122.405, 37.196], [-122.418, 37.249], [-122.401, 37.359], [-122.452, 37.481], [-122.517, 37.521], [-122.497, 37.686], [-122.514, 37.781], [-122.407, 37.811], [-122.37, 37.718], [-122.386, 37.638], [-122.36, 37.593], [-122.263, 37.573], [-122.168, 37.504], [-122.14, 37.508], [-122.163, 37.668], [-122.247, 37.722], [-122.264, 37.765], [-122.331, 37.784], [-122.304, 37.83], [-122.31, 37.893], [-122.389, 37.91], [-122.414, 37.937], [-122.369, 38.008], [-122.301, 38.011], [-122.263, 38.045], [-122.302, 38.105], [-122.394, 38.143], [-122.491, 38.108], [-122.498, 38.019], [-122.472, 37.903], [-122.476, 37.833], [-122.529, 37.819], [-122.561, 37.852], [-122.657, 37.905], [-122.703, 37.894], [-122.783, 37.951], [-122.821, 37.997], [-122.94, 38.032], [-123.012, 38.003], [-122.949, 38.154], [-122.969, 38.243], [-123.004, 38.297], [-123.075, 38.323], [-123.068, 38.36], [-123.129, 38.45], [-123.25, 38.511], [-123.332, 38.566], [-123.442, 38.7], [-123.647, 38.845], [-123.725, 38.917], [-123.694, 39.057], [-123.804, 39.279], [-123.826, 39.369], [-123.815, 39.447], [-123.766, 39.553], [-123.793, 39.684], [-123.83, 39.723], [-123.852, 39.832], [-123.908, 39.863], [-123.93, 39.91], [-124.036, 40.013], [-124.08, 40.03], [-124.111, 40.104], [-124.188, 40.131], [-124.363, 40.261], [-124.348, 40.315], [-124.374, 40.393], [-124.41, 40.438], [-124.329, 40.616], [-124.158, 40.876], [-124.112, 41.028], [-124.154, 41.054], [-124.144, 41.145], [-124.107, 41.23], [-124.063, 41.44], [-124.082, 41.548], [-124.136, 41.657], [-124.143, 41.709], [-124.256, 41.783], [-124.22, 41.846], [-124.203, 41.941]]]]}}, {"type": "Feature", "properties": {"name": "Kentucky", "stusps": "KY", "statfp": "21"}, "geometry": {"type": "MultiPolygon", "coordinates": [[[[-89.133, 36.982], [-89.183, 37.037], [-89.155, 37.089], [-89.03, 37.211], [-88.917, 37.224], [-88.806, 37.189], [-88.732, 37.144], [-88.631, 37.121], [-88.545, 37.07], [-88.459, 37.074], [-88.424, 37.152], [-88.448, 37.204], [-88.516, 37.284], [-88.477, 37.387], [-88.409, 37.425], [-88.362, 37.403], [-88.282, 37.453], [-88.088, 37.471], [-88.069, 37.525], [-88.133, 37.574], [-88.158, 37.665], [-88.125, 37.707], [-88.064, 37.739], [-88.028, 37.799], [-87.945, 37.775], [-87.907, 37.808], [-87.938, 37.891], [-87.905, 37.925], [-87.831, 37.877], [-87.684, 37.903], [-87.672, 37.829], [-87.615, 37.832], [-87.592, 37.887], [-87.626, 37.933], [-87.586, 37.975], [-87.551, 37.925], [-87.501, 37.909], [-87.45, 37.941], [-87.38, 37.936], [-87.221, 37.849], [-87.159, 37.838], [-87.128, 37.785], [-87.071, 37.802], [-87.033, 37.907], [-86.919, 37.937], [-86.856, 37.987], [-86.795, 37.989], [-86.751, 37.913], [-86.686, 37.913], [-86.598, 37.867], [-86.589, 37.921], [-86.534, 37.917], [-86.517, 38.043], [-86.452, 38.05], [-86.375, 38.131], [-86.348, 38.195], [-86.272, 38.138], [-86.267, 38.057], [-86.179, 38.011], [-86.108, 38.013], [-86.048, 37.959], [-86.021, 37.996], [-85.951, 38.006], [-85.906, 38.086], [-85.909, 38.161], [-85.792, 38.289], [-85.739, 38.269], [-85.654, 38.327], [-85.621, 38.423], [-85.588, 38.45], [-85.499, 38.468], [-85.433, 38.524], [-85.416, 38.564], [-85.439, 38.61], [-85.452, 38.709], [-85.411, 38.737], [-85.259, 38.738], [-85.191, 38.688], [-85.133, 38.702], [-84.979, 38.779], [-84.812, 38.793], [-84.813, 38.895], [-84.878, 38.92], [-84.837, 38.988], [-84.897, 39.052], [-84.82, 39.105], [-84.754, 39.147], [-84.632, 39.077], [-84.51, 39.094], [-84.471, 39.121], [-84.43, 39.058], [-84.36, 39.041], [-84.305, 39.006], [-84.288, 38.956], [-84.234, 38.893], [-84.213, 38.806], [-84.071, 38.77], [-83.979, 38.787], [-83.859, 38.757], [-83.784, 38.696], [-83.772, 38.658], [-83.668, 38.628], [-83.616, 38.684], [-83.521, 38.703], [-83.468, 38.675], [-83.367, 38.659], [-83.294, 38.597], [-83.24, 38.629], [-83.143, 38.625], [-83.103, 38.677], [-83.033, 38.724], [-82.979, 38.726], [-82.894, 38.757], [-82.87, 38.728], [-82.847, 38.595], [-82.8, 38.563], [-82.725, 38.558], [-82.614, 38.475], [-82.594, 38.422], [-82.598, 38.345], [-82.575, 38.264], [-82.637, 38.139], [-82.551, 38.071], [-82.518, 38.002], [-82.464, 37.983], [-82.502, 37.933], [-82.421, 37.886], [-82.42, 37.847], [-82.34, 37.786], [-82.296, 37.687], [-82.213, 37.625], [-82.132, 37.594], [-82.117, 37.56], [-82.055, 37.537], [-81.968, 37.538], [-82.351, 37.267], [-82.499, 37.227], [-82.722, 37.12], [-82.722, 37.058], [-82.782, 37.008], [-82.823, 37.004], [-82.879, 36.889], [-82.97, 36.858], [-83.073, 36.855], [-83.132, 36.781], [-83.136, 36.743], [-83.195, 36.739], [-83.386, 36.687], [-83.424, 36.667], [-83.532, 36.665], [-83.675, 36.601], [-83.691, 36.583], [-83.988, 36.59], [-84.543, 36.596], [-84.843, 36.605], [-85.195, 36.625], [-85.488, 36.615], [-85.832, 36.622], [-86.333, 36.649], [-86.59, 36.652], [-87.115, 36.642], [-87.414, 36.641], [-87.853, 36.633], [-87.85, 36.664], [-88.071, 36.678], [-88.032, 36.541], [-88.053, 36.497], [-88.331, 36.501], [-89.118, 36.504], [-89.3, 36.507], [-89.417, 36.499], [-89.375, 36.616], [-89.327, 36.632], [-89.258, 36.565], [-89.227, 36.569], [-89.159, 36.666], [-89.199, 36.716], [-89.167, 36.76], [-89.177, 36.807], [-89.138, 36.847], [-89.101, 36.944]]], [[[-89.485, 36.497], [-89.539, 36.498], [-89.571, 36.547], [-89.553, 36.577], [-89.485, 36.572]]]]}}, {"type": "Feature", "properties": {"name": "Ohio", "stusps": "OH", "statfp": "39"}, "geometry": {"type": "Polygon", "coordinates": [[[-84.806, 41.696], [-84.36, 41.707], [-83.454, 41.733], [-83.446, 41.707], [-83.357, 41.688], [-83.327, 41.702], [-83.232, 41.644], [-83.067, 41.595], [-83.0, 41.539], [-82.934, 41.514], [-82.857, 41.548], [-82.722, 41.517], [-82.617, 41.428], [-82.481, 41.381], [-82.362, 41.427], [-82.255, 41.434], [-82.193, 41.465], [-82.012, 41.516], [-81.938, 41.491], [-81.745, 41.487], [-81.6, 41.561], [-81.443, 41.673], [-81.287, 41.76], [-81.249, 41.761], [-81.01, 41.854], [-80.9, 41.869], [-80.519, 41.978], [-80.519, 41.249], [-80.519, 40.639], [-80.577, 40.614], [-80.627, 40.62], [-80.667, 40.574], [-80.599, 40.483], [-80.611, 40.438], [-80.6, 40.318], [-80.705, 40.155], [-80.74, 39.971], [-80.803, 39.919], [-80.793, 39.864], [-80.865, 39.753], [-80.88, 39.621], [-80.933, 39.615], [-81.024, 39.552], [-81.134, 39.445], [-81.186, 39.431], [-81.224, 39.386], [-81.271, 39.386], [-81.348, 39.346], [-81.456, 39.409], [-81.558, 39.339], [-81.57, 39.268], [-81.678, 39.274], [-81.691, 39.228], [-81.756, 39.177], [-81.752, 39.09], [-81.812, 39.06], [-81.764, 39.015], [-81.782, 38.965], [-81.844, 38.929], [-81.889, 38.874], [-81.927, 38.901], [-81.901, 38.938], [-81.933, 38.988], [-82.036, 39.025], [-82.089, 38.976], [-82.143, 38.898], [-82.145, 38.84], [-82.217, 38.796], [-82.182, 38.709], [-82.172, 38.626], [-82.189, 38.595], [-82.291, 38.579], [-82.324, 38.449], [-82.405, 38.439], [-82.53, 38.405], [-82.594, 38.422], [-82.614, 38.475], [-82.725, 38.558], [-82.8, 38.563], [-82.847, 38.595], [-82.87, 38.728], [-82.894, 38.757], [-82.979, 38.726], [-83.033, 38.724], [-83.103, 38.677], [-83.143, 38.625], [-83.24, 38.629], [-83.294, 38.597], [-83.367, 38.659], [-83.468, 38.675], [-83.521, 38.703], [-83.616, 38.684], [-83.668, 38.628], [-83.772, 38.658], [-83.784, 38.696], [-83.859, 38.757], [-83.979, 38.787], [-84.071, 38.77], [-84.213, 38.806], [-84.234, 38.893], [-84.288, 38.956], [-84.305, 39.006], [-84.36, 39.041], [-84.43, 39.058], [-84.471, 39.121], [-84.51, 39.094], [-84.632, 39.077], [-84.754, 39.147], [-84.82, 39.105], [-84.814, 39.814], [-84.804, 40.31], [-84.802, 40.801], [-84.804, 41.436]]]}}, {"type": "Feature", "properties": {"name": "Alabama", "stusps": "AL", "statfp": "01"}, "geometry": {"type": "Polygon", "coordinates": [[[-88.2, 34.996], [-88.203, 35.008], [-87.429, 35.003], [-86.862, 34.992], [-86.397, 34.992], [-85.605, 34.985], [-85.561, 34.75], [-85.47, 34.328], [-85.357, 33.75], [-85.304, 33.483], [-85.184, 32.861], [-85.168, 32.812], [-85.122, 32.773], [-85.115, 32.686], [-85.089, 32.658], [-85.068, 32.58], [-85.007, 32.524], [-84.972, 32.443], [-85.002, 32.322], [-84.934, 32.298], [-84.889, 32.262], [-84.925, 32.222], [-85.011, 32.18], [-85.059, 32.136], [-85.054, 32.014], [-85.082, 31.945], [-85.13, 31.884], [-85.142, 31.839], [-85.119, 31.733], [-85.126, 31.695], [-85.062, 31.623], [-85.045, 31.518], [-85.092, 31.363], [-85.09, 31.295], [-85.108, 31.186], [-85.036, 31.108], [-85.002, 31.001], [-85.894, 30.993], [-86.52, 30.993], [-87.141, 31.0], [-87.599, 30.997], [-87.589, 30.964], [-87.635, 30.866], [-87.552, 30.786], [-87.533, 30.743], [-87.407, 30.675], [-87.394, 30.631], [-87.447, 30.527], [-87.436, 30.48], [-87.371, 30.43], [-87.43, 30.406], [-87.451, 30.346], [-87.518, 30.28], [-87.657, 30.25], [-87.767, 30.262], [-87.756, 30.291], [-87.845, 30.377], [-87.906, 30.409], [-87.933, 30.487], [-87.902, 30.551], [-87.937, 30.657], [-88.008, 30.685], [-88.062, 30.645], [-88.054, 30.612], [-88.101, 30.51], [-88.107, 30.377], [-88.136, 30.321], [-88.192, 30.317], [-88.204, 30.362], [-88.332, 30.388], [-88.395, 30.369], [-88.419, 30.867], [-88.439, 31.247], [-88.473, 31.894], [-88.404, 32.45], [-88.331, 33.073], [-88.252, 33.72], [-88.211, 34.029], [-88.134, 34.623], [-88.098, 34.892], [-88.155, 34.922]]]}}, {"type": "Feature", "properties": {"name": "Georgia", "stusps": "GA", "statfp": "13"}, "geometry": {"type": "Polygon", "coordinates": [[[-85.605, 34.985], [-85.385, 34.983], [-84.939, 34.988], [-84.322, 34.988], [-83.62, 34.987], [-83.62, 34.992], [-83.109, 35.001], [-83.121, 34.939], [-83.239, 34.876], [-83.268, 34.821], [-83.324, 34.79], [-83.353, 34.729], [-83.339, 34.682], [-83.168, 34.591], [-83.085, 34.531], [-83.069, 34.502], [-83.003, 34.472], [-82.903, 34.486], [-82.861, 34.457], [-82.835, 34.366], [-82.794, 34.34], [-82.747, 34.266], [-82.718, 34.151], [-82.677, 34.132], [-82.641, 34.068], [-82.596, 34.031], [-82.557, 33.945], [-82.423, 33.864], [-82.347, 33.834], [-82.255, 33.76], [-82.197, 33.631], [-82.134, 33.591], [-82.046, 33.564], [-81.986, 33.487], [-81.914, 33.441], [-81.945, 33.364], [-81.906, 33.324], [-81.847, 33.307], [-81.828, 33.229], [-81.757, 33.198], [-81.763, 33.159], [-81.705, 33.116], [-81.618, 33.095], [-81.491, 33.008], [-81.503, 32.939], [-81.422, 32.835], [-81.428, 32.702], [-81.401, 32.677], [-81.412, 32.618], [-81.367, 32.577], [-81.281, 32.556], [-81.2, 32.468], [-81.205, 32.424], [-81.12, 32.288], [-81.156, 32.241], [-81.118, 32.189], [-81.117, 32.118], [-81.067, 32.09], [-81.007, 32.101], [-80.918, 32.038], [-80.886, 32.035], [-80.841, 32.011], [-80.863, 31.969], [-80.911, 31.944], [-81.04, 31.823], [-81.068, 31.769], [-81.131, 31.723], [-81.133, 31.623], [-81.16, 31.57], [-81.254, 31.556], [-81.259, 31.529], [-81.177, 31.517], [-81.279, 31.367], [-81.275, 31.289], [-81.314, 31.208], [-81.368, 31.137], [-81.4, 31.134], [-81.42, 31.017], [-81.494, 30.978], [-81.403, 30.958], [-81.405, 30.908], [-81.447, 30.81], [-81.459, 30.742], [-81.444, 30.71], [-81.49, 30.726], [-81.541, 30.713], [-81.695, 30.748], [-81.72, 30.745], [-81.809, 30.79], [-81.869, 30.793], [-81.95, 30.827], [-81.979, 30.776], [-82.04, 30.748], [-82.05, 30.656], [-82.012, 30.594], [-82.018, 30.475], [-82.048, 30.363], [-82.17, 30.359], [-82.21, 30.425], [-82.201, 30.485], [-82.236, 30.545], [-82.215, 30.569], [-83.131, 30.624], [-83.5, 30.646], [-84.057, 30.675], [-84.865, 30.712], [-84.914, 30.754], [-84.936, 30.821], [-84.937, 30.885], [-84.984, 30.937], [-85.002, 31.001], [-85.036, 31.108], [-85.108, 31.186], [-85.09, 31.295], [-85.092, 31.363], [-85.045, 31.518], [-85.062, 31.623], [-85.126, 31.695], [-85.119, 31.733], [-85.142, 31.839], [-85.13, 31.884], [-85.082, 31.945], [-85.054, 32.014], [-85.059, 32.136], [-85.011, 32.18], [-84.925, 32.222], [-84.889, 32.262], [-84.934, 32.298], [-85.002, 32.322], [-84.972, 32.443], [-85.007, 32.524], [-85.068, 32.58], [-85.089, 32.658], [-85.115, 32.686], [-85.122, 32.773], [-85.168, 32.812], [-85.184, 32.861], [-85.304, 33.483], [-85.357, 33.75], [-85.47, 34.328], [-85.561, 34.75]]]}}, {"type": "Feature", "properties": {"name": "Wisconsin", "stusps": "WI", "statfp": "55"}, "geometry": {"type": "MultiPolygon", "coordinates": [[[[-86.956, 45.352], [-86.943, 45.415], [-86.824, 45.406], [-86.899, 45.323]]], [[[-90.652, 46.925], [-90.529, 46.968], [-90.549, 46.915]]], [[[-90.777, 47.024], [-90.65, 47.055], [-90.61, 46.991], [-90.672, 46.949]]], [[[-90.792, 46.785], [-90.733, 46.8], [-90.616, 46.874], [-90.569, 46.847], [-90.676, 46.819], [-90.764, 46.755]]], [[[-92.015, 46.706], [-91.943, 46.68], [-91.82, 46.69], [-91.574, 46.757], [-91.511, 46.757], [-91.227, 46.864], [-91.168, 46.845], [-91.097, 46.862], [-90.995, 46.918], [-90.838, 46.957], [-90.755, 46.898], [-90.799, 46.823], [-90.885, 46.756], [-90.853, 46.7], [-90.911, 46.663], [-90.951, 46.597], [-90.906, 46.584], [-90.755, 46.646], [-90.737, 46.692], [-90.586, 46.6], [-90.418, 46.566], [-90.337, 46.554], [-90.265, 46.504], [-90.217, 46.502], [-90.119, 46.359], [-90.12, 46.337], [-89.496, 46.216], [-89.092, 46.139], [-88.776, 46.016], [-88.74, 46.027], [-88.616, 45.988], [-88.565, 46.016], [-88.506, 46.013], [-88.417, 45.975], [-88.103, 45.922], [-88.089, 45.856], [-88.136, 45.819], [-88.094, 45.786], [-87.996, 45.795], [-87.963, 45.758], [-87.88, 45.755], [-87.782, 45.673], [-87.824, 45.647], [-87.778, 45.609], [-87.813, 45.464], [-87.862, 45.434], [-87.863, 45.353], [-87.754, 45.349], [-87.694, 45.39], [-87.648, 45.339], [-87.687, 45.298], [-87.742, 45.197], [-87.661, 45.108], [-87.59, 45.095], [-87.626, 45.045], [-87.63, 44.977], [-87.82, 44.951], [-87.828, 44.891], [-87.901, 44.827], [-87.983, 44.72], [-88.012, 44.602], [-88.006, 44.539], [-87.929, 44.536], [-87.867, 44.608], [-87.766, 44.642], [-87.721, 44.725], [-87.61, 44.838], [-87.515, 44.87], [-87.478, 44.864], [-87.406, 44.904], [-87.36, 44.988], [-87.265, 45.081], [-87.238, 45.167], [-87.12, 45.191], [-87.109, 45.257], [-87.017, 45.299], [-86.983, 45.295], [-86.986, 45.216], [-87.033, 45.222], [-87.048, 45.089], [-87.189, 44.969], [-87.172, 44.931], [-87.205, 44.876], [-87.305, 44.805], [-87.394, 44.641], [-87.437, 44.605], [-87.484, 44.511], [-87.518, 44.376], [-87.545, 44.321], [-87.508, 44.23], [-87.52, 44.18], [-87.647, 44.105], [-87.736, 43.88], [-87.7, 43.767], [-87.706, 43.68], [-87.79, 43.563], [-87.793, 43.493], [-87.865, 43.394], [-87.912, 43.25], [-87.881, 43.171], [-87.9, 43.137], [-87.866, 43.074], [-87.888, 43.001], [-87.843, 42.944], [-87.848, 42.889], [-87.823, 42.835], [-87.767, 42.785], [-87.815, 42.644], [-87.8, 42.492], [-88.115, 42.496], [-88.787, 42.492], [-89.251, 42.498], [-90.074, 42.508], [-90.643, 42.508], [-90.662, 42.568], [-90.72, 42.641], [-90.952, 42.687], [-91.051, 42.737], [-91.101, 42.883], [-91.146, 42.91], [-91.175, 43.039], [-91.178, 43.129], [-91.058, 43.254], [-91.129, 43.326], [-91.202, 43.349], [-91.198, 43.395], [-91.232, 43.46], [-91.218, 43.501], [-91.232, 43.582], [-91.269, 43.615], [-91.268, 43.71], [-91.244, 43.775], [-91.284, 43.847], [-91.441, 44.002], [-91.583, 44.027], [-91.711, 44.12], [-91.875, 44.201], [-91.926, 44.334], [-92.054, 44.401], [-92.215, 44.439], [-92.277, 44.474], [-92.348, 44.557], [-92.518, 44.575], [-92.621, 44.615], [-92.622, 44.639], [-92.737, 44.717], [-92.808, 44.751], [-92.765, 44.841], [-92.775, 44.893], [-92.751, 44.937], [-92.765, 45.029], [-92.792, 45.08], [-92.745, 45.108], [-92.767, 45.185], [-92.759, 45.291], [-92.65, 45.399], [-92.647, 45.442], [-92.77, 45.567], [-92.884, 45.575], [-92.869, 45.718], [-92.785, 45.764], [-92.708, 45.895], [-92.64, 45.932], [-92.464, 45.976], [-92.421, 46.027], [-92.362, 46.013], [-92.294, 46.074], [-92.292, 46.666], [-92.212, 46.65], [-92.089, 46.749]]]]}}, {"type": "Feature", "properties": {"name": "Oregon", "stusps": "OR", "statfp": "41"}, "geometry": {"type": "Polygon", "coordinates": [[[-123.548, 46.259], [-123.48, 46.269], [-123.428, 46.229], [-123.431, 46.182], [-123.371, 46.146], [-123.28, 46.145], [-123.166, 46.189], [-123.116, 46.185], [-122.904, 46.084], [-122.814, 45.961], [-122.785, 45.868], [-122.796, 45.81], [-122.76, 45.734], [-122.764, 45.657], [-122.675, 45.618], [-122.475, 45.578], [-122.38, 45.576], [-122.332, 45.548], [-122.249, 45.548], [-122.184, 45.578], [-122.102, 45.584], [-121.908, 45.654], [-121.811, 45.707], [-121.735, 45.694], [-121.533, 45.727], [-121.402, 45.693], [-121.338, 45.705], [-121.216, 45.671], [-121.184, 45.606], [-121.132, 45.61], [-121.085, 45.648], [-120.856, 45.672], [-120.689, 45.716], [-120.635, 45.746], [-120.559, 45.738], [-120.506, 45.7], [-120.404, 45.699], [-120.211, 45.726], [-120.17, 45.762], [-119.966, 45.824], [-119.67, 45.857], [-119.623, 45.906], [-119.364, 45.922], [-119.257, 45.94], [-119.126, 45.933], [-118.987, 46.0], [-118.126, 46.0], [-117.475, 45.998], [-116.916, 45.995], [-116.783, 45.825], [-116.698, 45.821], [-116.665, 45.782], [-116.593, 45.779], [-116.536, 45.734], [-116.535, 45.692], [-116.464, 45.616], [-116.549, 45.51], [-116.674, 45.322], [-116.731, 45.14], [-116.848, 45.023], [-116.832, 44.933], [-116.935, 44.784], [-117.044, 44.745], [-117.121, 44.615], [-117.144, 44.546], [-117.226, 44.479], [-117.215, 44.427], [-117.243, 44.397], [-117.19, 44.337], [-117.217, 44.288], [-117.17, 44.259], [-117.104, 44.28], [-117.057, 44.231], [-116.976, 44.243], [-116.972, 44.197], [-116.896, 44.154], [-116.934, 44.1], [-116.977, 44.085], [-116.934, 44.021], [-116.96, 43.983], [-116.982, 43.869], [-117.027, 43.808], [-117.027, 43.025], [-117.027, 42.625], [-117.026, 42.0], [-117.626, 41.998], [-118.197, 41.997], [-118.696, 41.992], [-119.208, 41.993], [-119.79, 41.998], [-119.999, 41.995], [-120.286, 41.993], [-121.035, 41.993], [-121.581, 41.999], [-122.378, 42.01], [-122.635, 42.005], [-123.045, 42.003], [-123.146, 42.009], [-123.348, 41.999], [-123.728, 41.997], [-124.212, 41.998], [-124.3, 42.052], [-124.356, 42.115], [-124.361, 42.181], [-124.411, 42.251], [-124.429, 42.332], [-124.435, 42.44], [-124.39, 42.575], [-124.417, 42.662], [-124.474, 42.733], [-124.515, 42.737], [-124.552, 42.841], [-124.457, 43.0], [-124.434, 43.116], [-124.382, 43.27], [-124.403, 43.306], [-124.342, 43.351], [-124.287, 43.436], [-124.234, 43.557], [-124.168, 43.809], [-124.122, 44.104], [-124.109, 44.265], [-124.084, 44.416], [-124.084, 44.501], [-124.058, 44.659], [-124.067, 44.831], [-124.032, 44.901], [-123.975, 45.145], [-123.964, 45.317], [-123.98, 45.348], [-123.961, 45.431], [-123.939, 45.662], [-123.969, 45.757], [-123.968, 45.908], [-123.994, 45.946], [-123.937, 45.977], [-123.933, 46.072], [-124.01, 46.224], [-123.855, 46.157], [-123.758, 46.213], [-123.718, 46.189], [-123.62, 46.215]]]}}, {"type": "Feature", "properties": {"name": "Pennsylvania", "stusps": "PA", "statfp": "42"}, "geometry": {"type": "Polygon", "coordinates": [[[-80.519, 41.978], [-80.33, 42.036], [-80.188, 42.094], [-80.136, 42.15], [-80.061, 42.145], [-79.931, 42.207], [-79.762, 42.27], [-79.761, 41.999], [-78.875, 41.998], [-77.832, 41.999], [-77.125, 41.999], [-76.75, 42.002], [-76.344, 41.998], [-75.742, 41.998], [-75.36, 41.999], [-75.279, 41.939], [-75.264, 41.871], [-75.198, 41.869], [-75.114, 41.844], [-75.105, 41.774], [-75.053, 41.753], [-75.044, 41.618], [-75.075, 41.606], [-74.984, 41.507], [-74.909, 41.472], [-74.889, 41.438], [-74.759, 41.423], [-74.695, 41.357], [-74.753, 41.346], [-74.838, 41.277], [-74.882, 41.181], [-74.982, 41.108], [-75.026, 41.04], [-75.131, 40.991], [-75.051, 40.868], [-75.109, 40.791], [-75.172, 40.778], [-75.204, 40.691], [-75.194, 40.576], [-75.1, 40.568], [-75.069, 40.542], [-75.056, 40.416], [-74.964, 40.395], [-74.94, 40.338], [-74.868, 40.295], [-74.842, 40.251], [-74.77, 40.215], [-74.726, 40.145], [-74.816, 40.128], [-74.864, 40.082], [-74.932, 40.068], [-75.13, 39.959], [-75.151, 39.883], [-75.271, 39.849], [-75.33, 39.849], [-75.415, 39.802], [-75.499, 39.833], [-75.617, 39.834], [-75.701, 39.803], [-75.789, 39.722], [-76.233, 39.722], [-76.991, 39.72], [-77.535, 39.72], [-78.538, 39.723], [-79.477, 39.721], [-79.853, 39.721], [-80.519, 39.721], [-80.519, 40.096], [-80.519, 40.639], [-80.519, 41.249]]]}}, {"type": "Feature", "properties": {"name": "Mississippi", "stusps": "MS", "statfp": "28"}, "geometry": {"type": "Polygon", "coordinates": [[[-91.166, 33.004], [-91.125, 33.064], [-91.201, 33.11], [-91.184, 33.142], [-91.088, 33.145], [-91.083, 33.222], [-91.142, 33.3], [-91.142, 33.349], [-91.209, 33.404], [-91.169, 33.453], [-91.228, 33.565], [-91.132, 33.599], [-91.139, 33.626], [-91.219, 33.662], [-91.161, 33.707], [-91.084, 33.657], [-91.035, 33.673], [-91.068, 33.716], [-91.145, 33.727], [-91.107, 33.771], [-91.054, 33.779], [-91.071, 33.867], [-91.011, 33.926], [-91.088, 33.975], [-90.988, 34.019], [-90.889, 34.03], [-90.87, 34.083], [-90.946, 34.109], [-90.91, 34.166], [-90.823, 34.144], [-90.817, 34.183], [-90.888, 34.182], [-90.933, 34.215], [-90.907, 34.244], [-90.848, 34.207], [-90.832, 34.267], [-90.741, 34.307], [-90.756, 34.367], [-90.683, 34.369], [-90.614, 34.391], [-90.567, 34.43], [-90.59, 34.485], [-90.546, 34.538], [-90.587, 34.616], [-90.517, 34.631], [-90.467, 34.696], [-90.451, 34.748], [-90.484, 34.861], [-90.437, 34.883], [-90.415, 34.832], [-90.25, 34.907], [-90.25, 34.951], [-90.309, 34.996], [-89.848, 34.994], [-89.435, 34.994], [-88.851, 34.995], [-88.2, 34.996], [-88.155, 34.922], [-88.098, 34.892], [-88.134, 34.623], [-88.211, 34.029], [-88.252, 33.72], [-88.331, 33.073], [-88.404, 32.45], [-88.473, 31.894], [-88.439, 31.247], [-88.419, 30.867], [-88.395, 30.369], [-88.454, 30.33], [-88.664, 30.362], [-88.701, 30.344], [-88.819, 30.361], [-88.922, 30.394], [-89.083, 30.368], [-89.272, 30.305], [-89.33, 30.303], [-89.419, 30.254], [-89.448, 30.185], [-89.525, 30.181], [-89.57, 30.18], [-89.617, 30.227], [-89.642, 30.304], [-89.63, 30.339], [-89.684, 30.406], [-89.683, 30.452], [-89.768, 30.515], [-89.82, 30.597], [-89.846, 30.707], [-89.756, 30.943], [-89.753, 31.002], [-90.381, 31.0], [-91.108, 30.999], [-91.625, 30.999], [-91.564, 31.039], [-91.568, 31.07], [-91.626, 31.117], [-91.59, 31.194], [-91.644, 31.234], [-91.638, 31.268], [-91.519, 31.275], [-91.516, 31.37], [-91.472, 31.396], [-91.513, 31.444], [-91.516, 31.531], [-91.45, 31.54], [-91.485, 31.586], [-91.498, 31.645], [-91.421, 31.612], [-91.396, 31.644], [-91.397, 31.711], [-91.346, 31.843], [-91.268, 31.863], [-91.201, 31.909], [-91.188, 31.961], [-91.076, 32.017], [-91.099, 32.048], [-91.039, 32.098], [-91.053, 32.124], [-91.163, 32.133], [-91.164, 32.197], [-91.034, 32.242], [-90.983, 32.212], [-90.948, 32.283], [-90.894, 32.328], [-91.005, 32.368], [-90.966, 32.434], [-91.03, 32.434], [-91.095, 32.459], [-91.117, 32.5], [-91.071, 32.549], [-91.119, 32.585], [-91.153, 32.641], [-91.064, 32.703], [-91.061, 32.727], [-91.165, 32.751], [-91.145, 32.843], [-91.071, 32.889], [-91.087, 32.976], [-91.16, 32.9], [-91.213, 32.922]]]}}, {"type": "Feature", "properties": {"name": "Missouri", "stusps": "MO", "statfp": "29"}, "geometry": {"type": "Polygon", "coordinates": [[[-95.766, 40.585], [-94.992, 40.576], [-94.489, 40.571], [-94.034, 40.574], [-93.261, 40.581], [-92.757, 40.589], [-92.096, 40.602], [-91.729, 40.614], [-91.682, 40.553], [-91.625, 40.544], [-91.617, 40.505], [-91.485, 40.384], [-91.419, 40.378], [-91.462, 40.342], [-91.507, 40.236], [-91.51, 40.128], [-91.495, 40.036], [-91.421, 39.915], [-91.448, 39.878], [-91.43, 39.838], [-91.362, 39.785], [-91.37, 39.733], [-91.241, 39.63], [-91.186, 39.605], [-91.148, 39.546], [-91.1, 39.539], [-91.059, 39.469], [-90.994, 39.423], [-90.84, 39.34], [-90.727, 39.251], [-90.683, 39.088], [-90.713, 39.057], [-90.661, 38.925], [-90.583, 38.869], [-90.544, 38.875], [-90.451, 38.968], [-90.309, 38.924], [-90.25, 38.919], [-90.113, 38.849], [-90.123, 38.798], [-90.166, 38.773], [-90.212, 38.712], [-90.183, 38.665], [-90.192, 38.599], [-90.26, 38.528], [-90.295, 38.427], [-90.35, 38.378], [-90.374, 38.282], [-90.354, 38.214], [-90.275, 38.158], [-90.243, 38.113], [-90.131, 38.062], [-90.008, 37.97], [-89.974, 37.919], [-89.902, 37.87], [-89.845, 37.906], [-89.796, 37.86], [-89.74, 37.847], [-89.583, 37.713], [-89.512, 37.686], [-89.516, 37.536], [-89.422, 37.397], [-89.436, 37.344], [-89.491, 37.331], [-89.518, 37.285], [-89.461, 37.251], [-89.462, 37.2], [-89.376, 37.086], [-89.378, 37.04], [-89.292, 36.992], [-89.198, 37.012], [-89.133, 36.982], [-89.101, 36.944], [-89.138, 36.847], [-89.177, 36.807], [-89.167, 36.76], [-89.199, 36.716], [-89.159, 36.666], [-89.227, 36.569], [-89.258, 36.565], [-89.327, 36.632], [-89.375, 36.616], [-89.417, 36.499], [-89.485, 36.497], [-89.485, 36.572], [-89.553, 36.577], [-89.571, 36.547], [-89.539, 36.498], [-89.542, 36.42], [-89.51, 36.374], [-89.532, 36.339], [-89.611, 36.34], [-89.612, 36.309], [-89.536, 36.271], [-89.587, 36.239], [-89.695, 36.253], [-89.693, 36.225], [-89.607, 36.171], [-89.594, 36.127], [-89.68, 36.082], [-89.687, 36.034], [-89.733, 36.001], [-90.378, 35.996], [-90.319, 36.09], [-90.236, 36.139], [-90.183, 36.205], [-90.084, 36.272], [-90.066, 36.386], [-90.144, 36.424], [-90.152, 36.498], [-90.693, 36.499], [-91.405, 36.497], [-92.35, 36.498], [-93.126, 36.498], [-94.111, 36.499], [-94.618, 36.499], [-94.618, 36.999], [-94.618, 37.773], [-94.613, 38.218], [-94.612, 38.62], [-94.607, 39.119], [-94.616, 39.16], [-94.687, 39.184], [-94.737, 39.169], [-94.824, 39.21], [-94.846, 39.268], [-94.9, 39.3], [-94.923, 39.384], [-95.103, 39.533], [-95.057, 39.581], [-95.028, 39.665], [-94.969, 39.693], [-94.955, 39.746], [-94.887, 39.833], [-94.943, 39.857], [-94.959, 39.902], [-95.019, 39.897], [-95.082, 39.862], [-95.206, 39.908], [-95.308, 40.0], [-95.422, 40.059], [-95.399, 40.126], [-95.476, 40.182], [-95.47, 40.228], [-95.61, 40.314], [-95.693, 40.469], [-95.697, 40.528], [-95.757, 40.526]]]}}, {"type": "Feature", "properties": {"name": "North Carolina", "stusps": "NC", "statfp": "37"}, "geometry": {"type": "MultiPolygon", "coordinates": [[[[-76.014, 35.069], [-75.984, 35.12], [-75.641, 35.234], [-75.536, 35.273], [-75.526, 35.234], [-75.61, 35.228], [-75.77, 35.18]]], [[[-81.678, 36.588], [-80.838, 36.559], [-80.705, 36.562], [-80.295, 36.544], [-79.511, 36.541], [-78.979, 36.542], [-78.51, 36.541], [-77.75, 36.546], [-76.916, 36.544], [-76.807, 36.551], [-76.313, 36.551], [-75.867, 36.551], [-75.819, 36.358], [-75.773, 36.229], [-75.718, 36.114], [-75.659, 36.02], [-75.724, 36.003], [-75.759, 36.152], [-75.814, 36.285], [-75.851, 36.416], [-75.9, 36.482], [-75.99, 36.494], [-76.02, 36.459], [-75.924, 36.368], [-75.8, 36.113], [-75.868, 36.127], [-75.864, 36.159], [-75.911, 36.212], [-76.017, 36.186], [-76.132, 36.288], [-76.149, 36.264], [-76.08, 36.199], [-76.072, 36.14], [-76.179, 36.123], [-76.217, 36.095], [-76.265, 36.105], [-76.411, 36.078], [-76.459, 36.024], [-76.576, 36.006], [-76.615, 36.038], [-76.676, 36.044], [-76.674, 35.935], [-76.529, 35.944], [-76.398, 35.984], [-76.363, 35.942], [-76.177, 35.993], [-76.062, 35.993], [-76.014, 35.957], [-76.014, 35.921], [-76.063, 35.853], [-76.047, 35.718], [-75.987, 35.768], [-75.978, 35.897], [-75.899, 35.977], [-75.85, 35.976], [-75.782, 35.936], [-75.727, 35.811], [-75.739, 35.771], [-75.714, 35.694], [-75.73, 35.626], [-75.837, 35.571], [-75.895, 35.573], [-75.996, 35.475], [-76.011, 35.423], [-76.064, 35.405], [-76.069, 35.371], [-76.143, 35.329], [-76.341, 35.347], [-76.486, 35.371], [-76.54, 35.411], [-76.586, 35.509], [-76.477, 35.512], [-76.484, 35.538], [-76.6, 35.539], [-76.634, 35.51], [-76.601, 35.461], [-76.606, 35.387], [-76.71, 35.427], [-76.759, 35.419], [-76.831, 35.448], [-77.027, 35.491], [-76.967, 35.438], [-76.892, 35.434], [-76.664, 35.346], [-76.5, 35.322], [-76.468, 35.261], [-76.54, 35.167], [-76.546, 35.123], [-76.6, 35.068], [-76.801, 34.964], [-76.983, 35.061], [-76.977, 35.005], [-76.894, 34.957], [-76.763, 34.92], [-76.635, 34.989], [-76.503, 35.007], [-76.475, 35.07], [-76.436, 35.058], [-76.396, 34.975], [-76.332, 34.971], [-76.278, 34.94], [-76.348, 34.872], [-76.449, 34.815], [-76.502, 34.743], [-76.525, 34.682], [-76.323, 34.861], [-76.494, 34.662], [-76.549, 34.646], [-76.676, 34.693], [-76.77, 34.697], [-77.031, 34.661], [-77.209, 34.605], [-77.323, 34.536], [-77.463, 34.471], [-77.582, 34.401], [-77.74, 34.273], [-77.829, 34.163], [-77.947, 33.912], [-77.96, 33.853], [-78.019, 33.888], [-78.178, 33.914], [-78.384, 33.902], [-78.541, 33.851], [-78.875, 34.134], [-79.25, 34.45], [-79.358, 34.545], [-79.675, 34.805], [-79.871, 34.805], [-80.5, 34.817], [-80.798, 34.82], [-80.782, 34.936], [-80.935, 35.107], [-81.041, 35.045], [-81.057, 35.086], [-81.044, 35.15], [-81.716, 35.179], [-82.177, 35.194], [-82.275, 35.2], [-82.46, 35.178], [-82.61, 35.139], [-82.754, 35.07], [-82.783, 35.086], [-83.109, 35.001], [-83.62, 34.992], [-83.62, 34.987], [-84.322, 34.988], [-84.29, 35.226], [-84.224, 35.269], [-84.199, 35.244], [-84.098, 35.247], [-84.021, 35.301], [-84.038, 35.348], [-84.022, 35.404], [-83.961, 35.464], [-83.912, 35.476], [-83.883, 35.517], [-83.826, 35.524], [-83.772, 35.562], [-83.63, 35.568], [-83.498, 35.563], [-83.446, 35.612], [-83.313, 35.655], [-83.241, 35.727], [-83.186, 35.73], [-83.159, 35.765], [-83.079, 35.789], [-82.992, 35.774], [-82.901, 35.873], [-82.899, 35.945], [-82.826, 35.93], [-82.785, 35.988], [-82.632, 36.066], [-82.595, 36.03], [-82.611, 35.967], [-82.55, 35.964], [-82.461, 36.008], [-82.409, 36.083], [-82.289, 36.136], [-82.205, 36.157], [-82.148, 36.15], [-82.131, 36.106], [-82.033, 36.12], [-81.908, 36.302], [-81.795, 36.358], [-81.723, 36.355], [-81.738, 36.411], [-81.695, 36.468], [-81.708, 36.536]]]]}}, {"type": "Feature", "properties": {"name": "Oklahoma", "stusps": "OK", "statfp": "40"}, "geometry": {"type": "Polygon", "coordinates": [[[-103.002, 37.0], [-102.698, 36.995], [-102.042, 36.993], [-101.358, 36.996], [-100.735, 36.999], [-100.202, 37.002], [-99.649, 37.0], [-99.029, 37.0], [-98.354, 36.998], [-97.462, 36.999], [-97.03, 36.999], [-96.5, 36.999], [-96.001, 36.999], [-95.408, 36.999], [-94.618, 36.999], [-94.618, 36.499], [-94.523, 35.934], [-94.431, 35.394], [-94.458, 34.643], [-94.47, 34.19], [-94.486, 33.638], [-94.652, 33.691], [-94.708, 33.687], [-94.775, 33.755], [-94.831, 33.74], [-94.92, 33.786], [-94.964, 33.837], [-95.049, 33.864], [-95.131, 33.937], [-95.23, 33.961], [-95.253, 33.905], [-95.295, 33.875], [-95.408, 33.866], [-95.533, 33.881], [-95.563, 33.932], [-95.714, 33.885], [-95.828, 33.836], [-95.935, 33.887], [-95.941, 33.862], [-96.049, 33.836], [-96.148, 33.838], [-96.169, 33.77], [-96.229, 33.748], [-96.277, 33.77], [-96.343, 33.687], [-96.423, 33.776], [-96.5, 33.773], [-96.527, 33.821], [-96.623, 33.841], [-96.597, 33.875], [-96.673, 33.912], [-96.691, 33.85], [-96.762, 33.824], [-96.794, 33.869], [-96.866, 33.853], [-96.922, 33.96], [-96.995, 33.932], [-96.986, 33.887], [-97.095, 33.799], [-97.097, 33.728], [-97.172, 33.738], [-97.205, 33.801], [-97.167, 33.847], [-97.211, 33.916], [-97.272, 33.863], [-97.337, 33.873], [-97.373, 33.819], [-97.463, 33.842], [-97.46, 33.904], [-97.501, 33.92], [-97.552, 33.898], [-97.589, 33.952], [-97.672, 33.991], [-97.834, 33.858], [-97.866, 33.849], [-97.968, 33.882], [-97.946, 33.988], [-98.083, 34.002], [-98.119, 34.084], [-98.169, 34.114], [-98.3, 34.135], [-98.364, 34.157], [-98.418, 34.083], [-98.486, 34.063], [-98.577, 34.149], [-98.648, 34.164], [-98.69, 34.133], [-98.766, 34.136], [-98.909, 34.177], [-98.95, 34.212], [-99.043, 34.198], [-99.19, 34.214], [-99.213, 34.34], [-99.261, 34.403], [-99.395, 34.442], [-99.397, 34.378], [-99.441, 34.374], [-99.5, 34.41], [-99.58, 34.417], [-99.6, 34.375], [-99.696, 34.381], [-99.754, 34.421], [-99.887, 34.549], [-99.946, 34.579], [-100.0, 34.561], [-100.0, 35.03], [-100.0, 35.619], [-100.0, 36.056], [-100.0, 36.5], [-100.522, 36.499], [-101.085, 36.499], [-101.624, 36.5], [-102.25, 36.5], [-103.002, 36.5]]]}}, {"type": "Feature", "properties": {"name": "West Virginia", "stusps": "WV", "statfp": "54"}, "geometry": {"type": "Polygon", "coordinates": [[[-82.594, 38.422], [-82.53, 38.405], [-82.405, 38.439], [-82.324, 38.449], [-82.291, 38.579], [-82.189, 38.595], [-82.172, 38.626], [-82.182, 38.709], [-82.217, 38.796], [-82.145, 38.84], [-82.143, 38.898], [-82.089, 38.976], [-82.036, 39.025], [-81.933, 38.988], [-81.901, 38.938], [-81.927, 38.901], [-81.889, 38.874], [-81.844, 38.929], [-81.782, 38.965], [-81.764, 39.015], [-81.812, 39.06], [-81.752, 39.09], [-81.756, 39.177], [-81.691, 39.228], [-81.678, 39.274], [-81.57, 39.268], [-81.558, 39.339], [-81.456, 39.409], [-81.348, 39.346], [-81.271, 39.386], [-81.224, 39.386], [-81.186, 39.431], [-81.134, 39.445], [-81.024, 39.552], [-80.933, 39.615], [-80.88, 39.621], [-80.865, 39.753], [-80.793, 39.864], [-80.803, 39.919], [-80.74, 39.971], [-80.705, 40.155], [-80.6, 40.318], [-80.611, 40.438], [-80.599, 40.483], [-80.667, 40.574], [-80.627, 40.62], [-80.577, 40.614], [-80.519, 40.639], [-80.519, 40.096], [-80.519, 39.721], [-79.853, 39.721], [-79.477, 39.721], [-79.487, 39.206], [-79.44, 39.217], [-79.387, 39.266], [-79.254, 39.337], [-79.13, 39.42], [-79.095, 39.463], [-78.953, 39.464], [-78.875, 39.523], [-78.826, 39.589], [-78.767, 39.587], [-78.689, 39.546], [-78.566, 39.519], [-78.463, 39.521], [-78.421, 39.624], [-78.352, 39.64], [-78.267, 39.619], [-78.171, 39.696], [-78.078, 39.669], [-78.011, 39.604], [-77.887, 39.613], [-77.886, 39.552], [-77.795, 39.481], [-77.788, 39.429], [-77.736, 39.388], [-77.758, 39.335], [-77.72, 39.321], [-77.747, 39.295], [-77.828, 39.132], [-78.347, 39.466], [-78.34, 39.353], [-78.419, 39.257], [-78.439, 39.198], [-78.404, 39.167], [-78.572, 39.032], [-78.602, 38.965], [-78.647, 38.968], [-78.68, 38.925], [-78.739, 38.927], [-78.788, 38.885], [-78.869, 38.763], [-78.994, 38.85], [-79.073, 38.748], [-79.093, 38.66], [-79.13, 38.655], [-79.211, 38.493], [-79.312, 38.412], [-79.477, 38.457], [-79.537, 38.551], [-79.649, 38.592], [-79.699, 38.475], [-79.69, 38.431], [-79.744, 38.354], [-79.81, 38.305], [-79.788, 38.273], [-79.898, 38.193], [-79.926, 38.107], [-80.003, 37.993], [-80.162, 37.875], [-80.257, 37.756], [-80.296, 37.692], [-80.259, 37.595], [-80.329, 37.564], [-80.3, 37.508], [-80.476, 37.423], [-80.515, 37.479], [-80.552, 37.474], [-80.705, 37.395], [-80.784, 37.395], [-80.857, 37.427], [-80.883, 37.384], [-80.849, 37.347], [-80.948, 37.296], [-80.98, 37.302], [-81.113, 37.278], [-81.225, 37.235], [-81.362, 37.338], [-81.417, 37.273], [-81.448, 37.271], [-81.561, 37.207], [-81.678, 37.201], [-81.762, 37.276], [-81.854, 37.307], [-81.928, 37.361], [-81.949, 37.446], [-81.997, 37.477], [-81.941, 37.509], [-81.968, 37.538], [-82.055, 37.537], [-82.117, 37.56], [-82.132, 37.594], [-82.213, 37.625], [-82.296, 37.687], [-82.34, 37.786], [-82.42, 37.847], [-82.421, 37.886], [-82.502, 37.933], [-82.464, 37.983], [-82.518, 38.002], [-82.551, 38.071], [-82.637, 38.139], [-82.575, 38.264], [-82.598, 38.345]]]}}, {"type": "Feature", "properties": {"name": "New York", "stusps": "NY", "statfp": "36"}, "geometry": {"type": "MultiPolygon", "coordinates": [[[[-74.087, 40.652], [-74.053, 40.604], [-74.113, 40.548], [-74.22, 40.503], [-74.261, 40.502], [-74.217, 40.559], [-74.202, 40.631]]], [[[-79.762, 42.27], [-79.645, 42.316], [-79.429, 42.428], [-79.352, 42.489], [-79.243, 42.532], [-79.149, 42.554], [-79.111, 42.613], [-79.064, 42.645], [-79.049, 42.689], [-78.918, 42.737], [-78.853, 42.784], [-78.859, 42.841], [-78.932, 42.956], [-79.012, 42.985], [-79.011, 43.064], [-79.074, 43.078], [-79.042, 43.144], [-79.07, 43.262], [-78.634, 43.358], [-78.489, 43.375], [-78.234, 43.369], [-78.105, 43.376], [-77.976, 43.369], [-77.757, 43.337], [-77.577, 43.243], [-77.391, 43.276], [-77.112, 43.288], [-76.952, 43.271], [-76.904, 43.292], [-76.769, 43.318], [-76.698, 43.344], [-76.631, 43.413], [-76.411, 43.523], [-76.297, 43.513], [-76.236, 43.529], [-76.203, 43.575], [-76.197, 43.65], [-76.229, 43.804], [-76.299, 43.839], [-76.26, 43.882], [-76.203, 43.863], [-76.127, 43.898], [-76.137, 43.935], [-76.321, 44.031], [-76.376, 44.032], [-76.371, 44.1], [-76.313, 44.199], [-76.245, 44.204], [-76.164, 44.24], [-76.162, 44.281], [-76.001, 44.348], [-75.913, 44.368], [-75.821, 44.432], [-75.766, 44.516], [-75.506, 44.705], [-75.241, 44.867], [-75.066, 44.93], [-74.972, 44.983], [-74.908, 44.983], [-74.827, 45.016], [-74.731, 44.99], [-74.684, 45.0], [-74.147, 44.992], [-73.875, 45.001], [-73.343, 45.011], [-73.338, 44.924], [-73.381, 44.845], [-73.335, 44.805], [-73.366, 44.742], [-73.39, 44.617], [-73.3, 44.477], [-73.296, 44.428], [-73.334, 44.372], [-73.311, 44.274], [-73.391, 44.189], [-73.438, 44.045], [-73.411, 44.027], [-73.409, 43.933], [-73.374, 43.874], [-73.393, 43.822], [-73.351, 43.772], [-73.428, 43.634], [-73.302, 43.624], [-73.247, 43.526], [-73.256, 43.259], [-73.279, 42.833], [-73.265, 42.746], [-73.508, 42.086], [-73.487, 42.05], [-73.521, 41.62], [-73.551, 41.295], [-73.483, 41.213], [-73.728, 41.101], [-73.655, 41.012], [-73.657, 40.985], [-73.686, 40.945], [-73.757, 40.913], [-73.765, 40.854], [-73.816, 40.835], [-73.781, 40.795], [-73.714, 40.87], [-73.676, 40.857], [-73.634, 40.898], [-73.5, 40.918], [-73.401, 40.954], [-73.353, 40.927], [-73.229, 40.905], [-73.149, 40.929], [-73.141, 40.966], [-72.774, 40.965], [-72.636, 40.982], [-72.477, 41.052], [-72.445, 41.086], [-72.335, 41.107], [-72.261, 41.042], [-72.163, 41.053], [-72.095, 40.991], [-71.919, 41.081], [-71.874, 41.052], [-72.114, 40.972], [-72.396, 40.867], [-72.768, 40.762], [-73.055, 40.666], [-73.208, 40.631], [-73.326, 40.633], [-73.559, 40.582], [-73.775, 40.591], [-73.941, 40.543], [-74.042, 40.625], [-74.047, 40.691], [-73.929, 40.89], [-73.903, 40.997], [-74.302, 41.173], [-74.695, 41.357], [-74.759, 41.423], [-74.889, 41.438], [-74.909, 41.472], [-74.984, 41.507], [-75.075, 41.606], [-75.044, 41.618], [-75.053, 41.753], [-75.105, 41.774], [-75.114, 41.844], [-75.198, 41.869], [-75.264, 41.871], [-75.279, 41.939], [-75.36, 41.999], [-75.742, 41.998], [-76.344, 41.998], [-76.75, 42.002], [-77.125, 41.999], [-77.832, 41.999], [-78.875, 41.998], [-79.761, 41.999]]]]}}, {"type": "Feature", "properties": {"name": "Indiana", "stusps": "IN", "statfp": "18"}, "geometry": {"type": "Polygon", "coordinates": [[[-87.524, 41.708], [-87.423, 41.643], [-87.278, 41.62], [-87.12, 41.646], [-86.935, 41.71], [-86.825, 41.76], [-86.519, 41.759], [-85.791, 41.759], [-84.806, 41.76], [-84.806, 41.696], [-84.804, 41.436], [-84.802, 40.801], [-84.804, 40.31], [-84.814, 39.814], [-84.82, 39.105], [-84.897, 39.052], [-84.837, 38.988], [-84.878, 38.92], [-84.813, 38.895], [-84.812, 38.793], [-84.979, 38.779], [-85.133, 38.702], [-85.191, 38.688], [-85.259, 38.738], [-85.411, 38.737], [-85.452, 38.709], [-85.439, 38.61], [-85.416, 38.564], [-85.433, 38.524], [-85.499, 38.468], [-85.588, 38.45], [-85.621, 38.423], [-85.654, 38.327], [-85.739, 38.269], [-85.792, 38.289], [-85.909, 38.161], [-85.906, 38.086], [-85.951, 38.006], [-86.021, 37.996], [-86.048, 37.959], [-86.108, 38.013], [-86.179, 38.011], [-86.267, 38.057], [-86.272, 38.138], [-86.348, 38.195], [-86.375, 38.131], [-86.452, 38.05], [-86.517, 38.043], [-86.534, 37.917], [-86.589, 37.921], [-86.598, 37.867], [-86.686, 37.913], [-86.751, 37.913], [-86.795, 37.989], [-86.856, 37.987], [-86.919, 37.937], [-87.033, 37.907], [-87.071, 37.802], [-87.128, 37.785], [-87.159, 37.838], [-87.221, 37.849], [-87.38, 37.936], [-87.45, 37.941], [-87.501, 37.909], [-87.551, 37.925], [-87.586, 37.975], [-87.626, 37.933], [-87.592, 37.887], [-87.615, 37.832], [-87.672, 37.829], [-87.684, 37.903], [-87.831, 37.877], [-87.905, 37.925], [-87.938, 37.891], [-87.907, 37.808], [-87.945, 37.775], [-88.028, 37.799], [-88.095, 37.894], [-88.013, 37.895], [-88.036, 37.943], [-88.013, 37.977], [-88.035, 38.051], [-88.013, 38.104], [-87.945, 38.127], [-87.937, 38.172], [-87.984, 38.21], [-87.937, 38.292], [-87.855, 38.275], [-87.806, 38.363], [-87.745, 38.409], [-87.74, 38.475], [-87.654, 38.512], [-87.661, 38.541], [-87.62, 38.639], [-87.52, 38.697], [-87.497, 38.779], [-87.551, 38.86], [-87.512, 38.954], [-87.578, 38.989], [-87.573, 39.057], [-87.632, 39.107], [-87.64, 39.167], [-87.575, 39.218], [-87.61, 39.282], [-87.589, 39.334], [-87.532, 39.348], [-87.533, 39.883], [-87.527, 40.462], [-87.527, 41.121]]]}}, {"type": "Feature", "properties": {"name": "Kansas", "stusps": "KS", "statfp": "20"}, "geometry": {"type": "Polygon", "coordinates": [[[-102.052, 40.003], [-101.41, 40.002], [-100.469, 40.002], [-99.813, 40.001], [-98.935, 40.002], [-98.1, 40.002], [-97.515, 40.002], [-97.05, 40.001], [-96.154, 40.0], [-95.308, 40.0], [-95.206, 39.908], [-95.082, 39.862], [-95.019, 39.897], [-94.959, 39.902], [-94.943, 39.857], [-94.887, 39.833], [-94.955, 39.746], [-94.969, 39.693], [-95.028, 39.665], [-95.057, 39.581], [-95.103, 39.533], [-94.923, 39.384], [-94.9, 39.3], [-94.846, 39.268], [-94.824, 39.21], [-94.737, 39.169], [-94.687, 39.184], [-94.616, 39.16], [-94.607, 39.119], [-94.612, 38.62], [-94.613, 38.218], [-94.618, 37.773], [-94.618, 36.999], [-95.408, 36.999], [-96.001, 36.999], [-96.5, 36.999], [-97.03, 36.999], [-97.462, 36.999], [-98.354, 36.998], [-99.029, 37.0], [-99.649, 37.0], [-100.202, 37.002], [-100.735, 36.999], [-101.358, 36.996], [-102.042, 36.993], [-102.042, 37.68], [-102.045, 38.046], [-102.045, 38.813], [-102.048, 39.303]]]}}, {"type": "Feature", "properties": {"name": "Idaho", "stusps": "ID", "statfp": "16"}, "geometry": {"type": "Polygon", "coordinates": [[[-116.916, 45.995], [-116.96, 46.099], [-116.924, 46.171], [-116.985, 46.293], [-117.056, 46.346], [-117.04, 46.425], [-117.04, 47.127], [-117.042, 47.839], [-117.035, 48.371], [-117.032, 48.999], [-116.049, 49.001], [-116.049, 48.515], [-116.049, 47.977], [-115.901, 47.843], [-115.852, 47.827], [-115.825, 47.752], [-115.723, 47.695], [-115.736, 47.655], [-115.694, 47.624], [-115.717, 47.534], [-115.685, 47.485], [-115.721, 47.425], [-115.549, 47.347], [-115.529, 47.303], [-115.407, 47.264], [-115.339, 47.262], [-115.3, 47.188], [-115.144, 47.101], [-115.088, 47.046], [-115.048, 46.97], [-115.001, 46.972], [-114.924, 46.918], [-114.927, 46.833], [-114.765, 46.758], [-114.787, 46.715], [-114.622, 46.708], [-114.641, 46.679], [-114.591, 46.634], [-114.481, 46.632], [-114.424, 46.66], [-114.324, 46.653], [-114.322, 46.611], [-114.387, 46.41], [-114.422, 46.387], [-114.414, 46.336], [-114.452, 46.241], [-114.446, 46.174], [-114.511, 46.166], [-114.521, 46.127], [-114.46, 46.097], [-114.487, 46.0], [-114.412, 45.978], [-114.431, 45.936], [-114.388, 45.882], [-114.502, 45.848], [-114.566, 45.774], [-114.495, 45.703], [-114.5, 45.669], [-114.561, 45.64], [-114.558, 45.585], [-114.46, 45.561], [-114.416, 45.51], [-114.333, 45.459], [-114.279, 45.48], [-114.248, 45.524], [-114.135, 45.557], [-114.068, 45.627], [-114.014, 45.658], [-113.987, 45.704], [-113.897, 45.641], [-113.807, 45.602], [-113.834, 45.52], [-113.768, 45.519], [-113.777, 45.415], [-113.734, 45.392], [-113.735, 45.325], [-113.685, 45.253], [-113.599, 45.191], [-113.549, 45.113], [-113.452, 45.059], [-113.444, 44.96], [-113.499, 44.942], [-113.422, 44.84], [-113.356, 44.82], [-113.342, 44.785], [-113.247, 44.823], [-113.131, 44.773], [-113.07, 44.679], [-113.084, 44.602], [-113.007, 44.526], [-113.003, 44.451], [-112.885, 44.398], [-112.776, 44.484], [-112.719, 44.504], [-112.664, 44.486], [-112.473, 44.48], [-112.387, 44.448], [-112.359, 44.529], [-112.286, 44.568], [-112.107, 44.521], [-112.033, 44.546], [-111.87, 44.564], [-111.806, 44.522], [-111.704, 44.56], [-111.614, 44.549], [-111.505, 44.562], [-111.524, 44.604], [-111.473, 44.665], [-111.486, 44.707], [-111.398, 44.723], [-111.306, 44.707], [-111.109, 44.488], [-111.052, 44.478], [-111.049, 44.02], [-111.045, 43.501], [-111.044, 42.723], [-111.047, 42.505], [-111.047, 42.002], [-111.508, 42.0], [-112.173, 41.997], [-112.193, 42.001], [-113.249, 41.996], [-113.893, 41.988], [-114.042, 41.994], [-114.598, 41.995], [-114.806, 42.002], [-115.032, 41.996], [-115.87, 41.997], [-116.368, 41.996], [-117.026, 42.0], [-117.027, 42.625], [-117.027, 43.025], [-117.027, 43.808], [-116.982, 43.869], [-116.96, 43.983], [-116.934, 44.021], [-116.977, 44.085], [-116.934, 44.1], [-116.896, 44.154], [-116.972, 44.197], [-116.976, 44.243], [-117.057, 44.231], [-117.104, 44.28], [-117.17, 44.259], [-117.217, 44.288], [-117.19, 44.337], [-117.243, 44.397], [-117.215, 44.427], [-117.226, 44.479], [-117.144, 44.546], [-117.121, 44.615], [-117.044, 44.745], [-116.935, 44.784], [-116.832, 44.933], [-116.848, 45.023], [-116.731, 45.14], [-116.674, 45.322], [-116.549, 45.51], [-116.464, 45.616], [-116.535, 45.692], [-116.536, 45.734], [-116.593, 45.779], [-116.665, 45.782], [-116.698, 45.821], [-116.783, 45.825]]]}}, {"type": "Feature", "properties": {"name": "Nevada", "stusps": "NV", "statfp": "32"}, "geometry": {"type": "Polygon", "coordinates": [[[-119.999, 41.995], [-119.79, 41.998], [-119.208, 41.993], [-118.696, 41.992], [-118.197, 41.997], [-117.626, 41.998], [-117.026, 42.0], [-116.368, 41.996], [-115.87, 41.997], [-115.032, 41.996], [-114.806, 42.002], [-114.598, 41.995], [-114.042, 41.994], [-114.04, 41.885], [-114.041, 41.22], [-114.043, 40.772], [-114.046, 40.398], [-114.047, 39.997], [-114.047, 39.5], [-114.049, 39.006], [-114.05, 38.5], [-114.05, 37.824], [-114.053, 37.593], [-114.051, 37.0], [-114.051, 36.656], [-114.047, 36.194], [-114.068, 36.181], [-114.154, 36.024], [-114.239, 36.015], [-114.372, 36.143], [-114.506, 36.131], [-114.572, 36.152], [-114.617, 36.13], [-114.736, 36.104], [-114.731, 35.944], [-114.667, 35.875], [-114.712, 35.806], [-114.689, 35.651], [-114.653, 35.611], [-114.657, 35.534], [-114.678, 35.49], [-114.627, 35.41], [-114.596, 35.325], [-114.569, 35.183], [-114.573, 35.139], [-114.643, 35.097], [-114.605, 35.075], [-114.633, 35.002], [-115.271, 35.513], [-115.751, 35.889], [-116.094, 36.156], [-116.542, 36.5], [-117.001, 36.848], [-117.376, 37.127], [-117.876, 37.497], [-118.251, 37.769], [-118.772, 38.142], [-119.097, 38.373], [-119.588, 38.715], [-120.001, 39.0], [-120.006, 39.225], [-119.998, 39.957], [-119.996, 40.5], [-120.0, 41.184], [-119.998, 41.619]]]}}, {"type": "Feature", "properties": {"name": "Vermont", "stusps": "VT", "statfp": "50"}, "geometry": {"type": "Polygon", "coordinates": [[[-73.343, 45.011], [-72.846, 45.017], [-72.31, 45.004], [-71.501, 45.013], [-71.538, 44.984], [-71.494, 44.911], [-71.557, 44.849], [-71.572, 44.795], [-71.625, 44.744], [-71.552, 44.628], [-71.559, 44.566], [-71.599, 44.486], [-71.646, 44.475], [-71.708, 44.412], [-71.791, 44.4], [-71.812, 44.358], [-72.033, 44.32], [-72.068, 44.271], [-72.066, 44.19], [-72.031, 44.1], [-72.117, 43.994], [-72.121, 43.919], [-72.188, 43.856], [-72.185, 43.805], [-72.233, 43.748], [-72.303, 43.703], [-72.332, 43.599], [-72.373, 43.579], [-72.381, 43.493], [-72.413, 43.363], [-72.395, 43.313], [-72.435, 43.258], [-72.457, 43.147], [-72.435, 43.087], [-72.467, 43.053], [-72.445, 43.011], [-72.474, 42.972], [-72.535, 42.95], [-72.553, 42.885], [-72.543, 42.808], [-72.459, 42.727], [-73.265, 42.746], [-73.279, 42.833], [-73.256, 43.259], [-73.247, 43.526], [-73.302, 43.624], [-73.428, 43.634], [-73.351, 43.772], [-73.393, 43.822], [-73.374, 43.874], [-73.409, 43.933], [-73.411, 44.027], [-73.438, 44.045], [-73.391, 44.189], [-73.311, 44.274], [-73.334, 44.372], [-73.296, 44.428], [-73.3, 44.477], [-73.39, 44.617], [-73.366, 44.742], [-73.335, 44.805], [-73.381, 44.845], [-73.338, 44.924]]]}}, {"type": "Feature", "properties": {"name": "Montana", "stusps": "MT", "statfp": "30"}, "geometry": {"type": "Polygon", "coordinates": [[[-116.049, 49.001], [-115.13, 49.0], [-114.31, 49.001], [-113.77, 48.998], [-113.357, 48.998], [-112.759, 48.999], [-111.556, 48.997], [-111.004, 48.998], [-110.364, 48.999], [-109.67, 49.0], [-108.998, 48.999], [-108.077, 49.0], [-107.416, 48.999], [-106.658, 49.0], [-105.818, 49.0], [-105.231, 48.999], [-104.608, 48.999], [-104.049, 49.0], [-104.048, 48.599], [-104.044, 47.972], [-104.045, 47.343], [-104.046, 46.831], [-104.045, 46.51], [-104.045, 45.945], [-104.04, 45.374], [-104.04, 45.001], [-104.058, 44.997], [-104.765, 44.999], [-105.371, 45.0], [-105.913, 45.001], [-105.928, 44.994], [-106.567, 44.995], [-107.085, 44.997], [-107.134, 45.0], [-107.751, 45.001], [-108.271, 45.0], [-109.083, 45.0], [-109.103, 45.006], [-109.751, 45.002], [-110.11, 45.004], [-110.2, 44.996], [-110.705, 44.992], [-110.785, 45.003], [-111.055, 45.001], [-111.052, 44.478], [-111.109, 44.488], [-111.306, 44.707], [-111.398, 44.723], [-111.486, 44.707], [-111.473, 44.665], [-111.524, 44.604], [-111.505, 44.562], [-111.614, 44.549], [-111.704, 44.56], [-111.806, 44.522], [-111.87, 44.564], [-112.033, 44.546], [-112.107, 44.521], [-112.286, 44.568], [-112.359, 44.529], [-112.387, 44.448], [-112.473, 44.48], [-112.664, 44.486], [-112.719, 44.504], [-112.776, 44.484], [-112.885, 44.398], [-113.003, 44.451], [-113.007, 44.526], [-113.084, 44.602], [-113.07, 44.679], [-113.131, 44.773], [-113.247, 44.823], [-113.342, 44.785], [-113.356, 44.82], [-113.422, 44.84], [-113.499, 44.942], [-113.444, 44.96], [-113.452, 45.059], [-113.549, 45.113], [-113.599, 45.191], [-113.685, 45.253], [-113.735, 45.325], [-113.734, 45.392], [-113.777, 45.415], [-113.768, 45.519], [-113.834, 45.52], [-113.807, 45.602], [-113.897, 45.641], [-113.987, 45.704], [-114.014, 45.658], [-114.068, 45.627], [-114.135, 45.557], [-114.248, 45.524], [-114.279, 45.48], [-114.333, 45.459], [-114.416, 45.51], [-114.46, 45.561], [-114.558, 45.585], [-114.561, 45.64], [-114.5, 45.669], [-114.495, 45.703], [-114.566, 45.774], [-114.502, 45.848], [-114.388, 45.882], [-114.431, 45.936], [-114.412, 45.978], [-114.487, 46.0], [-114.46, 46.097], [-114.521, 46.127], [-114.511, 46.166], [-114.446, 46.174], [-114.452, 46.241], [-114.414, 46.336], [-114.422, 46.387], [-114.387, 46.41], [-114.322, 46.611], [-114.324, 46.653], [-114.424, 46.66], [-114.481, 46.632], [-114.591, 46.634], [-114.641, 46.679], [-114.622, 46.708], [-114.787, 46.715], [-114.765, 46.758], [-114.927, 46.833], [-114.924, 46.918], [-115.001, 46.972], [-115.048, 46.97], [-115.088, 47.046], [-115.144, 47.101], [-115.3, 47.188], [-115.339, 47.262], [-115.407, 47.264], [-115.529, 47.303], [-115.549, 47.347], [-115.721, 47.425], [-115.685, 47.485], [-115.717, 47.534], [-115.694, 47.624], [-115.736, 47.655], [-115.723, 47.695], [-115.825, 47.752], [-115.852, 47.827], [-115.901, 47.843], [-116.049, 47.977], [-116.049, 48.515]]]}}, {"type": "Feature", "properties": {"name": "Minnesota", "stusps": "MN", "statfp": "27"}, "geometry": {"type": "Polygon", "coordinates": [[[-97.229, 49.001], [-96.405, 49.0], [-95.748, 48.999], [-95.154, 48.999], [-95.153, 49.384], [-95.058, 49.353], [-94.957, 49.37], [-94.854, 49.324], [-94.825, 49.294], [-94.773, 49.121], [-94.75, 49.1], [-94.683, 48.884], [-94.704, 48.824], [-94.691, 48.778], [-94.587, 48.718], [-94.439, 48.695], [-94.416, 48.711], [-94.264, 48.699], [-94.244, 48.653], [-93.844, 48.629], [-93.794, 48.516], [-93.645, 48.517], [-93.468, 48.546], [-93.464, 48.592], [-93.348, 48.627], [-93.207, 48.642], [-93.178, 48.623], [-92.985, 48.624], [-92.728, 48.539], [-92.635, 48.543], [-92.637, 48.499], [-92.713, 48.463], [-92.656, 48.437], [-92.507, 48.448], [-92.456, 48.401], [-92.47, 48.352], [-92.369, 48.22], [-92.281, 48.244], [-92.289, 48.343], [-92.162, 48.363], [-92.084, 48.354], [-92.0, 48.321], [-92.007, 48.265], [-91.893, 48.238], [-91.864, 48.207], [-91.715, 48.199], [-91.712, 48.115], [-91.57, 48.093], [-91.567, 48.044], [-91.489, 48.068], [-91.43, 48.049], [-91.25, 48.084], [-91.138, 48.149], [-90.977, 48.219], [-90.885, 48.246], [-90.839, 48.24], [-90.833, 48.174], [-90.762, 48.098], [-90.642, 48.104], [-90.375, 48.091], [-90.306, 48.105], [-90.133, 48.112], [-90.024, 48.085], [-89.968, 48.014], [-89.871, 47.986], [-89.749, 48.023], [-89.625, 48.012], [-89.588, 47.966], [-89.698, 47.941], [-89.794, 47.891], [-89.924, 47.862], [-89.974, 47.831], [-90.333, 47.746], [-90.537, 47.703], [-90.736, 47.624], [-90.868, 47.557], [-91.023, 47.465], [-91.17, 47.366], [-91.189, 47.34], [-91.358, 47.207], [-91.477, 47.126], [-91.574, 47.09], [-91.666, 47.014], [-91.705, 47.005], [-92.094, 46.788], [-92.015, 46.706], [-92.089, 46.749], [-92.212, 46.65], [-92.292, 46.666], [-92.294, 46.074], [-92.362, 46.013], [-92.421, 46.027], [-92.464, 45.976], [-92.64, 45.932], [-92.708, 45.895], [-92.785, 45.764], [-92.869, 45.718], [-92.884, 45.575], [-92.77, 45.567], [-92.647, 45.442], [-92.65, 45.399], [-92.759, 45.291], [-92.767, 45.185], [-92.745, 45.108], [-92.792, 45.08], [-92.765, 45.029], [-92.751, 44.937], [-92.775, 44.893], [-92.765, 44.841], [-92.808, 44.751], [-92.737, 44.717], [-92.622, 44.639], [-92.621, 44.615], [-92.518, 44.575], [-92.348, 44.557], [-92.277, 44.474], [-92.215, 44.439], [-92.054, 44.401], [-91.926, 44.334], [-91.875, 44.201], [-91.711, 44.12], [-91.583, 44.027], [-91.441, 44.002], [-91.284, 43.847], [-91.244, 43.775], [-91.268, 43.71], [-91.269, 43.615], [-91.232, 43.582], [-91.218, 43.501], [-91.95, 43.5], [-92.79, 43.5], [-93.272, 43.499], [-93.796, 43.5], [-94.47, 43.5], [-95.155, 43.5], [-95.741, 43.5], [-96.453, 43.5], [-96.453, 44.197], [-96.452, 44.703], [-96.453, 45.298], [-96.489, 45.357], [-96.618, 45.408], [-96.68, 45.41], [-96.731, 45.457], [-96.765, 45.521], [-96.858, 45.606], [-96.841, 45.645], [-96.652, 45.747], [-96.58, 45.826], [-96.564, 45.935], [-96.578, 46.027], [-96.555, 46.084], [-96.596, 46.22], [-96.6, 46.33], [-96.667, 46.375], [-96.735, 46.479], [-96.752, 46.582], [-96.798, 46.665], [-96.779, 46.727], [-96.8, 46.82], [-96.777, 46.896], [-96.82, 46.967], [-96.819, 47.107], [-96.838, 47.196], [-96.841, 47.384], [-96.864, 47.421], [-96.851, 47.589], [-96.939, 47.768], [-96.981, 47.806], [-97.018, 47.92], [-97.055, 47.946], [-97.076, 48.053], [-97.147, 48.171], [-97.117, 48.28], [-97.148, 48.36], [-97.133, 48.46], [-97.163, 48.544], [-97.099, 48.688], [-97.136, 48.728], [-97.176, 48.853], [-97.239, 48.969]]]}}, {"type": "Feature", "properties": {"name": "North Dakota", "stusps": "ND", "statfp": "38"}, "geometry": {"type": "Polygon", "coordinates": [[[-104.049, 49.0], [-103.377, 48.999], [-102.678, 48.999], [-101.76, 48.999], [-101.127, 48.999], [-100.166, 48.999], [-99.264, 48.999], [-98.489, 49.0], [-97.95, 49.0], [-97.229, 49.001], [-97.239, 48.969], [-97.176, 48.853], [-97.136, 48.728], [-97.099, 48.688], [-97.163, 48.544], [-97.133, 48.46], [-97.148, 48.36], [-97.117, 48.28], [-97.147, 48.171], [-97.076, 48.053], [-97.055, 47.946], [-97.018, 47.92], [-96.981, 47.806], [-96.939, 47.768], [-96.851, 47.589], [-96.864, 47.421], [-96.841, 47.384], [-96.838, 47.196], [-96.819, 47.107], [-96.82, 46.967], [-96.777, 46.896], [-96.8, 46.82], [-96.779, 46.727], [-96.798, 46.665], [-96.752, 46.582], [-96.735, 46.479], [-96.667, 46.375], [-96.6, 46.33], [-96.596, 46.22], [-96.555, 46.084], [-96.578, 46.027], [-96.564, 45.935], [-97.145, 45.935], [-97.785, 45.935], [-98.415, 45.937], [-99.258, 45.94], [-100.171, 45.943], [-100.936, 45.944], [-101.42, 45.944], [-102.177, 45.945], [-102.92, 45.945], [-103.668, 45.945], [-104.045, 45.945], [-104.045, 46.51], [-104.046, 46.831], [-104.045, 47.343], [-104.044, 47.972], [-104.048, 48.599]]]}}, {"type": "Feature", "properties": {"name": "Hawaii", "stusps": "HI", "statfp": "15"}, "geometry": {"type": "MultiPolygon", "coordinates": [[[[-156.057, 19.743], [-156.05, 19.78], [-155.983, 19.846], [-155.94, 19.852], [-155.857, 19.969], [-155.828, 20.035], [-155.867, 20.079], [-155.899, 20.146], [-155.901, 20.236], [-155.874, 20.268], [-155.811, 20.26], [-155.747, 20.232], [-155.733, 20.205], [-155.582, 20.124], [-155.559, 20.132], [-155.405, 20.079], [-155.27, 20.015], [-155.144, 19.921], [-155.084, 19.85], [-155.093, 19.738], [-155.006, 19.739], [-154.981, 19.691], [-154.984, 19.642], [-154.904, 19.571], [-154.814, 19.53], [-154.823, 19.481], [-154.981, 19.349], [-155.134, 19.276], [-155.206, 19.261], [-155.297, 19.266], [-155.361, 19.209], [-155.417, 19.188], [-155.454, 19.152], [-155.505, 19.138], [-155.558, 19.082], [-155.557, 19.047], [-155.597, 18.981], [-155.672, 18.917], [-155.726, 18.969], [-155.806, 19.014], [-155.882, 19.037], [-155.921, 19.121], [-155.887, 19.337], [-155.923, 19.479], [-155.953, 19.489], [-155.971, 19.586]]], [[[-156.7, 20.921], [-156.666, 21.007], [-156.592, 21.033], [-156.546, 21.005], [-156.475, 20.895], [-156.386, 20.92], [-156.325, 20.95], [-156.23, 20.932], [-156.116, 20.827], [-156.004, 20.796], [-155.987, 20.723], [-156.053, 20.654], [-156.143, 20.624], [-156.21, 20.629], [-156.303, 20.586], [-156.378, 20.578], [-156.443, 20.614], [-156.464, 20.782], [-156.538, 20.778], [-156.632, 20.821], [-156.679, 20.871]]], [[[-156.702, 20.532], [-156.577, 20.607], [-156.543, 20.58], [-156.556, 20.543], [-156.669, 20.505]]], [[[-157.063, 20.904], [-156.99, 20.932], [-156.897, 20.915], [-156.837, 20.864], [-156.809, 20.809], [-156.838, 20.765], [-156.968, 20.735], [-157.011, 20.854]]], [[[-157.311, 21.102], [-157.257, 21.171], [-157.25, 21.208], [-157.202, 21.219], [-157.157, 21.201], [-156.868, 21.165], [-156.771, 21.18], [-156.712, 21.144], [-156.802, 21.067], [-156.877, 21.049], [-157.096, 21.104], [-157.253, 21.088]]], [[[-158.278, 21.579], [-158.126, 21.587], [-158.018, 21.7], [-157.969, 21.713], [-157.924, 21.629], [-157.837, 21.53], [-157.841, 21.459], [-157.778, 21.412], [-157.741, 21.424], [-157.709, 21.353], [-157.651, 21.299], [-157.71, 21.262], [-157.765, 21.279], [-157.81, 21.258], [-157.89, 21.307], [-157.982, 21.316], [-158.113, 21.302], [-158.14, 21.374], [-158.179, 21.404], [-158.192, 21.448], [-158.233, 21.488], [-158.234, 21.54]]], [[[-159.788, 22.03], [-159.731, 22.14], [-159.581, 22.223], [-159.488, 22.23], [-159.35, 22.215], [-159.293, 22.144], [-159.297, 22.105], [-159.333, 22.051], [-159.33, 21.96], [-159.387, 21.903], [-159.445, 21.869], [-159.475, 21.882], [-159.603, 21.892], [-159.669, 21.954], [-159.766, 21.987]]], [[[-160.245, 21.849], [-160.231, 21.886], [-160.137, 21.949], [-160.113, 21.995], [-160.059, 21.996], [-160.086, 21.927], [-160.079, 21.896], [-160.162, 21.865], [-160.205, 21.789], [-160.25, 21.815]]]]}}, {"type": "Feature", "properties": {"name": "Arizona", "stusps": "AZ", "statfp": "04"}, "geometry": {"type": "Polygon", "coordinates": [[[-114.72, 32.719], [-114.689, 32.738], [-114.615, 32.734], [-114.539, 32.757], [-114.532, 32.791], [-114.469, 32.845], [-114.464, 32.913], [-114.506, 33.017], [-114.572, 33.037], [-114.671, 33.038], [-114.708, 33.097], [-114.679, 33.163], [-114.677, 33.27], [-114.731, 33.302], [-114.701, 33.337], [-114.723, 33.399], [-114.63, 33.428], [-114.559, 33.532], [-114.532, 33.675], [-114.496, 33.697], [-114.53, 33.848], [-114.503, 33.868], [-114.534, 33.926], [-114.46, 33.997], [-114.416, 34.108], [-114.325, 34.137], [-114.254, 34.174], [-114.167, 34.25], [-114.138, 34.303], [-114.177, 34.349], [-114.226, 34.366], [-114.343, 34.451], [-114.387, 34.458], [-114.381, 34.53], [-114.472, 34.713], [-114.553, 34.767], [-114.587, 34.836], [-114.631, 34.866], [-114.633, 35.002], [-114.605, 35.075], [-114.643, 35.097], [-114.573, 35.139], [-114.569, 35.183], [-114.596, 35.325], [-114.627, 35.41], [-114.678, 35.49], [-114.657, 35.534], [-114.653, 35.611], [-114.689, 35.651], [-114.712, 35.806], [-114.667, 35.875], [-114.731, 35.944], [-114.736, 36.104], [-114.617, 36.13], [-114.572, 36.152], [-114.506, 36.131], [-114.372, 36.143], [-114.239, 36.015], [-114.154, 36.024], [-114.068, 36.181], [-114.047, 36.194], [-114.051, 36.656], [-114.051, 37.0], [-113.558, 37.0], [-112.966, 37.0], [-112.358, 37.001], [-111.413, 37.001], [-110.501, 37.004], [-110.47, 36.998], [-109.626, 36.998], [-109.045, 36.999], [-109.045, 36.527], [-109.046, 36.117], [-109.046, 35.617], [-109.046, 35.176], [-109.046, 34.522], [-109.047, 34.0], [-109.047, 33.625], [-109.047, 33.068], [-109.048, 32.426], [-109.048, 32.089], [-109.05, 31.333], [-109.83, 31.334], [-110.46, 31.333], [-111.075, 31.332], [-111.623, 31.508], [-112.399, 31.752], [-113.126, 31.973], [-113.782, 32.179], [-114.251, 32.324], [-114.814, 32.494], [-114.796, 32.551], [-114.809, 32.617], [-114.765, 32.649]]]}}, {"type": "Feature", "properties": {"name": "Delaware", "stusps": "DE", "statfp": "10"}, "geometry": {"type": "Polygon", "coordinates": [[[-75.789, 39.722], [-75.701, 39.803], [-75.617, 39.834], [-75.499, 39.833], [-75.415, 39.802], [-75.459, 39.766], [-75.51, 39.686], [-75.587, 39.651], [-75.612, 39.597], [-75.563, 39.562], [-75.589, 39.461], [-75.513, 39.366], [-75.439, 39.313], [-75.393, 39.205], [-75.411, 39.156], [-75.396, 39.058], [-75.318, 38.988], [-75.312, 38.925], [-75.191, 38.807], [-75.082, 38.772], [-75.066, 38.661], [-75.049, 38.451], [-75.429, 38.453], [-75.694, 38.46], [-75.728, 38.895], [-75.789, 39.659]]]}}, {"type": "Feature", "properties": {"name": "Rhode Island", "stusps": "RI", "statfp": "44"}, "geometry": {"type": "MultiPolygon", "coordinates": [[[[-71.196, 41.675], [-71.133, 41.66], [-71.121, 41.497], [-71.19, 41.484], [-71.241, 41.501], [-71.343, 41.496], [-71.285, 41.577], [-71.272, 41.624]]], [[[-71.861, 41.32], [-71.83, 41.345], [-71.84, 41.412], [-71.798, 41.417], [-71.787, 41.656], [-71.799, 42.008], [-71.381, 42.019], [-71.382, 41.893], [-71.339, 41.898], [-71.347, 41.823], [-71.328, 41.781], [-71.261, 41.752], [-71.225, 41.71], [-71.291, 41.703], [-71.381, 41.727], [-71.409, 41.663], [-71.404, 41.589], [-71.418, 41.473], [-71.483, 41.372], [-71.625, 41.361], [-71.721, 41.332]]]]}}, {"type": "Feature", "properties": {"name": "Colorado", "stusps": "CO", "statfp": "08"}, "geometry": {"type": "Polygon", "coordinates": [[[-109.05, 41.001], [-108.251, 41.0], [-107.626, 41.002], [-106.858, 41.003], [-106.218, 40.998], [-105.73, 40.997], [-104.855, 40.998], [-104.053, 41.001], [-103.497, 41.002], [-102.866, 41.002], [-102.052, 41.002], [-102.052, 40.538], [-102.052, 40.003], [-102.048, 39.303], [-102.045, 38.813], [-102.045, 38.046], [-102.042, 37.68], [-102.042, 36.993], [-102.698, 36.995], [-103.002, 37.0], [-103.733, 36.998], [-104.339, 36.994], [-105.001, 36.993], [-105.627, 36.996], [-106.201, 36.994], [-106.87, 36.992], [-106.877, 37.0], [-107.482, 37.0], [-108.249, 36.999], [-109.045, 36.999], [-109.046, 37.375], [-109.042, 37.531], [-109.042, 38.165], [-109.06, 38.275], [-109.06, 38.72], [-109.052, 39.126], [-109.051, 39.875], [-109.051, 40.444], [-109.048, 40.619]]]}}, {"type": "Feature", "properties": {"name": "Utah", "stusps": "UT", "statfp": "49"}, "geometry": {"type": "Polygon", "coordinates": [[[-114.042, 41.994], [-113.893, 41.988], [-113.249, 41.996], [-112.193, 42.001], [-112.173, 41.997], [-111.508, 42.0], [-111.047, 42.002], [-111.046, 41.566], [-111.047, 40.998], [-110.501, 40.995], [-109.535, 40.998], [-109.05, 41.001], [-109.048, 40.619], [-109.051, 40.444], [-109.051, 39.875], [-109.052, 39.126], [-109.06, 38.72], [-109.06, 38.275], [-109.042, 38.165], [-109.042, 37.531], [-109.046, 37.375], [-109.045, 36.999], [-109.626, 36.998], [-110.47, 36.998], [-110.501, 37.004], [-111.413, 37.001], [-112.358, 37.001], [-112.966, 37.0], [-113.558, 37.0], [-114.051, 37.0], [-114.053, 37.593], [-114.05, 37.824], [-114.05, 38.5], [-114.049, 39.006], [-114.047, 39.5], [-114.047, 39.997], [-114.046, 40.398], [-114.043, 40.772], [-114.041, 41.22], [-114.04, 41.885]]]}}, {"type": "Feature", "properties": {"name": "Virginia", "stusps": "VA", "statfp": "51"}, "geometry": {"type": "MultiPolygon", "coordinates": [[[[-75.67, 37.951], [-75.624, 37.994], [-75.242, 38.027], [-75.352, 37.875], [-75.439, 37.869], [-75.489, 37.832], [-75.563, 37.736], [-75.615, 37.609], [-75.602, 37.567], [-75.673, 37.484], [-75.658, 37.452], [-75.765, 37.306], [-75.817, 37.193], [-75.897, 37.118], [-75.97, 37.129], [-76.026, 37.257], [-76.014, 37.332], [-75.987, 37.369], [-75.982, 37.434], [-75.91, 37.623], [-75.803, 37.762], [-75.69, 37.862], [-75.712, 37.936]]], [[[-81.968, 37.538], [-81.941, 37.509], [-81.997, 37.477], [-81.949, 37.446], [-81.928, 37.361], [-81.854, 37.307], [-81.762, 37.276], [-81.678, 37.201], [-81.561, 37.207], [-81.448, 37.271], [-81.417, 37.273], [-81.362, 37.338], [-81.225, 37.235], [-81.113, 37.278], [-80.98, 37.302], [-80.948, 37.296], [-80.849, 37.347], [-80.883, 37.384], [-80.857, 37.427], [-80.784, 37.395], [-80.705, 37.395], [-80.552, 37.474], [-80.515, 37.479], [-80.476, 37.423], [-80.3, 37.508], [-80.329, 37.564], [-80.259, 37.595], [-80.296, 37.692], [-80.257, 37.756], [-80.162, 37.875], [-80.003, 37.993], [-79.926, 38.107], [-79.898, 38.193], [-79.788, 38.273], [-79.81, 38.305], [-79.744, 38.354], [-79.69, 38.431], [-79.699, 38.475], [-79.649, 38.592], [-79.537, 38.551], [-79.477, 38.457], [-79.312, 38.412], [-79.211, 38.493], [-79.13, 38.655], [-79.093, 38.66], [-79.073, 38.748], [-78.994, 38.85], [-78.869, 38.763], [-78.788, 38.885], [-78.739, 38.927], [-78.68, 38.925], [-78.647, 38.968], [-78.602, 38.965], [-78.572, 39.032], [-78.404, 39.167], [-78.439, 39.198], [-78.419, 39.257], [-78.34, 39.353], [-78.347, 39.466], [-77.828, 39.132], [-77.747, 39.295], [-77.72, 39.321], [-77.567, 39.306], [-77.543, 39.267], [-77.458, 39.225], [-77.527, 39.146], [-77.463, 39.076], [-77.34, 39.063], [-77.245, 39.02], [-77.222, 38.971], [-77.147, 38.964], [-77.12, 38.934], [-77.032, 38.851], [-77.039, 38.792], [-77.042, 38.719], [-77.133, 38.674], [-77.13, 38.635], [-77.247, 38.591], [-77.325, 38.449], [-77.28, 38.339], [-77.24, 38.332], [-77.085, 38.368], [-77.012, 38.375], [-77.031, 38.312], [-76.962, 38.256], [-76.962, 38.214], [-76.839, 38.163], [-76.76, 38.167], [-76.614, 38.149], [-76.601, 38.11], [-76.536, 38.07], [-76.517, 38.027], [-76.469, 38.014], [-76.416, 37.967], [-76.344, 37.947], [-76.237, 37.889], [-76.251, 37.833], [-76.307, 37.812], [-76.303, 37.689], [-76.362, 37.61], [-76.472, 37.666], [-76.537, 37.664], [-76.54, 37.704], [-76.584, 37.769], [-76.722, 37.837], [-76.734, 37.799], [-76.677, 37.756], [-76.62, 37.745], [-76.574, 37.647], [-76.527, 37.611], [-76.435, 37.613], [-76.411, 37.582], [-76.3, 37.562], [-76.252, 37.447], [-76.245, 37.387], [-76.283, 37.319], [-76.387, 37.385], [-76.445, 37.366], [-76.381, 37.285], [-76.4, 37.16], [-76.343, 37.166], [-76.271, 37.085], [-76.304, 37.001], [-76.341, 37.015], [-76.429, 36.97], [-76.464, 37.028], [-76.618, 37.119], [-76.604, 37.16], [-76.65, 37.221], [-76.731, 37.214], [-76.858, 37.241], [-76.748, 37.151], [-76.657, 37.11], [-76.668, 37.055], [-76.586, 37.029], [-76.488, 36.952], [-76.483, 36.896], [-76.388, 36.9], [-76.298, 36.968], [-76.096, 36.909], [-75.996, 36.922], [-75.95, 36.761], [-75.891, 36.631], [-75.867, 36.551], [-76.313, 36.551], [-76.807, 36.551], [-76.916, 36.544], [-77.75, 36.546], [-78.51, 36.541], [-78.979, 36.542], [-79.511, 36.541], [-80.295, 36.544], [-80.705, 36.562], [-80.838, 36.559], [-81.678, 36.588], [-81.647, 36.612], [-81.923, 36.616], [-81.934, 36.594], [-82.888, 36.593], [-83.261, 36.594], [-83.276, 36.598], [-83.675, 36.601], [-83.532, 36.665], [-83.424, 36.667], [-83.386, 36.687], [-83.195, 36.739], [-83.136, 36.743], [-83.132, 36.781], [-83.073, 36.855], [-82.97, 36.858], [-82.879, 36.889], [-82.823, 37.004], [-82.782, 37.008], [-82.722, 37.058], [-82.722, 37.12], [-82.499, 37.227], [-82.351, 37.267]]]]}}, {"type": "Feature", "properties": {"name": "Wyoming", "stusps": "WY", "statfp": "56"}, "geometry": {"type": "Polygon", "coordinates": [[[-104.058, 44.997], [-104.056, 44.691], [-104.054, 44.18], [-104.055, 43.853], [-104.054, 43.29], [-104.053, 43.001], [-104.053, 42.5], [-104.053, 41.885], [-104.052, 41.418], [-104.053, 41.001], [-104.855, 40.998], [-105.73, 40.997], [-106.218, 40.998], [-106.858, 41.003], [-107.626, 41.002], [-108.251, 41.0], [-109.05, 41.001], [-109.535, 40.998], [-110.501, 40.995], [-111.047, 40.998], [-111.046, 41.566], [-111.047, 42.002], [-111.047, 42.505], [-111.044, 42.723], [-111.045, 43.501], [-111.049, 44.02], [-111.052, 44.478], [-111.055, 45.001], [-110.785, 45.003], [-110.705, 44.992], [-110.2, 44.996], [-110.11, 45.004], [-109.751, 45.002], [-109.103, 45.006], [-109.083, 45.0], [-108.271, 45.0], [-107.751, 45.001], [-107.134, 45.0], [-107.085, 44.997], [-106.567, 44.995], [-105.928, 44.994], [-105.913, 45.001], [-105.371, 45.0], [-104.765, 44.999]]]}}, {"type": "Feature", "properties": {"name": "Louisiana", "stusps": "LA", "statfp": "22"}, "geometry": {"type": "MultiPolygon", "coordinates": [[[[-89.342, 30.059], [-89.19, 30.162], [-89.227, 30.095], [-89.173, 30.043], [-89.227, 30.021], [-89.337, 30.04]]], [[[-92.018, 29.591], [-91.928, 29.632], [-91.848, 29.627], [-91.713, 29.556], [-91.765, 29.525], [-91.768, 29.49], [-91.846, 29.479], [-92.015, 29.561]]], [[[-94.043, 33.019], [-93.491, 33.018], [-92.797, 33.015], [-92.223, 33.009], [-91.952, 33.007], [-91.166, 33.004], [-91.213, 32.922], [-91.16, 32.9], [-91.087, 32.976], [-91.071, 32.889], [-91.145, 32.843], [-91.165, 32.751], [-91.061, 32.727], [-91.064, 32.703], [-91.153, 32.641], [-91.119, 32.585], [-91.071, 32.549], [-91.117, 32.5], [-91.095, 32.459], [-91.03, 32.434], [-90.966, 32.434], [-91.005, 32.368], [-90.894, 32.328], [-90.948, 32.283], [-90.983, 32.212], [-91.034, 32.242], [-91.164, 32.197], [-91.163, 32.133], [-91.053, 32.124], [-91.039, 32.098], [-91.099, 32.048], [-91.076, 32.017], [-91.188, 31.961], [-91.201, 31.909], [-91.268, 31.863], [-91.346, 31.843], [-91.397, 31.711], [-91.396, 31.644], [-91.421, 31.612], [-91.498, 31.645], [-91.485, 31.586], [-91.45, 31.54], [-91.516, 31.531], [-91.513, 31.444], [-91.472, 31.396], [-91.516, 31.37], [-91.519, 31.275], [-91.638, 31.268], [-91.644, 31.234], [-91.59, 31.194], [-91.626, 31.117], [-91.568, 31.07], [-91.564, 31.039], [-91.625, 30.999], [-91.108, 30.999], [-90.381, 31.0], [-89.753, 31.002], [-89.756, 30.943], [-89.846, 30.707], [-89.82, 30.597], [-89.768, 30.515], [-89.683, 30.452], [-89.684, 30.406], [-89.63, 30.339], [-89.642, 30.304], [-89.617, 30.227], [-89.57, 30.18], [-89.525, 30.181], [-89.618, 30.156], [-89.678, 30.108], [-89.684, 30.076], [-89.763, 30.042], [-89.819, 30.043], [-89.858, 30.004], [-89.839, 29.946], [-89.775, 29.937], [-89.692, 29.869], [-89.598, 29.881], [-89.575, 29.959], [-89.581, 29.995], [-89.494, 30.041], [-89.482, 30.079], [-89.372, 30.037], [-89.433, 30.008], [-89.379, 29.964], [-89.368, 29.911], [-89.315, 29.923], [-89.273, 29.994], [-89.218, 29.973], [-89.231, 29.925], [-89.28, 29.925], [-89.363, 29.846], [-89.386, 29.789], [-89.468, 29.699], [-89.52, 29.692], [-89.535, 29.649], [-89.583, 29.653], [-89.638, 29.597], [-89.671, 29.588], [-89.681, 29.534], [-89.64, 29.504], [-89.528, 29.455], [-89.487, 29.393], [-89.312, 29.388], [-89.224, 29.314], [-89.201, 29.348], [-89.115, 29.253], [-89.091, 29.191], [-89.026, 29.215], [-89.004, 29.18], [-89.067, 29.091], [-89.147, 29.052], [-89.143, 28.992], [-89.293, 29.041], [-89.364, 28.965], [-89.393, 28.987], [-89.344, 29.053], [-89.31, 29.071], [-89.312, 29.118], [-89.282, 29.181], [-89.319, 29.202], [-89.351, 29.13], [-89.409, 29.128], [-89.483, 29.215], [-89.607, 29.252], [-89.64, 29.291], [-89.843, 29.319], [-89.883, 29.307], [-90.059, 29.184], [-90.224, 29.085], [-90.234, 29.129], [-90.304, 29.266], [-90.394, 29.299], [-90.432, 29.347], [-90.479, 29.292], [-90.527, 29.304], [-90.723, 29.136], [-90.798, 29.096], [-90.813, 29.042], [-90.868, 29.056], [-90.86, 29.095], [-90.961, 29.181], [-91.0, 29.169], [-91.094, 29.188], [-91.129, 29.216], [-91.2, 29.221], [-91.279, 29.248], [-91.335, 29.299], [-91.238, 29.351], [-91.172, 29.267], [-91.122, 29.251], [-91.133, 29.341], [-91.218, 29.396], [-91.33, 29.427], [-91.32, 29.478], [-91.358, 29.513], [-91.461, 29.47], [-91.517, 29.53], [-91.554, 29.633], [-91.625, 29.626], [-91.622, 29.735], [-91.737, 29.749], [-91.854, 29.708], [-91.861, 29.773], [-91.831, 29.829], [-91.889, 29.836], [-92.063, 29.769], [-92.137, 29.767], [-92.2, 29.726], [-92.137, 29.667], [-92.108, 29.614], [-92.252, 29.539], [-92.323, 29.531], [-92.615, 29.586], [-92.741, 29.622], [-92.947, 29.709], [-93.177, 29.77], [-93.296, 29.775], [-93.346, 29.763], [-93.475, 29.769], [-93.742, 29.736], [-93.838, 29.691], [-93.923, 29.819], [-93.855, 29.864], [-93.787, 29.991], [-93.721, 30.053], [-93.732, 30.089], [-93.698, 30.153], [-93.721, 30.21], [-93.714, 30.294], [-93.766, 30.333], [-93.759, 30.387], [-93.698, 30.444], [-93.728, 30.574], [-93.68, 30.6], [-93.683, 30.641], [-93.621, 30.695], [-93.589, 30.787], [-93.554, 30.825], [-93.568, 30.888], [-93.526, 30.939], [-93.568, 30.978], [-93.517, 31.024], [-93.547, 31.083], [-93.549, 31.187], [-93.6, 31.176], [-93.62, 31.271], [-93.688, 31.31], [-93.664, 31.36], [-93.701, 31.438], [-93.749, 31.469], [-93.726, 31.504], [-93.819, 31.555], [-93.838, 31.607], [-93.804, 31.686], [-93.823, 31.774], [-93.871, 31.817], [-93.91, 31.893], [-93.977, 31.926], [-94.043, 31.999], [-94.043, 32.693]]]]}}, {"type": "Feature", "properties": {"name": "Michigan", "stusps": "MI", "statfp": "26"}, "geometry": {"type": "MultiPolygon", "coordinates": [[[[-84.651, 45.863], [-84.589, 45.826], [-84.356, 45.772], [-84.419, 45.722], [-84.501, 45.737], [-84.55, 45.79]]], [[[-85.63, 45.598], [-85.566, 45.76], [-85.501, 45.754], [-85.506, 45.681], [-85.487, 45.621], [-85.534, 45.578]]], [[[-86.065, 45.14], [-85.977, 45.138], [-85.984, 45.087], [-86.06, 45.105]]], [[[-86.825, 41.76], [-86.717, 41.819], [-86.619, 41.894], [-86.485, 42.118], [-86.356, 42.254], [-86.297, 42.358], [-86.25, 42.48], [-86.207, 42.719], [-86.211, 42.859], [-86.226, 42.988], [-86.255, 43.083], [-86.396, 43.316], [-86.479, 43.515], [-86.538, 43.618], [-86.529, 43.678], [-86.462, 43.747], [-86.431, 43.816], [-86.463, 43.971], [-86.515, 44.058], [-86.43, 44.12], [-86.269, 44.345], [-86.249, 44.483], [-86.221, 44.567], [-86.254, 44.648], [-86.232, 44.706], [-86.121, 44.728], [-86.074, 44.77], [-86.067, 44.906], [-85.98, 44.906], [-85.932, 44.969], [-85.87, 44.939], [-85.807, 44.95], [-85.746, 45.051], [-85.681, 45.093], [-85.619, 45.187], [-85.531, 45.177], [-85.614, 45.128], [-85.583, 45.071], [-85.602, 44.927], [-85.649, 44.874], [-85.628, 44.768], [-85.582, 44.808], [-85.531, 44.89], [-85.52, 44.974], [-85.475, 44.991], [-85.498, 44.865], [-85.56, 44.81], [-85.577, 44.76], [-85.527, 44.748], [-85.396, 44.931], [-85.367, 45.117], [-85.389, 45.235], [-85.372, 45.271], [-85.21, 45.357], [-85.144, 45.37], [-85.033, 45.361], [-84.916, 45.393], [-84.922, 45.422], [-85.041, 45.437], [-85.088, 45.477], [-85.12, 45.569], [-85.075, 45.629], [-85.015, 45.652], [-84.91, 45.75], [-84.8, 45.747], [-84.773, 45.789], [-84.555, 45.702], [-84.462, 45.652], [-84.414, 45.669], [-84.33, 45.664], [-84.215, 45.635], [-84.139, 45.574], [-84.109, 45.505], [-83.909, 45.486], [-83.807, 45.419], [-83.722, 45.413], [-83.599, 45.353], [-83.497, 45.358], [-83.422, 45.291], [-83.36, 45.163], [-83.318, 45.129], [-83.272, 45.023], [-83.399, 45.07], [-83.454, 45.032], [-83.444, 44.952], [-83.394, 44.903], [-83.321, 44.881], [-83.297, 44.746], [-83.273, 44.714], [-83.315, 44.609], [-83.308, 44.54], [-83.333, 44.34], [-83.426, 44.272], [-83.509, 44.274], [-83.549, 44.227], [-83.584, 44.057], [-83.68, 44.036], [-83.693, 43.989], [-83.829, 43.989], [-83.907, 43.918], [-83.929, 43.777], [-83.954, 43.751], [-83.909, 43.673], [-83.852, 43.645], [-83.648, 43.604], [-83.54, 43.709], [-83.472, 43.729], [-83.496, 43.772], [-83.417, 43.842], [-83.348, 43.869], [-83.262, 43.974], [-83.181, 43.982], [-83.047, 44.016], [-83.025, 44.045], [-82.916, 44.071], [-82.793, 44.023], [-82.739, 43.99], [-82.679, 43.884], [-82.634, 43.831], [-82.612, 43.74], [-82.601, 43.603], [-82.54, 43.438], [-82.523, 43.225], [-82.486, 43.102], [-82.413, 42.977], [-82.455, 42.927], [-82.482, 42.809], [-82.467, 42.762], [-82.523, 42.607], [-82.605, 42.549], [-82.713, 42.598], [-82.626, 42.668], [-82.701, 42.69], [-82.797, 42.654], [-82.819, 42.616], [-82.782, 42.572], [-82.846, 42.561], [-82.874, 42.524], [-82.87, 42.451], [-82.888, 42.398], [-82.959, 42.34], [-83.064, 42.318], [-83.128, 42.239], [-83.134, 42.088], [-83.189, 42.066], [-83.187, 42.008], [-83.27, 41.939], [-83.326, 41.925], [-83.443, 41.789], [-83.454, 41.733], [-84.36, 41.707], [-84.806, 41.696], [-84.806, 41.76], [-85.791, 41.759], [-86.519, 41.759]]], [[[-89.255, 47.876], [-89.179, 47.935], [-88.836, 48.057], [-88.81, 48.055], [-88.657, 48.139], [-88.547, 48.175], [-88.45, 48.163], [-88.578, 48.084], [-88.58, 48.059], [-88.67, 48.011], [-88.899, 47.953], [-89.003, 47.909], [-89.056, 47.853], [-89.124, 47.829], [-89.19, 47.832]]], [[[-90.418, 46.566], [-90.328, 46.608], [-90.028, 46.674], [-89.849, 46.796], [-89.791, 46.818], [-89.673, 46.833], [-89.619, 46.819], [-89.514, 46.842], [-89.437, 46.84], [-89.249, 46.903], [-89.143, 46.985], [-88.998, 46.995], [-88.944, 47.02], [-88.889, 47.101], [-88.764, 47.156], [-88.656, 47.226], [-88.574, 47.246], [-88.501, 47.294], [-88.419, 47.371], [-88.182, 47.458], [-87.979, 47.479], [-87.801, 47.473], [-87.716, 47.44], [-87.742, 47.406], [-87.815, 47.385], [-87.957, 47.387], [-87.938, 47.342], [-88.055, 47.298], [-88.163, 47.216], [-88.212, 47.209], [-88.298, 47.099], [-88.353, 47.069], [-88.368, 47.019], [-88.444, 46.972], [-88.484, 46.832], [-88.434, 46.794], [-88.244, 46.93], [-88.175, 46.905], [-88.082, 46.92], [-87.9, 46.91], [-87.741, 46.865], [-87.727, 46.828], [-87.633, 46.812], [-87.595, 46.783], [-87.573, 46.72], [-87.443, 46.603], [-87.384, 46.593], [-87.389, 46.524], [-87.351, 46.501], [-87.259, 46.488], [-87.108, 46.496], [-87.017, 46.534], [-86.977, 46.527], [-86.947, 46.472], [-86.875, 46.437], [-86.816, 46.438], [-86.788, 46.478], [-86.684, 46.498], [-86.586, 46.463], [-86.495, 46.525], [-86.35, 46.578], [-86.138, 46.673], [-86.12, 46.657], [-85.878, 46.691], [-85.587, 46.675], [-85.482, 46.68], [-85.257, 46.753], [-85.064, 46.758], [-84.952, 46.769], [-85.028, 46.697], [-85.035, 46.582], [-85.056, 46.527], [-85.015, 46.48], [-84.861, 46.47], [-84.8, 46.446], [-84.678, 46.488], [-84.631, 46.485], [-84.551, 46.419], [-84.42, 46.501], [-84.254, 46.501], [-84.226, 46.534], [-84.129, 46.53], [-84.111, 46.504], [-84.146, 46.419], [-84.12, 46.315], [-84.118, 46.234], [-84.219, 46.232], [-84.221, 46.163], [-84.125, 46.18], [-84.027, 46.132], [-84.072, 46.092], [-83.99, 46.033], [-83.901, 45.999], [-83.774, 46.051], [-83.704, 46.103], [-83.581, 46.09], [-83.533, 46.011], [-83.481, 45.996], [-83.511, 45.929], [-83.562, 45.913], [-83.658, 45.945], [-83.786, 45.933], [-83.881, 45.968], [-84.018, 45.959], [-84.111, 45.979], [-84.33, 45.956], [-84.376, 45.932], [-84.533, 46.006], [-84.657, 46.053], [-84.693, 46.027], [-84.734, 45.907], [-84.701, 45.853], [-84.747, 45.836], [-84.831, 45.872], [-85.004, 46.006], [-85.152, 46.051], [-85.198, 46.045], [-85.336, 46.093], [-85.427, 46.102], [-85.522, 46.091], [-85.664, 45.967], [-85.81, 45.98], [-85.893, 45.967], [-85.926, 45.932], [-86.051, 45.962], [-86.197, 45.963], [-86.278, 45.942], [-86.324, 45.906], [-86.364, 45.79], [-86.515, 45.752], [-86.586, 45.705], [-86.648, 45.616], [-86.708, 45.649], [-86.716, 45.684], [-86.556, 45.813], [-86.529, 45.853], [-86.583, 45.899], [-86.646, 45.834], [-86.782, 45.86], [-86.773, 45.811], [-86.839, 45.722], [-86.921, 45.698], [-86.985, 45.706], [-86.988, 45.811], [-87.057, 45.812], [-87.07, 45.719], [-87.172, 45.662], [-87.263, 45.552], [-87.333, 45.447], [-87.465, 45.273], [-87.612, 45.123], [-87.59, 45.095], [-87.661, 45.108], [-87.742, 45.197], [-87.687, 45.298], [-87.648, 45.339], [-87.694, 45.39], [-87.754, 45.349], [-87.863, 45.353], [-87.862, 45.434], [-87.813, 45.464], [-87.778, 45.609], [-87.824, 45.647], [-87.782, 45.673], [-87.88, 45.755], [-87.963, 45.758], [-87.996, 45.795], [-88.094, 45.786], [-88.136, 45.819], [-88.089, 45.856], [-88.103, 45.922], [-88.417, 45.975], [-88.506, 46.013], [-88.565, 46.016], [-88.616, 45.988], [-88.74, 46.027], [-88.776, 46.016], [-89.092, 46.139], [-89.496, 46.216], [-90.12, 46.337], [-90.119, 46.359], [-90.217, 46.502], [-90.265, 46.504], [-90.337, 46.554]]]]}}, {"type": "Feature", "properties": {"name": "Massachusetts", "stusps": "MA", "statfp": "25"}, "geometry": {"type": "MultiPolygon", "coordinates": [[[[-70.276, 41.31], [-70.23, 41.29], [-70.082, 41.299], [-70.018, 41.369], [-69.96, 41.279], [-70.015, 41.238], [-70.119, 41.242], [-70.256, 41.288]]], [[[-70.834, 41.353], [-70.769, 41.353], [-70.687, 41.441], [-70.604, 41.482], [-70.563, 41.469], [-70.548, 41.416], [-70.451, 41.348], [-70.71, 41.342], [-70.802, 41.314]]], [[[-73.265, 42.746], [-72.459, 42.727], [-71.981, 42.713], [-71.294, 42.697], [-71.246, 42.743], [-71.182, 42.738], [-71.186, 42.791], [-71.133, 42.821], [-71.064, 42.806], [-71.031, 42.859], [-70.931, 42.885], [-70.817, 42.872], [-70.805, 42.782], [-70.77, 42.705], [-70.689, 42.653], [-70.618, 42.629], [-70.655, 42.582], [-70.871, 42.546], [-70.858, 42.49], [-70.944, 42.452], [-70.991, 42.407], [-70.987, 42.306], [-70.883, 42.309], [-70.851, 42.268], [-70.771, 42.249], [-70.722, 42.208], [-70.714, 42.169], [-70.64, 42.089], [-70.668, 42.012], [-70.662, 41.961], [-70.553, 41.93], [-70.526, 41.859], [-70.541, 41.816], [-70.472, 41.762], [-70.259, 41.714], [-70.189, 41.752], [-70.025, 41.787], [-70.004, 41.809], [-70.031, 41.929], [-70.074, 41.939], [-70.084, 42.012], [-70.034, 42.018], [-69.986, 41.95], [-69.936, 41.809], [-69.928, 41.692], [-69.996, 41.667], [-70.089, 41.663], [-70.246, 41.628], [-70.338, 41.636], [-70.437, 41.605], [-70.493, 41.552], [-70.634, 41.538], [-70.652, 41.605], [-70.627, 41.713], [-70.719, 41.736], [-70.81, 41.625], [-70.93, 41.609], [-70.932, 41.54], [-71.041, 41.495], [-71.121, 41.497], [-71.133, 41.66], [-71.196, 41.675], [-71.225, 41.71], [-71.261, 41.752], [-71.328, 41.781], [-71.347, 41.823], [-71.339, 41.898], [-71.382, 41.893], [-71.381, 42.019], [-71.799, 42.008], [-71.801, 42.024], [-72.136, 42.03], [-73.0, 42.039], [-73.487, 42.05], [-73.508, 42.086]]]]}}, {"type": "Feature", "properties": {"name": "Florida", "stusps": "FL", "statfp": "12"}, "geometry": {"type": "MultiPolygon", "coordinates": [[[[-81.125, 24.707], [-80.937, 24.785], [-80.916, 24.759], [-81.077, 24.69]]], [[[-81.812, 24.569], [-81.746, 24.66], [-81.585, 24.737], [-81.498, 24.793], [-81.444, 24.813], [-81.305, 24.755], [-81.258, 24.664], [-81.402, 24.624], [-81.413, 24.647], [-81.508, 24.642], [-81.517, 24.621], [-81.685, 24.559], [-81.813, 24.545]]], [[[-82.015, 24.543], [-81.887, 24.572], [-81.912, 24.527], [-81.972, 24.515]]], [[[-82.264, 26.698], [-82.247, 26.683], [-82.178, 26.502], [-82.088, 26.455], [-82.098, 26.425], [-82.196, 26.492], [-82.266, 26.655]]], [[[-84.67, 29.795], [-84.577, 29.837], [-84.565, 29.81], [-84.624, 29.778]]], [[[-85.002, 31.001], [-84.984, 30.937], [-84.937, 30.885], [-84.936, 30.821], [-84.914, 30.754], [-84.865, 30.712], [-84.057, 30.675], [-83.5, 30.646], [-83.131, 30.624], [-82.215, 30.569], [-82.236, 30.545], [-82.201, 30.485], [-82.21, 30.425], [-82.17, 30.359], [-82.048, 30.363], [-82.018, 30.475], [-82.012, 30.594], [-82.05, 30.656], [-82.04, 30.748], [-81.979, 30.776], [-81.95, 30.827], [-81.869, 30.793], [-81.809, 30.79], [-81.72, 30.745], [-81.695, 30.748], [-81.541, 30.713], [-81.49, 30.726], [-81.444, 30.71], [-81.427, 30.698], [-81.443, 30.601], [-81.434, 30.523], [-81.411, 30.482], [-81.386, 30.274], [-81.309, 29.969], [-81.277, 29.9], [-81.257, 29.785], [-81.164, 29.555], [-81.047, 29.308], [-80.966, 29.148], [-80.71, 28.757], [-80.575, 28.585], [-80.525, 28.459], [-80.588, 28.411], [-80.603, 28.364], [-80.604, 28.258], [-80.566, 28.096], [-80.509, 27.97], [-80.384, 27.74], [-80.293, 27.5], [-80.254, 27.38], [-80.161, 27.193], [-80.16, 27.163], [-80.094, 27.019], [-80.031, 26.796], [-80.039, 26.569], [-80.061, 26.445], [-80.08, 26.264], [-80.11, 26.087], [-80.12, 25.841], [-80.128, 25.772], [-80.164, 25.722], [-80.198, 25.744], [-80.245, 25.717], [-80.302, 25.568], [-80.339, 25.499], [-80.326, 25.398], [-80.338, 25.29], [-80.29, 25.319], [-80.2, 25.485], [-80.204, 25.414], [-80.327, 25.224], [-80.358, 25.153], [-80.572, 24.954], [-80.469, 25.092], [-80.465, 25.209], [-80.664, 25.187], [-80.748, 25.147], [-80.812, 25.186], [-80.875, 25.174], [-80.901, 25.14], [-81.08, 25.119], [-81.141, 25.164], [-81.172, 25.222], [-81.152, 25.325], [-81.117, 25.355], [-81.241, 25.599], [-81.271, 25.614], [-81.29, 25.688], [-81.351, 25.69], [-81.384, 25.777], [-81.468, 25.803], [-81.623, 25.897], [-81.69, 25.853], [-81.75, 25.96], [-81.802, 26.088], [-81.833, 26.295], [-81.869, 26.379], [-81.912, 26.427], [-82.014, 26.491], [-82.106, 26.484], [-82.138, 26.637], [-82.182, 26.682], [-82.126, 26.7], [-82.067, 26.743], [-82.059, 26.877], [-82.091, 26.889], [-82.076, 26.958], [-82.117, 26.954], [-82.175, 26.917], [-82.147, 26.79], [-82.25, 26.763], [-82.352, 26.908], [-82.446, 27.061], [-82.477, 27.141], [-82.569, 27.299], [-82.691, 27.444], [-82.708, 27.488], [-82.651, 27.523], [-82.585, 27.596], [-82.478, 27.746], [-82.435, 27.764], [-82.393, 27.838], [-82.414, 27.901], [-82.49, 27.92], [-82.472, 27.823], [-82.554, 27.848], [-82.53, 27.878], [-82.534, 27.933], [-82.67, 28.03], [-82.72, 27.936], [-82.634, 27.904], [-82.587, 27.817], [-82.623, 27.78], [-82.634, 27.711], [-82.738, 27.707], [-82.79, 27.792], [-82.829, 27.822], [-82.851, 27.886], [-82.831, 27.962], [-82.828, 28.041], [-82.783, 28.056], [-82.781, 28.128], [-82.808, 28.155], [-82.763, 28.219], [-82.675, 28.442], [-82.654, 28.591], [-82.675, 28.648], [-82.669, 28.696], [-82.712, 28.721], [-82.698, 28.757], [-82.73, 28.85], [-82.689, 28.906], [-82.761, 28.993], [-82.76, 29.054], [-82.827, 29.158], [-82.996, 29.178], [-83.03, 29.134], [-83.088, 29.216], [-83.089, 29.267], [-83.17, 29.29], [-83.176, 29.345], [-83.218, 29.42], [-83.295, 29.438], [-83.312, 29.476], [-83.4, 29.517], [-83.399, 29.613], [-83.413, 29.668], [-83.455, 29.676], [-83.538, 29.723], [-83.586, 29.785], [-83.638, 29.886], [-83.686, 29.924], [-83.845, 29.998], [-84.024, 30.103], [-84.125, 30.091], [-84.157, 30.073], [-84.269, 30.098], [-84.298, 30.057], [-84.366, 30.009], [-84.334, 29.924], [-84.379, 29.893], [-84.452, 29.929], [-84.536, 29.91], [-84.67, 29.829], [-84.692, 29.829], [-84.824, 29.758], [-84.915, 29.783], [-84.993, 29.715], [-85.121, 29.716], [-85.074, 29.674], [-85.07, 29.641], [-85.012, 29.622], [-84.799, 29.702], [-84.777, 29.692], [-85.045, 29.587], [-85.222, 29.678], [-85.319, 29.681], [-85.301, 29.797], [-85.364, 29.899], [-85.405, 29.938], [-85.488, 29.961], [-85.541, 29.996], [-85.588, 30.056], [-85.697, 30.097], [-85.775, 30.156], [-85.878, 30.216], [-86.09, 30.304], [-86.299, 30.363], [-86.412, 30.38], [-86.633, 30.396], [-86.751, 30.392], [-86.91, 30.372], [-87.155, 30.328], [-87.295, 30.324], [-87.518, 30.28], [-87.451, 30.346], [-87.43, 30.406], [-87.371, 30.43], [-87.436, 30.48], [-87.447, 30.527], [-87.394, 30.631], [-87.407, 30.675], [-87.533, 30.743], [-87.552, 30.786], [-87.635, 30.866], [-87.589, 30.964], [-87.599, 30.997], [-87.141, 31.0], [-86.52, 30.993], [-85.894, 30.993]]]]}}, {"type": "Feature", "properties": {"name": "Connecticut", "stusps": "CT", "statfp": "09"}, "geometry": {"type": "Polygon", "coordinates": [[[-73.487, 42.05], [-73.0, 42.039], [-72.136, 42.03], [-71.801, 42.024], [-71.799, 42.008], [-71.787, 41.656], [-71.798, 41.417], [-71.84, 41.412], [-71.83, 41.345], [-71.861, 41.32], [-71.946, 41.338], [-72.134, 41.299], [-72.204, 41.299], [-72.387, 41.262], [-72.452, 41.279], [-72.547, 41.25], [-72.571, 41.268], [-72.754, 41.267], [-72.894, 41.242], [-72.962, 41.252], [-73.015, 41.204], [-73.051, 41.21], [-73.13, 41.147], [-73.178, 41.167], [-73.262, 41.117], [-73.331, 41.11], [-73.387, 41.058], [-73.493, 41.048], [-73.657, 40.985], [-73.655, 41.012], [-73.728, 41.101], [-73.483, 41.213], [-73.551, 41.295], [-73.521, 41.62]]]}}, {"type": "Feature", "properties": {"name": "New Jersey", "stusps": "NJ", "statfp": "34"}, "geometry": {"type": "Polygon", "coordinates": [[[-75.559, 39.63], [-75.51, 39.686], [-75.459, 39.766], [-75.415, 39.802], [-75.33, 39.849], [-75.271, 39.849], [-75.151, 39.883], [-75.13, 39.959], [-74.932, 40.068], [-74.864, 40.082], [-74.816, 40.128], [-74.726, 40.145], [-74.77, 40.215], [-74.842, 40.251], [-74.868, 40.295], [-74.94, 40.338], [-74.964, 40.395], [-75.056, 40.416], [-75.069, 40.542], [-75.1, 40.568], [-75.194, 40.576], [-75.204, 40.691], [-75.172, 40.778], [-75.109, 40.791], [-75.051, 40.868], [-75.131, 40.991], [-75.026, 41.04], [-74.982, 41.108], [-74.882, 41.181], [-74.838, 41.277], [-74.753, 41.346], [-74.695, 41.357], [-74.302, 41.173], [-73.903, 40.997], [-73.929, 40.89], [-74.047, 40.691], [-74.087, 40.652], [-74.202, 40.631], [-74.217, 40.559], [-74.261, 40.502], [-74.262, 40.465], [-74.194, 40.441], [-74.138, 40.457], [-73.999, 40.411], [-73.971, 40.372], [-73.977, 40.299], [-74.03, 40.123], [-74.077, 39.911], [-74.097, 39.763], [-74.142, 39.689], [-74.304, 39.471], [-74.413, 39.361], [-74.522, 39.314], [-74.614, 39.245], [-74.714, 39.12], [-74.706, 39.103], [-74.793, 38.992], [-74.864, 38.94], [-74.972, 38.94], [-74.955, 39.001], [-74.904, 39.087], [-74.887, 39.159], [-75.026, 39.213], [-75.168, 39.203], [-75.178, 39.243], [-75.289, 39.29], [-75.327, 39.339], [-75.365, 39.341], [-75.432, 39.392], [-75.465, 39.439], [-75.536, 39.461], [-75.513, 39.578], [-75.556, 39.606]]]}}, {"type": "Feature", "properties": {"name": "Maryland", "stusps": "MD", "statfp": "24"}, "geometry": {"type": "MultiPolygon", "coordinates": [[[[-75.994, 37.953], [-76.047, 37.954], [-76.049, 38.015], [-75.986, 38.022]]], [[[-76.096, 38.125], [-76.089, 38.193], [-76.022, 38.178], [-76.023, 38.071]]], [[[-79.477, 39.721], [-78.538, 39.723], [-77.535, 39.72], [-76.991, 39.72], [-76.233, 39.722], [-75.789, 39.722], [-75.789, 39.659], [-75.728, 38.895], [-75.694, 38.46], [-75.429, 38.453], [-75.049, 38.451], [-75.086, 38.324], [-75.103, 38.312], [-75.194, 38.096], [-75.242, 38.027], [-75.624, 37.994], [-75.67, 37.951], [-75.713, 37.977], [-75.784, 37.973], [-75.861, 37.918], [-75.898, 37.925], [-75.875, 38.012], [-75.813, 38.059], [-75.881, 38.075], [-75.838, 38.114], [-75.9, 38.141], [-75.942, 38.187], [-75.846, 38.21], [-75.939, 38.272], [-75.974, 38.366], [-76.05, 38.304], [-76.044, 38.242], [-76.165, 38.243], [-76.332, 38.474], [-76.247, 38.524], [-76.29, 38.569], [-76.28, 38.61], [-76.089, 38.59], [-76.085, 38.625], [-76.147, 38.637], [-76.2, 38.671], [-76.255, 38.736], [-76.316, 38.73], [-76.335, 38.773], [-76.266, 38.848], [-76.191, 38.83], [-76.204, 38.928], [-76.273, 38.942], [-76.336, 38.906], [-76.362, 38.939], [-76.303, 39.026], [-76.277, 38.982], [-76.202, 38.973], [-76.164, 39.0], [-76.184, 39.046], [-76.231, 39.061], [-76.279, 39.146], [-76.219, 39.262], [-76.17, 39.332], [-76.111, 39.372], [-76.05, 39.371], [-75.977, 39.448], [-75.997, 39.477], [-75.97, 39.558], [-76.096, 39.537], [-76.117, 39.496], [-76.072, 39.475], [-76.102, 39.436], [-76.224, 39.353], [-76.299, 39.329], [-76.342, 39.374], [-76.385, 39.276], [-76.35, 39.249], [-76.442, 39.195], [-76.534, 39.191], [-76.429, 39.132], [-76.439, 39.053], [-76.394, 39.011], [-76.474, 38.973], [-76.45, 38.941], [-76.519, 38.863], [-76.49, 38.839], [-76.56, 38.767], [-76.527, 38.724], [-76.511, 38.616], [-76.516, 38.529], [-76.493, 38.483], [-76.388, 38.388], [-76.419, 38.323], [-76.374, 38.296], [-76.385, 38.218], [-76.32, 38.138], [-76.361, 38.06], [-76.44, 38.139], [-76.481, 38.116], [-76.54, 38.153], [-76.591, 38.214], [-76.673, 38.234], [-76.797, 38.237], [-76.802, 38.281], [-76.864, 38.269], [-76.921, 38.292], [-76.975, 38.347], [-77.016, 38.446], [-77.207, 38.36], [-77.25, 38.383], [-77.274, 38.482], [-77.238, 38.552], [-77.13, 38.635], [-77.133, 38.674], [-77.042, 38.719], [-77.039, 38.792], [-76.909, 38.893], [-77.041, 38.996], [-77.12, 38.934], [-77.147, 38.964], [-77.222, 38.971], [-77.245, 39.02], [-77.34, 39.063], [-77.463, 39.076], [-77.527, 39.146], [-77.458, 39.225], [-77.543, 39.267], [-77.567, 39.306], [-77.72, 39.321], [-77.758, 39.335], [-77.736, 39.388], [-77.788, 39.429], [-77.795, 39.481], [-77.886, 39.552], [-77.887, 39.613], [-78.011, 39.604], [-78.078, 39.669], [-78.171, 39.696], [-78.267, 39.619], [-78.352, 39.64], [-78.421, 39.624], [-78.463, 39.521], [-78.566, 39.519], [-78.689, 39.546], [-78.767, 39.587], [-78.826, 39.589], [-78.875, 39.523], [-78.953, 39.464], [-79.095, 39.463], [-79.13, 39.42], [-79.254, 39.337], [-79.387, 39.266], [-79.44, 39.217], [-79.487, 39.206]]]]}}, {"type": "Feature", "properties": {"name": "South Carolina", "stusps": "SC", "statfp": "45"}, "geometry": {"type": "Polygon", "coordinates": [[[-83.109, 35.001], [-82.783, 35.086], [-82.754, 35.07], [-82.61, 35.139], [-82.46, 35.178], [-82.275, 35.2], [-82.177, 35.194], [-81.716, 35.179], [-81.044, 35.15], [-81.057, 35.086], [-81.041, 35.045], [-80.935, 35.107], [-80.782, 34.936], [-80.798, 34.82], [-80.5, 34.817], [-79.871, 34.805], [-79.675, 34.805], [-79.358, 34.545], [-79.25, 34.45], [-78.875, 34.134], [-78.541, 33.851], [-78.714, 33.8], [-78.813, 33.743], [-78.938, 33.64], [-79.029, 33.533], [-79.085, 33.484], [-79.147, 33.378], [-79.18, 33.254], [-79.188, 33.174], [-79.246, 33.125], [-79.33, 33.09], [-79.36, 33.007], [-79.423, 33.015], [-79.483, 33.001], [-79.522, 33.035], [-79.581, 33.006], [-79.618, 32.953], [-79.576, 32.906], [-79.695, 32.85], [-79.726, 32.806], [-79.849, 32.755], [-79.885, 32.684], [-79.975, 32.64], [-80.001, 32.606], [-80.077, 32.603], [-80.205, 32.556], [-80.332, 32.478], [-80.364, 32.496], [-80.472, 32.497], [-80.485, 32.461], [-80.429, 32.39], [-80.466, 32.319], [-80.618, 32.26], [-80.715, 32.326], [-80.718, 32.267], [-80.669, 32.217], [-80.721, 32.16], [-80.813, 32.11], [-80.844, 32.11], [-80.905, 32.052], [-80.886, 32.035], [-80.918, 32.038], [-81.007, 32.101], [-81.067, 32.09], [-81.117, 32.118], [-81.118, 32.189], [-81.156, 32.241], [-81.12, 32.288], [-81.205, 32.424], [-81.2, 32.468], [-81.281, 32.556], [-81.367, 32.577], [-81.412, 32.618], [-81.401, 32.677], [-81.428, 32.702], [-81.422, 32.835], [-81.503, 32.939], [-81.491, 33.008], [-81.618, 33.095], [-81.705, 33.116], [-81.763, 33.159], [-81.757, 33.198], [-81.828, 33.229], [-81.847, 33.307], [-81.906, 33.324], [-81.945, 33.364], [-81.914, 33.441], [-81.986, 33.487], [-82.046, 33.564], [-82.134, 33.591], [-82.197, 33.631], [-82.255, 33.76], [-82.347, 33.834], [-82.423, 33.864], [-82.557, 33.945], [-82.596, 34.031], [-82.641, 34.068], [-82.677, 34.132], [-82.718, 34.151], [-82.747, 34.266], [-82.794, 34.34], [-82.835, 34.366], [-82.861, 34.457], [-82.903, 34.486], [-83.003, 34.472], [-83.069, 34.502], [-83.085, 34.531], [-83.168, 34.591], [-83.339, 34.682], [-83.353, 34.729], [-83.324, 34.79], [-83.268, 34.821], [-83.239, 34.876], [-83.121, 34.939]]]}}, {"type": "Feature", "properties": {"name": "Maine", "stusps": "ME", "statfp": "23"}, "geometry": {"type": "MultiPolygon", "coordinates": [[[[-68.501, 44.16], [-68.484, 44.225], [-68.385, 44.155], [-68.428, 44.119]]], [[[-68.945, 44.113], [-68.917, 44.148], [-68.825, 44.186], [-68.818, 44.137], [-68.77, 44.07], [-68.807, 44.036], [-68.874, 44.025], [-68.909, 44.11]]], [[[-70.704, 43.06], [-70.827, 43.127], [-70.818, 43.238], [-70.882, 43.272], [-70.916, 43.32], [-70.967, 43.344], [-70.987, 43.414], [-70.951, 43.551], [-70.973, 43.57], [-70.989, 43.792], [-71.013, 44.341], [-71.031, 44.655], [-71.084, 45.305], [-70.951, 45.335], [-70.885, 45.235], [-70.812, 45.302], [-70.781, 45.431], [-70.712, 45.391], [-70.631, 45.416], [-70.717, 45.488], [-70.722, 45.515], [-70.645, 45.607], [-70.47, 45.702], [-70.384, 45.735], [-70.417, 45.795], [-70.342, 45.852], [-70.259, 45.891], [-70.265, 45.963], [-70.313, 45.962], [-70.311, 46.065], [-70.238, 46.147], [-70.293, 46.192], [-70.209, 46.329], [-70.056, 46.417], [-69.997, 46.695], [-69.566, 47.125], [-69.224, 47.46], [-69.178, 47.457], [-69.037, 47.408], [-69.054, 47.378], [-69.04, 47.245], [-68.896, 47.183], [-68.718, 47.241], [-68.62, 47.243], [-68.579, 47.288], [-68.507, 47.297], [-68.433, 47.282], [-68.384, 47.302], [-68.336, 47.36], [-68.223, 47.345], [-67.952, 47.196], [-67.878, 47.102], [-67.791, 47.068], [-67.788, 46.602], [-67.782, 46.279], [-67.781, 45.943], [-67.803, 45.884], [-67.755, 45.824], [-67.802, 45.804], [-67.803, 45.678], [-67.72, 45.663], [-67.646, 45.614], [-67.425, 45.579], [-67.428, 45.501], [-67.503, 45.49], [-67.477, 45.432], [-67.419, 45.377], [-67.466, 45.294], [-67.405, 45.16], [-67.34, 45.126], [-67.271, 45.191], [-67.158, 45.161], [-67.112, 45.112], [-67.038, 44.945], [-66.984, 44.913], [-66.982, 44.811], [-67.189, 44.646], [-67.311, 44.613], [-67.309, 44.707], [-67.396, 44.693], [-67.363, 44.632], [-67.444, 44.606], [-67.568, 44.531], [-67.509, 44.497], [-67.588, 44.447], [-67.661, 44.538], [-67.714, 44.495], [-67.776, 44.514], [-67.852, 44.429], [-67.913, 44.43], [-68.049, 44.331], [-68.141, 44.377], [-68.224, 44.29], [-68.199, 44.237], [-68.318, 44.225], [-68.401, 44.252], [-68.457, 44.344], [-68.416, 44.398], [-68.43, 44.439], [-68.495, 44.43], [-68.535, 44.398], [-68.567, 44.318], [-68.52, 44.265], [-68.529, 44.222], [-68.599, 44.175], [-68.618, 44.097], [-68.584, 44.072], [-68.657, 44.004], [-68.658, 44.127], [-68.719, 44.166], [-68.734, 44.221], [-68.679, 44.265], [-68.749, 44.299], [-68.827, 44.312], [-68.829, 44.462], [-68.88, 44.428], [-68.998, 44.426], [-68.948, 44.356], [-68.959, 44.314], [-69.04, 44.234], [-69.055, 44.172], [-69.101, 44.105], [-69.047, 44.014], [-69.077, 43.974], [-69.175, 43.977], [-69.22, 43.915], [-69.274, 43.914], [-69.328, 43.946], [-69.428, 43.957], [-69.427, 43.912], [-69.605, 43.858], [-69.649, 43.791], [-69.706, 43.823], [-69.754, 43.744], [-69.835, 43.721], [-69.87, 43.776], [-69.927, 43.78], [-70.001, 43.71], [-70.071, 43.714], [-70.152, 43.682], [-70.206, 43.634], [-70.197, 43.565], [-70.272, 43.563], [-70.379, 43.507], [-70.362, 43.439], [-70.416, 43.361], [-70.535, 43.337], [-70.594, 43.249], [-70.576, 43.222], [-70.623, 43.135]]]]}}, {"type": "Feature", "properties": {"name": "New Hampshire", "stusps": "NH", "statfp": "33"}, "geometry": {"type": "Polygon", "coordinates": [[[-71.501, 45.013], [-71.498, 45.071], [-71.427, 45.13], [-71.406, 45.198], [-71.363, 45.248], [-71.284, 45.302], [-71.228, 45.25], [-71.134, 45.244], [-71.084, 45.305], [-71.031, 44.655], [-71.013, 44.341], [-70.989, 43.792], [-70.973, 43.57], [-70.951, 43.551], [-70.987, 43.414], [-70.967, 43.344], [-70.916, 43.32], [-70.882, 43.272], [-70.818, 43.238], [-70.827, 43.127], [-70.704, 43.06], [-70.811, 42.907], [-70.817, 42.872], [-70.931, 42.885], [-71.031, 42.859], [-71.064, 42.806], [-71.133, 42.821], [-71.186, 42.791], [-71.182, 42.738], [-71.246, 42.743], [-71.294, 42.697], [-71.981, 42.713], [-72.459, 42.727], [-72.543, 42.808], [-72.553, 42.885], [-72.535, 42.95], [-72.474, 42.972], [-72.445, 43.011], [-72.467, 43.053], [-72.435, 43.087], [-72.457, 43.147], [-72.435, 43.258], [-72.395, 43.313], [-72.413, 43.363], [-72.381, 43.493], [-72.373, 43.579], [-72.332, 43.599], [-72.303, 43.703], [-72.233, 43.748], [-72.185, 43.805], [-72.188, 43.856], [-72.121, 43.919], [-72.117, 43.994], [-72.031, 44.1], [-72.066, 44.19], [-72.068, 44.271], [-72.033, 44.32], [-71.812, 44.358], [-71.791, 44.4], [-71.708, 44.412], [-71.646, 44.475], [-71.599, 44.486], [-71.559, 44.566], [-71.552, 44.628], [-71.625, 44.744], [-71.572, 44.795], [-71.557, 44.849], [-71.494, 44.911], [-71.538, 44.984]]]}}, {"type": "Feature", "properties": {"name": "District of Columbia", "stusps": "DC", "statfp": "11"}, "geometry": {"type": "Polygon", "coordinates": [[[-77.12, 38.934], [-77.041, 38.996], [-76.909, 38.893], [-77.039, 38.792], [-77.032, 38.851]]]}}, {"type": "Feature", "properties": {"name": "Iowa", "stusps": "IA", "statfp": "19"}, "geometry": {"type": "Polygon", "coordinates": [[[-96.453, 43.5], [-95.741, 43.5], [-95.155, 43.5], [-94.47, 43.5], [-93.796, 43.5], [-93.272, 43.499], [-92.79, 43.5], [-91.95, 43.5], [-91.218, 43.501], [-91.232, 43.46], [-91.198, 43.395], [-91.202, 43.349], [-91.129, 43.326], [-91.058, 43.254], [-91.178, 43.129], [-91.175, 43.039], [-91.146, 42.91], [-91.101, 42.883], [-91.051, 42.737], [-90.952, 42.687], [-90.72, 42.641], [-90.662, 42.568], [-90.643, 42.508], [-90.654, 42.479], [-90.477, 42.384], [-90.416, 42.323], [-90.431, 42.278], [-90.391, 42.225], [-90.209, 42.153], [-90.163, 42.117], [-90.164, 42.042], [-90.14, 42.003], [-90.162, 41.961], [-90.154, 41.907], [-90.188, 41.803], [-90.279, 41.767], [-90.315, 41.734], [-90.343, 41.647], [-90.343, 41.588], [-90.413, 41.565], [-90.461, 41.524], [-90.595, 41.511], [-90.656, 41.462], [-90.738, 41.45], [-90.858, 41.453], [-90.93, 41.421], [-90.975, 41.434], [-91.048, 41.411], [-91.078, 41.302], [-91.114, 41.241], [-91.042, 41.166], [-90.99, 41.156], [-90.947, 41.097], [-90.942, 41.035], [-90.963, 40.925], [-90.998, 40.908], [-91.097, 40.812], [-91.092, 40.78], [-91.124, 40.669], [-91.187, 40.637], [-91.248, 40.638], [-91.349, 40.61], [-91.406, 40.543], [-91.369, 40.513], [-91.376, 40.392], [-91.419, 40.378], [-91.485, 40.384], [-91.617, 40.505], [-91.625, 40.544], [-91.682, 40.553], [-91.729, 40.614], [-92.096, 40.602], [-92.757, 40.589], [-93.261, 40.581], [-94.034, 40.574], [-94.489, 40.571], [-94.992, 40.576], [-95.766, 40.585], [-95.789, 40.659], [-95.843, 40.677], [-95.889, 40.732], [-95.837, 40.776], [-95.848, 40.864], [-95.812, 40.884], [-95.863, 40.997], [-95.863, 41.088], [-95.882, 41.144], [-95.865, 41.188], [-95.926, 41.196], [-95.933, 41.464], [-96.005, 41.472], [-96.09, 41.532], [-96.109, 41.597], [-96.095, 41.647], [-96.118, 41.694], [-96.07, 41.804], [-96.162, 41.902], [-96.13, 41.972], [-96.184, 41.977], [-96.238, 42.041], [-96.267, 42.11], [-96.348, 42.167], [-96.324, 42.23], [-96.37, 42.311], [-96.408, 42.337], [-96.412, 42.411], [-96.381, 42.446], [-96.446, 42.491], [-96.538, 42.655], [-96.631, 42.706], [-96.64, 42.737], [-96.578, 42.828], [-96.544, 42.851], [-96.541, 42.924], [-96.511, 43.025], [-96.439, 43.114], [-96.485, 43.224], [-96.555, 43.227], [-96.58, 43.298], [-96.526, 43.312], [-96.524, 43.395], [-96.594, 43.434], [-96.599, 43.5]]]}}, {"type": "Feature", "properties": {"name": "Arkansas", "stusps": "AR", "statfp": "05"}, "geometry": {"type": "Polygon", "coordinates": [[[-94.618, 36.499], [-94.111, 36.499], [-93.126, 36.498], [-92.35, 36.498], [-91.405, 36.497], [-90.693, 36.499], [-90.152, 36.498], [-90.144, 36.424], [-90.066, 36.386], [-90.084, 36.272], [-90.183, 36.205], [-90.236, 36.139], [-90.319, 36.09], [-90.378, 35.996], [-89.733, 36.001], [-89.715, 35.963], [-89.656, 35.926], [-89.766, 35.891], [-89.782, 35.805], [-89.814, 35.76], [-89.95, 35.738], [-89.956, 35.691], [-89.911, 35.618], [-89.989, 35.56], [-90.04, 35.548], [-90.049, 35.504], [-90.108, 35.477], [-90.129, 35.442], [-90.075, 35.384], [-90.109, 35.305], [-90.159, 35.263], [-90.079, 35.228], [-90.117, 35.188], [-90.067, 35.136], [-90.101, 35.117], [-90.174, 35.118], [-90.209, 35.027], [-90.292, 35.042], [-90.309, 34.996], [-90.25, 34.951], [-90.25, 34.907], [-90.415, 34.832], [-90.437, 34.883], [-90.484, 34.861], [-90.451, 34.748], [-90.467, 34.696], [-90.517, 34.631], [-90.587, 34.616], [-90.546, 34.538], [-90.59, 34.485], [-90.567, 34.43], [-90.614, 34.391], [-90.683, 34.369], [-90.756, 34.367], [-90.741, 34.307], [-90.832, 34.267], [-90.848, 34.207], [-90.907, 34.244], [-90.933, 34.215], [-90.888, 34.182], [-90.817, 34.183], [-90.823, 34.144], [-90.91, 34.166], [-90.946, 34.109], [-90.87, 34.083], [-90.889, 34.03], [-90.988, 34.019], [-91.088, 33.975], [-91.011, 33.926], [-91.071, 33.867], [-91.054, 33.779], [-91.107, 33.771], [-91.145, 33.727], [-91.068, 33.716], [-91.035, 33.673], [-91.084, 33.657], [-91.161, 33.707], [-91.219, 33.662], [-91.139, 33.626], [-91.132, 33.599], [-91.228, 33.565], [-91.169, 33.453], [-91.209, 33.404], [-91.142, 33.349], [-91.142, 33.3], [-91.083, 33.222], [-91.088, 33.145], [-91.184, 33.142], [-91.201, 33.11], [-91.125, 33.064], [-91.166, 33.004], [-91.952, 33.007], [-92.223, 33.009], [-92.797, 33.015], [-93.491, 33.018], [-94.043, 33.019], [-94.043, 33.552], [-94.183, 33.592], [-94.226, 33.553], [-94.393, 33.551], [-94.486, 33.638], [-94.47, 34.19], [-94.458, 34.643], [-94.431, 35.394], [-94.523, 35.934]]]}}, {"type": "Feature", "properties": {"name": "Tennessee", "stusps": "TN", "statfp": "47"}, "geometry": {"type": "Polygon", "coordinates": [[[-89.733, 36.001], [-89.687, 36.034], [-89.68, 36.082], [-89.594, 36.127], [-89.607, 36.171], [-89.693, 36.225], [-89.695, 36.253], [-89.587, 36.239], [-89.536, 36.271], [-89.612, 36.309], [-89.611, 36.34], [-89.532, 36.339], [-89.51, 36.374], [-89.542, 36.42], [-89.539, 36.498], [-89.485, 36.497], [-89.417, 36.499], [-89.3, 36.507], [-89.118, 36.504], [-88.331, 36.501], [-88.053, 36.497], [-88.032, 36.541], [-88.071, 36.678], [-87.85, 36.664], [-87.853, 36.633], [-87.414, 36.641], [-87.115, 36.642], [-86.59, 36.652], [-86.333, 36.649], [-85.832, 36.622], [-85.488, 36.615], [-85.195, 36.625], [-84.843, 36.605], [-84.543, 36.596], [-83.988, 36.59], [-83.691, 36.583], [-83.675, 36.601], [-83.276, 36.598], [-83.261, 36.594], [-82.888, 36.593], [-81.934, 36.594], [-81.923, 36.616], [-81.647, 36.612], [-81.678, 36.588], [-81.708, 36.536], [-81.695, 36.468], [-81.738, 36.411], [-81.723, 36.355], [-81.795, 36.358], [-81.908, 36.302], [-82.033, 36.12], [-82.131, 36.106], [-82.148, 36.15], [-82.205, 36.157], [-82.289, 36.136], [-82.409, 36.083], [-82.461, 36.008], [-82.55, 35.964], [-82.611, 35.967], [-82.595, 36.03], [-82.632, 36.066], [-82.785, 35.988], [-82.826, 35.93], [-82.899, 35.945], [-82.901, 35.873], [-82.992, 35.774], [-83.079, 35.789], [-83.159, 35.765], [-83.186, 35.73], [-83.241, 35.727], [-83.313, 35.655], [-83.446, 35.612], [-83.498, 35.563], [-83.63, 35.568], [-83.772, 35.562], [-83.826, 35.524], [-83.883, 35.517], [-83.912, 35.476], [-83.961, 35.464], [-84.022, 35.404], [-84.038, 35.348], [-84.021, 35.301], [-84.098, 35.247], [-84.199, 35.244], [-84.224, 35.269], [-84.29, 35.226], [-84.322, 34.988], [-84.939, 34.988], [-85.385, 34.983], [-85.605, 34.985], [-86.397, 34.992], [-86.862, 34.992], [-87.429, 35.003], [-88.203, 35.008], [-88.2, 34.996], [-88.851, 34.995], [-89.435, 34.994], [-89.848, 34.994], [-90.309, 34.996], [-90.292, 35.042], [-90.209, 35.027], [-90.174, 35.118], [-90.101, 35.117], [-90.067, 35.136], [-90.117, 35.188], [-90.079, 35.228], [-90.159, 35.263], [-90.109, 35.305], [-90.075, 35.384], [-90.129, 35.442], [-90.108, 35.477], [-90.049, 35.504], [-90.04, 35.548], [-89.989, 35.56], [-89.911, 35.618], [-89.956, 35.691], [-89.95, 35.738], [-89.814, 35.76], [-89.782, 35.805], [-89.766, 35.891], [-89.656, 35.926], [-89.715, 35.963]]]}}, {"type": "Feature", "properties": {"name": "Illinois", "stusps": "IL", "statfp": "17"}, "geometry": {"type": "Polygon", "coordinates": [[[-91.419, 40.378], [-91.376, 40.392], [-91.369, 40.513], [-91.406, 40.543], [-91.349, 40.61], [-91.248, 40.638], [-91.187, 40.637], [-91.124, 40.669], [-91.092, 40.78], [-91.097, 40.812], [-90.998, 40.908], [-90.963, 40.925], [-90.942, 41.035], [-90.947, 41.097], [-90.99, 41.156], [-91.042, 41.166], [-91.114, 41.241], [-91.078, 41.302], [-91.048, 41.411], [-90.975, 41.434], [-90.93, 41.421], [-90.858, 41.453], [-90.738, 41.45], [-90.656, 41.462], [-90.595, 41.511], [-90.461, 41.524], [-90.413, 41.565], [-90.343, 41.588], [-90.343, 41.647], [-90.315, 41.734], [-90.279, 41.767], [-90.188, 41.803], [-90.154, 41.907], [-90.162, 41.961], [-90.14, 42.003], [-90.164, 42.042], [-90.163, 42.117], [-90.209, 42.153], [-90.391, 42.225], [-90.431, 42.278], [-90.416, 42.323], [-90.477, 42.384], [-90.654, 42.479], [-90.643, 42.508], [-90.074, 42.508], [-89.251, 42.498], [-88.787, 42.492], [-88.115, 42.496], [-87.8, 42.492], [-87.805, 42.385], [-87.835, 42.302], [-87.8, 42.208], [-87.742, 42.128], [-87.682, 42.076], [-87.612, 41.891], [-87.601, 41.827], [-87.524, 41.708], [-87.527, 41.121], [-87.527, 40.462], [-87.533, 39.883], [-87.532, 39.348], [-87.589, 39.334], [-87.61, 39.282], [-87.575, 39.218], [-87.64, 39.167], [-87.632, 39.107], [-87.573, 39.057], [-87.578, 38.989], [-87.512, 38.954], [-87.551, 38.86], [-87.497, 38.779], [-87.52, 38.697], [-87.62, 38.639], [-87.661, 38.541], [-87.654, 38.512], [-87.74, 38.475], [-87.745, 38.409], [-87.806, 38.363], [-87.855, 38.275], [-87.937, 38.292], [-87.984, 38.21], [-87.937, 38.172], [-87.945, 38.127], [-88.013, 38.104], [-88.035, 38.051], [-88.013, 37.977], [-88.036, 37.943], [-88.013, 37.895], [-88.095, 37.894], [-88.028, 37.799], [-88.064, 37.739], [-88.125, 37.707], [-88.158, 37.665], [-88.133, 37.574], [-88.069, 37.525], [-88.088, 37.471], [-88.282, 37.453], [-88.362, 37.403], [-88.409, 37.425], [-88.477, 37.387], [-88.516, 37.284], [-88.448, 37.204], [-88.424, 37.152], [-88.459, 37.074], [-88.545, 37.07], [-88.631, 37.121], [-88.732, 37.144], [-88.806, 37.189], [-88.917, 37.224], [-89.03, 37.211], [-89.155, 37.089], [-89.183, 37.037], [-89.133, 36.982], [-89.198, 37.012], [-89.292, 36.992], [-89.378, 37.04], [-89.376, 37.086], [-89.462, 37.2], [-89.461, 37.251], [-89.518, 37.285], [-89.491, 37.331], [-89.436, 37.344], [-89.422, 37.397], [-89.516, 37.536], [-89.512, 37.686], [-89.583, 37.713], [-89.74, 37.847], [-89.796, 37.86], [-89.845, 37.906], [-89.902, 37.87], [-89.974, 37.919], [-90.008, 37.97], [-90.131, 38.062], [-90.243, 38.113], [-90.275, 38.158], [-90.354, 38.214], [-90.374, 38.282], [-90.35, 38.378], [-90.295, 38.427], [-90.26, 38.528], [-90.192, 38.599], [-90.183, 38.665], [-90.212, 38.712], [-90.166, 38.773], [-90.123, 38.798], [-90.113, 38.849], [-90.25, 38.919], [-90.309, 38.924], [-90.451, 38.968], [-90.544, 38.875], [-90.583, 38.869], [-90.661, 38.925], [-90.713, 39.057], [-90.683, 39.088], [-90.727, 39.251], [-90.84, 39.34], [-90.994, 39.423], [-91.059, 39.469], [-91.1, 39.539], [-91.148, 39.546], [-91.186, 39.605], [-91.241, 39.63], [-91.37, 39.733], [-91.362, 39.785], [-91.43, 39.838], [-91.448, 39.878], [-91.421, 39.915], [-91.495, 40.036], [-91.51, 40.128], [-91.507, 40.236], [-91.462, 40.342]]]}}, {"type": "Feature", "properties": {"name": "Alaska", "stusps": "AK", "statfp": "02"}, "geometry": {"type": "MultiPolygon", "coordinates": [[[[179.482, 51.983], [179.663, 52.023], [179.774, 51.971], [179.743, 51.912], [179.614, 51.872], [179.522, 51.897], [179.476, 51.937]]], [[[178.626, 51.637], [178.904, 51.615], [179.077, 51.499], [179.191, 51.463], [179.23, 51.413], [179.386, 51.404], [179.367, 51.372], [179.262, 51.358], [179.06, 51.455], [178.952, 51.542], [178.844, 51.579], [178.706, 51.593]]], [[[178.447, 51.978], [178.553, 51.974], [178.59, 51.945], [178.502, 51.9]]], [[[177.203, 51.897], [177.291, 51.919], [177.346, 51.963], [177.497, 51.993], [177.505, 52.039], [177.563, 52.122], [177.603, 52.137], [177.676, 52.092], [177.602, 52.016], [177.538, 51.979], [177.561, 51.916], [177.41, 51.931], [177.349, 51.904], [177.293, 51.846]]], [[[173.356, 52.406], [173.446, 52.455], [173.53, 52.45], [173.624, 52.507], [173.708, 52.477], [173.726, 52.357], [173.651, 52.356], [173.589, 52.401], [173.465, 52.385]]], [[[172.462, 52.927], [172.629, 53.001], [172.747, 53.011], [173.107, 52.993], [173.212, 52.939], [173.295, 52.927], [173.422, 52.845], [173.302, 52.823], [173.229, 52.856], [173.167, 52.795], [173.119, 52.784], [172.998, 52.797], [172.904, 52.762], [172.809, 52.789], [172.763, 52.824], [172.754, 52.877], [172.64, 52.925], [172.513, 52.905]]], [[[-131.487, 54.95], [-131.266, 54.999], [-131.243, 54.93], [-131.2, 54.91], [-131.266, 54.859], [-131.353, 54.859], [-131.469, 54.913]]], [[[-131.646, 55.036], [-131.548, 55.143], [-131.598, 55.18], [-131.607, 55.24], [-131.551, 55.281], [-131.463, 55.223], [-131.398, 55.211], [-131.362, 55.156], [-131.351, 55.067], [-131.389, 55.012], [-131.485, 55.01], [-131.532, 55.038], [-131.616, 55.007]]], [[[-131.871, 55.365], [-131.812, 55.414], [-131.647, 55.306], [-131.689, 55.282], [-131.694, 55.224], [-131.748, 55.129], [-131.828, 55.198]]], [[[-132.562, 56.379], [-132.478, 56.438], [-132.407, 56.387], [-132.495, 56.355]]], [[[-133.025, 56.23], [-132.931, 56.228], [-132.849, 56.113], [-132.896, 56.1], [-133.003, 56.156]]], [[[-133.069, 56.356], [-133.002, 56.431], [-132.928, 56.457], [-132.819, 56.44], [-132.734, 56.459], [-132.668, 56.44], [-132.621, 56.391], [-132.684, 56.346], [-132.662, 56.275], [-132.878, 56.24], [-132.961, 56.296], [-133.045, 56.321]]], [[[-133.656, 55.626], [-133.62, 55.698], [-133.546, 55.645], [-133.623, 55.583]]], [[[-133.789, 55.458], [-133.733, 55.559], [-133.616, 55.551], [-133.59, 55.507], [-133.481, 55.513], [-133.436, 55.561], [-133.345, 55.569], [-133.285, 55.535], [-133.306, 55.484], [-133.397, 55.473], [-133.474, 55.437], [-133.419, 55.386], [-133.577, 55.325], [-133.609, 55.241], [-133.69, 55.304], [-133.633, 55.361], [-133.636, 55.428], [-133.739, 55.472]]], [[[-133.816, 55.964], [-133.694, 56.071], [-133.582, 56.129], [-133.554, 56.167], [-133.679, 56.212], [-133.628, 56.237], [-133.664, 56.311], [-133.582, 56.353], [-133.418, 56.332], [-133.163, 56.317], [-133.071, 56.238], [-133.008, 56.12], [-132.927, 56.034], [-132.838, 56.024], [-132.635, 55.922], [-132.471, 55.782], [-132.461, 55.683], [-132.359, 55.649], [-132.301, 55.551], [-132.247, 55.493], [-132.515, 55.577], [-132.568, 55.48], [-132.408, 55.513], [-132.319, 55.469], [-132.226, 55.375], [-132.167, 55.363], [-132.126, 55.288], [-132.143, 55.238], [-131.996, 55.259], [-131.98, 55.212], [-132.017, 55.121], [-132.094, 55.039], [-131.985, 55.028], [-131.983, 54.853], [-131.958, 54.791], [-132.03, 54.701], [-132.142, 54.692], [-132.256, 54.735], [-132.366, 54.751], [-132.371, 54.783], [-132.509, 54.781], [-132.448, 54.827], [-132.345, 54.852], [-132.485, 54.899], [-132.61, 54.966], [-132.575, 54.998], [-132.542, 55.098], [-132.625, 55.114], [-132.581, 55.166], [-132.736, 55.134], [-132.684, 55.046], [-132.749, 54.996], [-132.916, 55.044], [-132.87, 55.124], [-132.935, 55.21], [-133.008, 55.206], [-133.044, 55.249], [-133.119, 55.251], [-133.012, 55.128], [-132.99, 55.067], [-132.889, 54.897], [-132.731, 54.939], [-132.629, 54.883], [-132.615, 54.777], [-132.667, 54.763], [-132.676, 54.681], [-132.776, 54.675], [-132.866, 54.7], [-132.877, 54.754], [-132.95, 54.788], [-133.124, 54.94], [-133.16, 54.959], [-133.169, 55.031], [-133.24, 55.092], [-133.215, 55.137], [-133.224, 55.229], [-133.341, 55.206], [-133.441, 55.212], [-133.472, 55.248], [-133.453, 55.32], [-133.258, 55.367], [-133.158, 55.372], [-133.078, 55.41], [-133.183, 55.492], [-133.177, 55.587], [-133.263, 55.569], [-133.438, 55.644], [-133.394, 55.667], [-133.417, 55.74], [-133.513, 55.756], [-133.527, 55.695], [-133.643, 55.729], [-133.701, 55.779], [-133.656, 55.823], [-133.556, 55.835], [-133.422, 55.789], [-133.348, 55.804], [-133.384, 55.877], [-133.447, 55.89], [-133.541, 55.977], [-133.719, 55.893], [-133.8, 55.925]]], [[[-133.943, 55.912], [-133.854, 55.932], [-133.84, 55.887], [-133.929, 55.87]]], [[[-134.367, 55.911], [-134.267, 55.93], [-134.231, 55.865], [-134.282, 55.829]]], [[[-134.415, 56.848], [-134.27, 56.936], [-134.048, 56.923], [-134.007, 56.852], [-133.943, 56.806], [-133.869, 56.846], [-133.921, 56.962], [-134.049, 57.029], [-134.009, 57.075], [-133.888, 57.098], [-133.614, 57.058], [-133.334, 57.002], [-133.308, 57.015], [-133.105, 57.006], [-132.997, 56.942], [-132.935, 56.823], [-132.821, 56.794], [-132.743, 56.714], [-132.628, 56.669], [-132.541, 56.585], [-132.724, 56.515], [-132.818, 56.495], [-133.138, 56.533], [-133.122, 56.492], [-133.204, 56.448], [-133.349, 56.47], [-133.418, 56.494], [-133.513, 56.437], [-133.663, 56.448], [-133.676, 56.523], [-133.715, 56.55], [-133.821, 56.495], [-133.777, 56.47], [-133.781, 56.392], [-133.864, 56.391], [-133.835, 56.32], [-133.881, 56.223], [-133.942, 56.18], [-133.961, 56.091], [-134.087, 56.095], [-134.137, 56.006], [-134.19, 56.023], [-134.259, 56.121], [-134.263, 56.215], [-134.299, 56.29], [-134.293, 56.354], [-134.243, 56.396], [-134.252, 56.445], [-134.198, 56.531], [-134.32, 56.554], [-134.301, 56.62], [-134.376, 56.669], [-134.402, 56.733]]], [[[-134.961, 58.404], [-134.724, 58.268], [-134.7, 58.161], [-134.559, 58.195], [-134.371, 58.149], [-134.216, 58.162], [-134.166, 58.133], [-134.189, 58.083], [-134.099, 58.019], [-134.09, 57.974], [-134.017, 57.93], [-133.905, 57.807], [-133.897, 57.686], [-133.995, 57.72], [-134.031, 57.819], [-134.132, 57.896], [-134.207, 57.896], [-134.113, 57.809], [-134.146, 57.76], [-134.02, 57.657], [-133.936, 57.614], [-133.945, 57.57], [-133.857, 57.464], [-133.926, 57.457], [-133.871, 57.358], [-133.963, 57.305], [-134.035, 57.328], [-134.155, 57.208], [-134.498, 57.031], [-134.601, 57.034], [-134.635, 57.11], [-134.647, 57.226], [-134.605, 57.273], [-134.517, 57.315], [-134.575, 57.344], [-134.579, 57.4], [-134.464, 57.392], [-134.608, 57.513], [-134.611, 57.563], [-134.674, 57.614], [-134.732, 57.722], [-134.706, 57.829], [-134.746, 57.899], [-134.759, 57.98], [-134.797, 58.059], [-134.785, 58.097], [-134.915, 58.215], [-134.948, 58.281]]], [[[-135.695, 57.363], [-135.555, 57.427], [-135.526, 57.51], [-135.419, 57.564], [-135.209, 57.489], [-135.146, 57.439], [-135.065, 57.419], [-134.849, 57.41], [-134.806, 57.342], [-134.842, 57.249], [-134.738, 57.01], [-134.74, 56.948], [-134.696, 56.901], [-134.634, 56.729], [-134.616, 56.637], [-134.627, 56.554], [-134.671, 56.541], [-134.637, 56.406], [-134.635, 56.266], [-134.668, 56.167], [-134.806, 56.236], [-134.839, 56.309], [-134.946, 56.39], [-135.061, 56.542], [-135.036, 56.62], [-135.119, 56.598], [-135.176, 56.678], [-135.275, 56.702], [-135.318, 56.749], [-135.399, 56.779], [-135.506, 56.781], [-135.573, 56.863], [-135.448, 56.889], [-135.442, 56.942], [-135.353, 57.021], [-135.493, 57.095], [-135.41, 57.149], [-135.366, 57.249], [-135.478, 57.257], [-135.553, 57.233], [-135.602, 57.301]]], [[[-135.728, 58.365], [-135.602, 58.375], [-135.65, 58.325]]], [[[-135.852, 57.241], [-135.848, 57.339], [-135.761, 57.347], [-135.639, 57.293], [-135.584, 57.23], [-135.399, 57.231], [-135.456, 57.16], [-135.541, 57.148], [-135.637, 57.01], [-135.856, 56.996], [-135.845, 57.084], [-135.755, 57.124], [-135.754, 57.167], [-135.832, 57.171]]], [[[-136.156, 58.284], [-136.048, 58.319], [-136.035, 58.273]]], [[[-136.573, 57.927], [-136.556, 58.077], [-136.469, 58.097], [-136.366, 58.149], [-136.355, 58.192], [-136.4, 58.272], [-136.284, 58.27], [-136.239, 58.172], [-136.139, 58.224], [-135.976, 58.202], [-135.914, 58.244], [-135.783, 58.287], [-135.735, 58.24], [-135.589, 58.214], [-135.451, 58.134], [-135.398, 58.144], [-135.276, 58.097], [-135.109, 58.088], [-134.977, 58.05], [-134.913, 57.979], [-134.926, 57.922], [-135.066, 57.869], [-134.949, 57.805], [-135.098, 57.755], [-134.922, 57.742], [-134.918, 57.682], [-134.867, 57.623], [-134.825, 57.5], [-134.903, 57.459], [-135.084, 57.465], [-135.243, 57.546], [-135.572, 57.674], [-135.661, 57.629], [-135.571, 57.58], [-135.567, 57.486], [-135.597, 57.443], [-135.711, 57.368], [-135.892, 57.408], [-135.897, 57.441], [-136.048, 57.514], [-136.121, 57.591], [-136.23, 57.595], [-136.251, 57.685], [-136.365, 57.829], [-136.459, 57.854], [-136.484, 57.896]]], [[[-146.012, 60.396], [-145.953, 60.408], [-145.744, 60.385], [-145.831, 60.35]]], [[[-147.321, 60.88], [-147.226, 60.91], [-147.115, 60.912], [-147.142, 60.854]]], [[[-147.484, 60.683], [-147.488, 60.728], [-147.395, 60.743], [-147.309, 60.665], [-147.349, 60.627], [-147.484, 60.619]]], [[[-147.929, 59.784], [-147.887, 59.862], [-147.695, 59.997], [-147.588, 60.026], [-147.401, 60.116], [-147.32, 60.218], [-147.226, 60.255], [-147.2, 60.35], [-147.102, 60.38], [-147.062, 60.301], [-146.956, 60.259], [-147.179, 60.158], [-147.353, 60.047], [-147.383, 59.978], [-147.502, 59.927], [-147.392, 59.878], [-147.461, 59.842], [-147.624, 59.848], [-147.682, 59.799], [-147.765, 59.796], [-147.876, 59.764]]], [[[-147.951, 60.244], [-147.793, 60.476], [-147.614, 60.566], [-147.62, 60.437], [-147.691, 60.405], [-147.619, 60.369], [-147.704, 60.286], [-147.699, 60.246], [-147.761, 60.156]]], [[[-148.02, 60.725], [-147.965, 60.752], [-147.848, 60.698], [-147.933, 60.656]]], [[[-150.772, 59.333], [-150.671, 59.41], [-150.618, 59.356], [-150.722, 59.292]]], [[[-152.083, 60.346], [-151.98, 60.414], [-151.952, 60.511], [-151.839, 60.486], [-151.94, 60.431], [-151.956, 60.368]]], [[[-153.418, 58.064], [-153.316, 58.14], [-153.224, 58.162], [-153.17, 58.217], [-153.074, 58.195], [-153.007, 58.222], [-153.102, 58.258], [-153.044, 58.306], [-152.941, 58.28], [-152.937, 58.331], [-152.839, 58.372], [-152.734, 58.461], [-152.654, 58.507], [-152.666, 58.564], [-152.568, 58.621], [-152.503, 58.593], [-152.355, 58.638], [-152.337, 58.589], [-152.512, 58.427], [-152.494, 58.355], [-152.365, 58.365], [-152.356, 58.423], [-152.28, 58.416], [-152.201, 58.355], [-152.089, 58.368], [-152.138, 58.296], [-151.986, 58.35], [-151.964, 58.269], [-151.986, 58.214], [-152.081, 58.154], [-152.195, 58.174], [-152.234, 58.243], [-152.311, 58.221], [-152.265, 58.136], [-152.344, 58.119], [-152.483, 58.13], [-152.598, 58.18], [-152.657, 58.061], [-152.771, 58.047], [-152.819, 57.996], [-152.982, 57.985], [-153.29, 58.05]]], [[[-153.56, 59.391], [-153.412, 59.415], [-153.348, 59.378], [-153.366, 59.337], [-153.515, 59.321]]], [[[-154.159, 56.692], [-154.047, 56.73], [-154.022, 56.685]]], [[[-154.362, 56.543], [-154.29, 56.595], [-154.096, 56.618], [-154.042, 56.556], [-153.879, 56.566], [-153.953, 56.507], [-154.232, 56.491], [-154.343, 56.51]]], [[[-154.78, 57.366], [-154.708, 57.381], [-154.693, 57.446], [-154.63, 57.51], [-154.468, 57.57], [-154.344, 57.631], [-154.226, 57.661], [-153.983, 57.648], [-153.982, 57.553], [-153.876, 57.543], [-153.813, 57.589], [-153.859, 57.651], [-153.663, 57.64], [-153.677, 57.67], [-153.863, 57.707], [-153.933, 57.704], [-153.935, 57.813], [-153.823, 57.865], [-153.721, 57.891], [-153.649, 57.88], [-153.571, 57.832], [-153.55, 57.718], [-153.493, 57.728], [-153.452, 57.839], [-153.354, 57.81], [-153.328, 57.85], [-153.462, 57.881], [-153.537, 57.931], [-153.453, 57.964], [-153.274, 57.89], [-153.127, 57.857], [-153.089, 57.865], [-153.27, 57.959], [-153.235, 57.997], [-153.129, 57.947], [-153.024, 57.957], [-152.876, 57.932], [-152.853, 57.975], [-152.723, 57.987], [-152.74, 57.945], [-152.893, 57.843], [-152.716, 57.855], [-152.635, 57.919], [-152.55, 57.9], [-152.47, 57.962], [-152.365, 57.884], [-152.31, 57.79], [-152.444, 57.776], [-152.468, 57.681], [-152.429, 57.642], [-152.152, 57.619], [-152.164, 57.585], [-152.291, 57.517], [-152.339, 57.423], [-152.482, 57.468], [-152.517, 57.432], [-152.6, 57.469], [-152.663, 57.464], [-152.743, 57.506], [-152.886, 57.511], [-152.912, 57.471], [-152.763, 57.458], [-152.601, 57.382], [-152.63, 57.323], [-152.696, 57.281], [-152.75, 57.309], [-152.818, 57.265], [-152.909, 57.324], [-153.009, 57.34], [-153.013, 57.299], [-152.944, 57.259], [-153.166, 57.181], [-152.949, 57.187], [-152.88, 57.165], [-152.911, 57.127], [-152.997, 57.119], [-153.215, 57.076], [-153.204, 57.034], [-153.301, 56.991], [-153.321, 57.037], [-153.404, 57.081], [-153.38, 57.12], [-153.284, 57.174], [-153.35, 57.192], [-153.487, 57.086], [-153.581, 57.049], [-153.543, 56.995], [-153.601, 56.943], [-153.693, 56.926], [-153.688, 56.865], [-153.776, 56.83], [-153.821, 56.842], [-153.902, 56.771], [-153.972, 56.745], [-154.125, 56.783], [-154.073, 56.841], [-153.936, 56.916], [-153.849, 56.942], [-153.857, 56.975], [-153.98, 56.962], [-153.862, 57.119], [-153.983, 57.066], [-154.077, 56.971], [-154.226, 56.876], [-154.299, 56.846], [-154.313, 56.919], [-154.385, 56.96], [-154.525, 56.992], [-154.515, 57.078], [-154.54, 57.196], [-154.614, 57.268], [-154.692, 57.284], [-154.797, 57.346]]], [[[-154.806, 56.434], [-154.706, 56.521], [-154.535, 56.601], [-154.45, 56.6], [-154.392, 56.554], [-154.634, 56.472], [-154.737, 56.404]]], [[[-155.749, 55.826], [-155.563, 55.886], [-155.564, 55.809], [-155.591, 55.762], [-155.719, 55.772]]], [[[-156.751, 56.037], [-156.683, 56.099], [-156.634, 56.048]]], [[[-157.326, 56.54], [-157.25, 56.582], [-157.077, 56.579], [-157.169, 56.53]]], [[[-159.321, 54.897], [-159.279, 54.949], [-159.206, 54.927], [-159.236, 54.876]]], [[[-159.384, 55.749], [-159.356, 55.807], [-159.279, 55.763]]], [[[-159.46, 54.949], [-159.417, 55.0], [-159.448, 55.064], [-159.345, 55.059], [-159.332, 54.975]]], [[[-159.587, 54.827], [-159.51, 54.789], [-159.598, 54.756]]], [[[-159.662, 55.19], [-159.533, 55.185], [-159.495, 55.136], [-159.534, 55.084], [-159.649, 55.05]]], [[[-160.251, 54.93], [-160.132, 55.014], [-160.174, 55.053], [-160.187, 55.118], [-160.061, 55.2], [-159.954, 55.189], [-159.889, 55.287], [-159.849, 55.268], [-159.895, 55.218], [-159.905, 55.165], [-159.816, 55.178], [-159.869, 55.095], [-159.951, 55.067], [-160.116, 54.985], [-160.183, 54.916]]], [[[-160.348, 55.426], [-160.267, 55.463], [-160.137, 55.451], [-160.142, 55.387], [-160.321, 55.394]]], [[[-160.857, 55.318], [-160.797, 55.382], [-160.71, 55.403], [-160.573, 55.389], [-160.426, 55.339], [-160.334, 55.36], [-160.307, 55.303], [-160.39, 55.287], [-160.58, 55.303], [-160.486, 55.194], [-160.525, 55.13], [-160.656, 55.16], [-160.69, 55.21], [-160.842, 55.204]]], [[[-161.084, 58.59], [-161.057, 58.702], [-160.919, 58.747], [-160.843, 58.752], [-160.684, 58.815], [-160.881, 58.581], [-160.961, 58.554], [-161.076, 58.55]]], [[[-161.693, 55.218], [-161.656, 55.244], [-161.528, 55.251], [-161.56, 55.207]]], [[[-161.904, 55.117], [-161.889, 55.161], [-161.828, 55.178], [-161.652, 55.131], [-161.655, 55.103], [-161.738, 55.054], [-161.839, 55.118]]], [[[-162.435, 54.929], [-162.327, 54.985], [-162.236, 54.963], [-162.233, 54.891], [-162.275, 54.846], [-162.349, 54.836], [-162.425, 54.885]]], [[[-162.683, 63.584], [-162.541, 63.636], [-162.374, 63.626], [-162.345, 63.552], [-162.615, 63.541]]], [[[-162.835, 54.45], [-162.829, 54.495], [-162.585, 54.448], [-162.519, 54.414], [-162.425, 54.414], [-162.467, 54.343], [-162.547, 54.377], [-162.609, 54.369], [-162.72, 54.401], [-162.784, 54.376], [-162.862, 54.425]]], [[[-165.221, 54.102], [-165.141, 54.131], [-165.023, 54.122], [-164.938, 54.137], [-164.953, 54.078], [-165.044, 54.067]]], [[[-165.684, 54.25], [-165.636, 54.298], [-165.587, 54.284], [-165.476, 54.183], [-165.549, 54.112], [-165.63, 54.133], [-165.637, 54.199]]], [[[-166.101, 54.144], [-166.082, 54.175], [-165.983, 54.221], [-165.873, 54.216], [-165.837, 54.161], [-165.748, 54.161], [-165.671, 54.096], [-165.767, 54.066], [-165.811, 54.075], [-165.984, 54.062], [-166.046, 54.044], [-166.112, 54.123]]], [[[-167.443, 60.209], [-167.318, 60.232], [-167.113, 60.231], [-167.034, 60.214], [-166.843, 60.21], [-166.836, 60.269], [-166.714, 60.327], [-166.583, 60.318], [-166.58, 60.35], [-166.49, 60.389], [-166.372, 60.355], [-166.204, 60.39], [-166.15, 60.437], [-166.081, 60.323], [-165.985, 60.314], [-165.883, 60.343], [-165.68, 60.292], [-165.723, 60.236], [-165.684, 60.198], [-165.663, 60.098], [-165.709, 60.066], [-165.634, 60.02], [-165.653, 59.987], [-165.582, 59.908], [-165.839, 59.89], [-166.026, 59.861], [-166.125, 59.812], [-166.097, 59.757], [-166.19, 59.75], [-166.272, 59.811], [-166.408, 59.851], [-166.614, 59.848], [-166.763, 59.893], [-166.861, 59.943], [-166.988, 59.979], [-167.101, 59.988], [-167.244, 60.058], [-167.333, 60.067], [-167.344, 60.126]]], [[[-167.852, 53.316], [-167.694, 53.388], [-167.622, 53.385], [-167.488, 53.42], [-167.457, 53.443], [-167.356, 53.424], [-167.268, 53.478], [-167.2, 53.463], [-167.188, 53.524], [-167.102, 53.515], [-167.162, 53.606], [-167.062, 53.62], [-167.058, 53.699], [-166.999, 53.719], [-166.832, 53.708], [-166.787, 53.735], [-166.976, 53.775], [-167.025, 53.757], [-167.142, 53.827], [-167.141, 53.867], [-167.031, 53.945], [-166.879, 53.989], [-166.645, 54.014], [-166.6, 53.984], [-166.647, 53.924], [-166.561, 53.879], [-166.444, 53.91], [-166.437, 53.956], [-166.279, 53.983], [-166.211, 53.934], [-166.237, 53.881], [-166.32, 53.87], [-166.405, 53.809], [-166.42, 53.762], [-166.213, 53.817], [-166.12, 53.855], [-166.111, 53.777], [-166.167, 53.733], [-166.283, 53.684], [-166.445, 53.641], [-166.554, 53.623], [-166.581, 53.53], [-166.656, 53.487], [-166.735, 53.507], [-166.749, 53.441], [-166.878, 53.43], [-167.134, 53.426], [-167.292, 53.364], [-167.443, 53.321], [-167.488, 53.269], [-167.589, 53.289], [-167.644, 53.251], [-167.799, 53.285]]], [[[-168.129, 65.656], [-167.98, 65.728], [-167.54, 65.821], [-167.315, 65.885], [-166.828, 66.051], [-166.526, 66.142], [-166.331, 66.19], [-165.805, 66.333], [-165.407, 66.42], [-164.711, 66.543], [-164.401, 66.581], [-164.095, 66.592], [-163.824, 66.592], [-163.727, 66.516], [-163.762, 66.455], [-163.873, 66.389], [-163.83, 66.272], [-163.917, 66.19], [-163.768, 66.061], [-163.624, 66.058], [-163.496, 66.085], [-163.345, 66.085], [-163.169, 66.059], [-162.751, 66.09], [-162.622, 66.04], [-162.458, 66.059], [-162.392, 66.029], [-162.122, 66.067], [-162.026, 66.063], [-161.838, 66.023], [-161.681, 66.112], [-161.548, 66.24], [-161.485, 66.262], [-161.341, 66.255], [-161.321, 66.224], [-161.199, 66.211], [-160.999, 66.255], [-161.13, 66.336], [-161.526, 66.397], [-161.694, 66.396], [-161.916, 66.349], [-161.863, 66.441], [-161.875, 66.511], [-162.098, 66.61], [-162.175, 66.688], [-162.269, 66.718], [-162.482, 66.73], [-162.513, 66.778], [-162.622, 66.851], [-162.601, 66.898], [-162.29, 66.931], [-162.229, 66.867], [-162.097, 66.789], [-162.011, 66.759], [-162.082, 66.693], [-162.069, 66.646], [-161.765, 66.497], [-161.574, 66.439], [-161.326, 66.478], [-161.293, 66.521], [-161.484, 66.526], [-161.49, 66.561], [-161.693, 66.621], [-161.882, 66.717], [-161.794, 66.882], [-161.674, 66.962], [-161.567, 66.935], [-161.531, 66.985], [-161.697, 67.011], [-161.81, 67.05], [-162.123, 67.026], [-162.239, 66.994], [-162.502, 66.977], [-162.623, 66.992], [-162.693, 67.029], [-162.843, 66.991], [-162.975, 67.025], [-163.495, 67.088], [-163.666, 67.1], [-163.745, 67.126], [-163.759, 67.256], [-163.879, 67.416], [-164.08, 67.586], [-164.21, 67.639], [-164.534, 67.726], [-164.778, 67.821], [-165.13, 67.942], [-165.313, 68.017], [-165.494, 68.059], [-165.872, 68.11], [-165.975, 68.141], [-166.044, 68.201], [-166.237, 68.273], [-166.528, 68.326], [-166.796, 68.354], [-166.378, 68.422], [-166.306, 68.462], [-166.234, 68.564], [-166.188, 68.779], [-166.214, 68.88], [-165.667, 68.855], [-165.327, 68.858], [-164.655, 68.909], [-164.253, 68.931], [-163.974, 68.985], [-163.724, 69.067], [-163.535, 69.142], [-163.267, 69.291], [-163.169, 69.385], [-163.143, 69.453], [-163.151, 69.613], [-163.01, 69.813], [-162.707, 69.97], [-162.475, 70.124], [-162.342, 70.19], [-161.879, 70.329], [-161.534, 70.299], [-161.288, 70.297], [-161.041, 70.331], [-160.813, 70.377], [-160.48, 70.466], [-160.215, 70.559], [-160.057, 70.633], [-159.648, 70.794], [-159.172, 70.875], [-159.149, 70.834], [-158.95, 70.797], [-158.658, 70.786], [-158.366, 70.82], [-158.032, 70.832], [-157.768, 70.876], [-157.502, 70.949], [-157.249, 71.053], [-156.81, 71.287], [-156.569, 71.353], [-156.531, 71.296], [-156.357, 71.261], [-156.074, 71.242], [-155.958, 71.186], [-155.761, 71.195], [-155.588, 71.173], [-155.514, 71.097], [-155.548, 71.061], [-155.705, 71.02], [-155.831, 70.966], [-155.996, 70.948], [-155.925, 70.853], [-155.869, 70.829], [-155.644, 70.824], [-155.504, 70.86], [-155.513, 70.941], [-155.344, 71.004], [-155.177, 71.027], [-155.257, 71.081], [-155.032, 71.146], [-154.777, 71.083], [-154.616, 71.026], [-154.603, 70.868], [-154.572, 70.826], [-154.353, 70.835], [-154.182, 70.768], [-153.996, 70.822], [-153.89, 70.886], [-153.486, 70.886], [-153.238, 70.922], [-153.049, 70.913], [-152.904, 70.884], [-152.603, 70.882], [-152.223, 70.825], [-152.377, 70.715], [-152.472, 70.689], [-152.421, 70.609], [-152.101, 70.587], [-151.817, 70.546], [-151.729, 70.495], [-151.919, 70.473], [-151.876, 70.431], [-151.555, 70.436], [-151.147, 70.377], [-150.951, 70.46], [-150.519, 70.483], [-150.414, 70.46], [-150.361, 70.409], [-150.074, 70.439], [-149.867, 70.511], [-149.581, 70.496], [-149.179, 70.486], [-148.959, 70.424], [-148.79, 70.403], [-148.611, 70.423], [-148.477, 70.359], [-148.411, 70.303], [-148.077, 70.328], [-147.818, 70.277], [-147.765, 70.22], [-147.682, 70.2], [-147.35, 70.188], [-147.244, 70.219], [-147.162, 70.156], [-146.991, 70.148], [-146.886, 70.186], [-146.734, 70.175], [-146.508, 70.186], [-146.273, 70.177], [-146.097, 70.145], [-145.79, 70.149], [-145.623, 70.084], [-145.522, 70.077], [-145.408, 70.032], [-145.197, 69.995], [-144.863, 69.974], [-144.619, 69.969], [-144.455, 70.035], [-143.951, 70.1], [-143.887, 70.121], [-143.62, 70.135], [-143.425, 70.125], [-143.282, 70.151], [-142.94, 70.074], [-142.747, 70.043], [-142.498, 69.974], [-142.404, 69.917], [-142.272, 69.907], [-141.959, 69.823], [-141.713, 69.789], [-141.431, 69.695], [-141.21, 69.684], [-141.003, 69.646], [-141.003, 69.165], [-141.003, 68.498], [-141.003, 67.892], [-141.003, 67.286], [-141.003, 66.643], [-141.002, 65.839], [-141.002, 64.83], [-141.002, 63.853], [-141.002, 62.917], [-141.002, 62.125], [-141.002, 61.436], [-140.998, 61.069], [-141.002, 60.306], [-140.52, 60.22], [-140.458, 60.308], [-139.981, 60.182], [-139.693, 60.335], [-139.075, 60.353], [-139.072, 60.319], [-139.199, 60.088], [-139.054, 59.995], [-138.707, 59.906], [-138.669, 59.81], [-138.626, 59.769], [-137.607, 59.244], [-137.5, 58.985], [-137.525, 58.907], [-137.447, 58.91], [-137.265, 59.002], [-136.864, 59.138], [-136.827, 59.158], [-136.582, 59.165], [-136.469, 59.284], [-136.477, 59.466], [-136.372, 59.45], [-136.305, 59.465], [-136.239, 59.524], [-136.24, 59.559], [-136.354, 59.6], [-136.193, 59.64], [-135.953, 59.662], [-135.479, 59.798], [-135.253, 59.698], [-135.158, 59.626], [-135.029, 59.564], [-135.028, 59.475], [-135.101, 59.428], [-134.99, 59.387], [-135.031, 59.346], [-134.96, 59.281], [-134.701, 59.249], [-134.679, 59.192], [-134.566, 59.131], [-134.483, 59.132], [-134.382, 59.039], [-134.407, 58.979], [-134.314, 58.962], [-134.336, 58.923], [-134.258, 58.861], [-133.841, 58.729], [-133.707, 58.612], [-133.558, 58.523], [-133.377, 58.431], [-133.462, 58.388], [-133.356, 58.287], [-133.184, 58.163], [-133.076, 58.0], [-132.869, 57.843], [-132.757, 57.705], [-132.658, 57.619], [-132.554, 57.497], [-132.363, 57.342], [-132.248, 57.211], [-132.369, 57.092], [-132.045, 57.045], [-132.124, 56.874], [-131.873, 56.806], [-131.901, 56.754], [-131.861, 56.703], [-131.835, 56.599], [-131.581, 56.612], [-131.469, 56.552], [-131.173, 56.45], [-131.088, 56.406], [-130.782, 56.367], [-130.623, 56.267], [-130.468, 56.243], [-130.425, 56.141], [-130.246, 56.096], [-130.104, 56.123], [-130.003, 56.008], [-130.018, 55.912], [-130.083, 55.822], [-130.152, 55.766], [-130.112, 55.683], [-130.128, 55.581], [-130.09, 55.498], [-130.041, 55.452], [-130.021, 55.338], [-129.974, 55.282], [-130.103, 55.193], [-130.188, 55.063], [-130.273, 54.974], [-130.459, 54.848], [-130.568, 54.792], [-130.629, 54.783], [-130.686, 54.719], [-130.737, 54.754], [-130.742, 54.802], [-130.855, 54.766], [-130.916, 54.79], [-130.96, 54.934], [-130.949, 54.968], [-131.012, 54.996], [-130.984, 55.069], [-131.052, 55.118], [-131.093, 55.193], [-130.985, 55.247], [-130.882, 55.359], [-130.921, 55.429], [-130.871, 55.534], [-130.902, 55.697], [-130.939, 55.755], [-131.094, 55.896], [-131.041, 55.763], [-130.966, 55.689], [-130.928, 55.577], [-130.987, 55.54], [-131.001, 55.398], [-131.031, 55.285], [-131.16, 55.197], [-131.211, 55.192], [-131.297, 55.235], [-131.285, 55.286], [-131.428, 55.239], [-131.494, 55.332], [-131.55, 55.293], [-131.699, 55.355], [-131.844, 55.457], [-131.846, 55.522], [-131.665, 55.582], [-131.727, 55.641], [-131.701, 55.697], [-131.733, 55.731], [-131.705, 55.79], [-131.72, 55.895], [-131.837, 55.875], [-131.771, 55.81], [-131.826, 55.719], [-131.829, 55.667], [-131.897, 55.604], [-131.963, 55.615], [-131.937, 55.535], [-131.986, 55.501], [-132.183, 55.588], [-132.224, 55.702], [-132.183, 55.801], [-132.086, 55.832], [-132.042, 55.959], [-132.07, 56.047], [-131.97, 56.114], [-131.936, 56.177], [-132.018, 56.183], [-132.035, 56.133], [-132.177, 56.056], [-132.13, 55.958], [-132.159, 55.923], [-132.28, 55.925], [-132.32, 55.888], [-132.397, 55.879], [-132.384, 55.937], [-132.45, 55.956], [-132.493, 56.066], [-132.574, 56.071], [-132.64, 56.033], [-132.723, 56.146], [-132.718, 56.218], [-132.601, 56.24], [-132.529, 56.339], [-132.442, 56.354], [-132.341, 56.342], [-132.394, 56.486], [-132.367, 56.575], [-132.451, 56.564], [-132.486, 56.606], [-132.571, 56.633], [-132.543, 56.702], [-132.557, 56.757], [-132.77, 56.837], [-132.87, 56.926], [-132.919, 56.994], [-132.916, 57.04], [-133.076, 57.082], [-133.188, 57.089], [-133.247, 57.137], [-133.322, 57.113], [-133.517, 57.178], [-133.545, 57.243], [-133.49, 57.305], [-133.426, 57.286], [-133.308, 57.29], [-133.355, 57.333], [-133.454, 57.356], [-133.525, 57.49], [-133.506, 57.578], [-133.621, 57.579], [-133.676, 57.625], [-133.655, 57.714], [-133.582, 57.715], [-133.522, 57.684], [-133.323, 57.666], [-133.56, 57.777], [-133.57, 57.859], [-133.631, 57.847], [-133.64, 57.79], [-133.709, 57.793], [-133.849, 57.935], [-134.05, 58.062], [-134.088, 58.182], [-134.061, 58.282], [-133.967, 58.318], [-134.013, 58.404], [-134.072, 58.33], [-134.144, 58.304], [-134.103, 58.249], [-134.147, 58.199], [-134.262, 58.191], [-134.631, 58.247], [-134.776, 58.397], [-134.792, 58.492], [-134.942, 58.612], [-134.989, 58.679], [-134.921, 58.681], [-134.942, 58.783], [-135.027, 58.782], [-135.151, 58.846], [-135.209, 59.077], [-135.284, 59.193], [-135.397, 59.292], [-135.491, 59.282], [-135.368, 59.209], [-135.296, 59.096], [-135.376, 59.089], [-135.393, 58.971], [-135.234, 58.735], [-135.142, 58.616], [-135.189, 58.576], [-135.089, 58.423], [-135.049, 58.309], [-135.101, 58.293], [-135.088, 58.2], [-135.22, 58.236], [-135.277, 58.234], [-135.398, 58.328], [-135.433, 58.4], [-135.512, 58.386], [-135.63, 58.429], [-135.728, 58.397], [-135.907, 58.381], [-135.897, 58.45], [-135.929, 58.573], [-135.912, 58.619], [-136.012, 58.712], [-136.012, 58.743], [-136.09, 58.816], [-136.151, 58.757], [-136.247, 58.753], [-136.494, 58.839], [-136.528, 58.928], [-136.63, 58.89], [-136.789, 58.936], [-136.929, 58.9], [-136.745, 58.877], [-136.583, 58.839], [-136.463, 58.782], [-136.317, 58.671], [-136.218, 58.672], [-136.194, 58.582], [-136.1, 58.515], [-136.042, 58.38], [-136.112, 58.343], [-136.266, 58.314], [-136.337, 58.378], [-136.39, 58.297], [-136.545, 58.317], [-136.586, 58.297], [-136.592, 58.218], [-136.701, 58.219], [-136.73, 58.286], [-136.784, 58.29], [-136.947, 58.393], [-137.018, 58.409], [-137.112, 58.393], [-137.497, 58.558], [-137.681, 58.622], [-137.688, 58.665], [-137.928, 58.781], [-137.933, 58.868], [-138.066, 58.957], [-138.289, 59.054], [-138.637, 59.131], [-138.763, 59.191], [-138.92, 59.249], [-139.42, 59.38], [-139.746, 59.503], [-139.856, 59.537], [-139.726, 59.639], [-139.586, 59.643], [-139.511, 59.703], [-139.589, 59.709], [-139.582, 59.775], [-139.634, 59.875], [-139.527, 59.94], [-139.489, 59.995], [-139.56, 60.042], [-139.612, 59.949], [-139.701, 59.93], [-139.776, 59.868], [-139.78, 59.826], [-140.163, 59.741], [-140.306, 59.693], [-140.649, 59.711], [-140.891, 59.742], [-140.982, 59.77], [-141.423, 59.877], [-141.419, 59.916], [-141.3, 59.937], [-141.259, 59.998], [-141.376, 60.111], [-141.513, 60.162], [-141.553, 60.154], [-141.368, 60.024], [-141.595, 59.962], [-141.736, 59.962], [-141.912, 60.01], [-142.13, 60.03], [-142.538, 60.084], [-142.698, 60.093], [-142.909, 60.09], [-143.069, 60.069], [-143.413, 60.052], [-143.699, 60.028], [-143.897, 59.986], [-144.035, 60.02], [-144.196, 59.997], [-144.424, 59.895], [-144.44, 59.94], [-144.217, 60.04], [-144.053, 60.042], [-144.11, 60.099], [-144.285, 60.14], [-144.349, 60.091], [-144.429, 60.148], [-144.535, 60.189], [-144.909, 60.221], [-144.877, 60.245], [-144.739, 60.265], [-144.966, 60.309], [-144.834, 60.444], [-145.039, 60.406], [-145.042, 60.357], [-145.114, 60.301], [-145.255, 60.311], [-145.505, 60.394], [-145.594, 60.452], [-145.736, 60.475], [-145.853, 60.446], [-145.914, 60.492], [-145.802, 60.52], [-145.829, 60.55], [-146.11, 60.47], [-146.217, 60.45], [-146.351, 60.454], [-146.35, 60.408], [-146.134, 60.432], [-146.148, 60.367], [-146.247, 60.335], [-146.393, 60.327], [-146.608, 60.241], [-146.694, 60.285], [-146.572, 60.322], [-146.718, 60.35], [-146.721, 60.396], [-146.638, 60.467], [-146.529, 60.492], [-146.455, 60.465], [-146.29, 60.516], [-146.156, 60.526], [-145.952, 60.577], [-145.801, 60.594], [-146.017, 60.667], [-146.148, 60.631], [-146.271, 60.648], [-146.168, 60.725], [-146.5, 60.68], [-146.668, 60.693], [-146.704, 60.742], [-146.359, 60.786], [-146.184, 60.847], [-146.263, 60.868], [-146.334, 60.822], [-146.556, 60.81], [-146.621, 60.869], [-146.725, 60.812], [-146.801, 60.805], [-146.817, 60.856], [-146.757, 60.878], [-146.746, 60.958], [-146.608, 61.085], [-146.262, 61.09], [-146.288, 61.123], [-146.614, 61.119], [-146.691, 61.064], [-146.784, 61.043], [-146.862, 60.976], [-146.973, 60.935], [-147.019, 61.073], [-147.137, 60.981], [-147.378, 60.878], [-147.55, 60.908], [-147.588, 60.874], [-147.761, 60.913], [-147.788, 60.874], [-147.73, 60.818], [-147.914, 60.825], [-148.034, 60.783], [-148.145, 60.797], [-148.149, 60.829], [-148.066, 60.938], [-147.951, 61.029], [-147.95, 61.075], [-147.772, 61.18], [-147.739, 61.266], [-147.999, 61.084], [-148.09, 61.005], [-148.178, 61.0], [-148.282, 60.918], [-148.295, 60.863], [-148.351, 60.804], [-148.384, 60.688], [-148.281, 60.753], [-148.148, 60.759], [-148.107, 60.74], [-148.094, 60.662], [-148.143, 60.623], [-148.255, 60.595], [-148.334, 60.53], [-148.256, 60.493], [-148.192, 60.557], [-148.087, 60.596], [-147.979, 60.519], [-147.942, 60.444], [-148.026, 60.279], [-148.116, 60.28], [-148.128, 60.237], [-147.91, 60.131], [-147.816, 60.058], [-147.87, 59.991], [-148.039, 59.939], [-148.221, 59.976], [-148.314, 60.034], [-148.445, 59.943], [-148.545, 59.995], [-148.569, 59.945], [-148.635, 59.916], [-148.758, 59.959], [-148.86, 59.924], [-148.915, 59.969], [-149.012, 59.951], [-149.122, 59.98], [-149.166, 60.022], [-149.271, 59.872], [-149.412, 59.851], [-149.315, 59.971], [-149.366, 60.119], [-149.443, 60.098], [-149.427, 59.981], [-149.464, 59.919], [-149.555, 59.911], [-149.596, 59.798], [-149.507, 59.771], [-149.528, 59.707], [-149.626, 59.734], [-149.669, 59.843], [-149.746, 59.861], [-149.728, 59.693], [-149.843, 59.701], [-149.934, 59.669], [-150.18, 59.534], [-150.354, 59.416], [-150.44, 59.404], [-150.317, 59.585], [-150.412, 59.555], [-150.479, 59.458], [-150.516, 59.462], [-150.576, 59.579], [-150.632, 59.522], [-150.581, 59.445], [-150.65, 59.421], [-150.74, 59.425], [-150.77, 59.373], [-150.912, 59.312], [-150.888, 59.268], [-150.942, 59.233], [-151.106, 59.263], [-151.108, 59.218], [-151.224, 59.224], [-151.306, 59.21], [-151.438, 59.254], [-151.575, 59.195], [-151.591, 59.162], [-151.748, 59.159], [-151.761, 59.221], [-151.838, 59.209], [-151.979, 59.254], [-151.992, 59.314], [-151.903, 59.36], [-151.887, 59.421], [-151.634, 59.482], [-151.549, 59.471], [-151.516, 59.524], [-151.399, 59.541], [-151.277, 59.594], [-151.164, 59.587], [-151.203, 59.646], [-150.983, 59.784], [-151.114, 59.777], [-151.33, 59.684], [-151.437, 59.666], [-151.504, 59.634], [-151.643, 59.647], [-151.829, 59.72], [-151.868, 59.778], [-151.758, 59.918], [-151.703, 60.032], [-151.422, 60.213], [-151.388, 60.267], [-151.382, 60.359], [-151.3, 60.385], [-151.264, 60.543], [-151.324, 60.574], [-151.409, 60.721], [-151.212, 60.78], [-151.063, 60.787], [-150.706, 60.938], [-150.377, 61.039], [-150.194, 60.901], [-150.046, 60.887], [-149.999, 60.864], [-149.875, 60.96], [-149.77, 60.968], [-149.639, 60.929], [-149.571, 60.937], [-149.346, 60.896], [-149.112, 60.879], [-149.087, 60.909], [-149.193, 60.94], [-149.327, 60.928], [-149.51, 60.982], [-149.596, 60.981], [-149.74, 61.017], [-149.832, 61.076], [-149.969, 61.133], [-150.075, 61.156], [-150.01, 61.204], [-149.924, 61.211], [-149.811, 61.318], [-149.73, 61.333], [-149.702, 61.385], [-149.537, 61.408], [-149.43, 61.447], [-149.543, 61.49], [-149.615, 61.493], [-149.877, 61.384], [-149.918, 61.323], [-149.92, 61.263], [-149.986, 61.238], [-150.205, 61.26], [-150.469, 61.245], [-150.646, 61.297], [-150.711, 61.251], [-151.025, 61.178], [-151.167, 61.046], [-151.294, 61.036], [-151.362, 61.009], [-151.48, 61.011], [-151.621, 60.957], [-151.8, 60.854], [-151.704, 60.732], [-151.849, 60.734], [-152.022, 60.673], [-152.1, 60.594], [-152.195, 60.57], [-152.309, 60.506], [-152.33, 60.443], [-152.234, 60.394], [-152.366, 60.353], [-152.392, 60.302], [-152.557, 60.224], [-152.66, 60.242], [-152.747, 60.233], [-152.734, 60.175], [-152.569, 60.072], [-152.612, 60.009], [-152.679, 59.968], [-152.706, 59.915], [-152.81, 59.878], [-153.003, 59.887], [-153.145, 59.86], [-153.213, 59.863], [-153.286, 59.821], [-153.022, 59.834], [-152.994, 59.791], [-153.052, 59.692], [-153.214, 59.634], [-153.343, 59.621], [-153.476, 59.643], [-153.558, 59.606], [-153.585, 59.551], [-153.761, 59.543], [-153.699, 59.464], [-153.728, 59.435], [-153.897, 59.418], [-154.045, 59.388], [-154.103, 59.343], [-154.137, 59.263], [-154.131, 59.211], [-154.215, 59.152], [-154.167, 59.101], [-154.195, 59.069], [-154.158, 59.018], [-154.063, 59.072], [-153.85, 59.053], [-153.696, 59.074], [-153.616, 59.007], [-153.48, 58.995], [-153.398, 58.966], [-153.295, 58.865], [-153.345, 58.847], [-153.402, 58.743], [-153.553, 58.687], [-153.592, 58.64], [-153.678, 58.612], [-153.897, 58.606], [-153.935, 58.494], [-154.057, 58.489], [-154.071, 58.44], [-153.999, 58.376], [-154.177, 58.321], [-154.103, 58.28], [-154.145, 58.211], [-154.22, 58.185], [-154.34, 58.091], [-154.437, 58.148], [-154.463, 58.058], [-154.539, 58.056], [-154.582, 58.019], [-154.716, 58.055], [-154.765, 58.004], [-154.892, 58.028], [-154.99, 58.013], [-155.119, 57.954], [-155.062, 57.904], [-155.097, 57.865], [-155.238, 57.827], [-155.326, 57.831], [-155.306, 57.724], [-155.379, 57.711], [-155.568, 57.79], [-155.617, 57.77], [-155.63, 57.656], [-155.724, 57.633], [-155.733, 57.55], [-155.968, 57.544], [-156.044, 57.564], [-156.022, 57.44], [-156.137, 57.472], [-156.339, 57.418], [-156.482, 57.339], [-156.507, 57.281], [-156.336, 57.336], [-156.343, 57.248], [-156.399, 57.215], [-156.334, 57.182], [-156.435, 57.127], [-156.442, 57.085], [-156.536, 57.048], [-156.555, 56.984], [-156.671, 56.996], [-156.781, 56.972], [-156.797, 56.912], [-156.885, 56.953], [-157.006, 56.904], [-157.073, 56.838], [-157.159, 56.833], [-157.14, 56.791], [-157.202, 56.768], [-157.379, 56.862], [-157.472, 56.833], [-157.413, 56.769], [-157.517, 56.761], [-157.564, 56.703], [-157.481, 56.671], [-157.466, 56.623], [-157.675, 56.61], [-157.737, 56.676], [-157.919, 56.643], [-157.983, 56.599], [-157.838, 56.561], [-157.818, 56.514], [-157.872, 56.474], [-158.112, 56.521], [-158.127, 56.461], [-158.329, 56.484], [-158.403, 56.455], [-158.499, 56.38], [-158.49, 56.342], [-158.323, 56.325], [-158.207, 56.294], [-158.217, 56.269], [-158.335, 56.233], [-158.265, 56.21], [-158.374, 56.135], [-158.424, 56.069], [-158.408, 56.015], [-158.598, 56.049], [-158.653, 55.959], [-158.737, 55.953], [-158.747, 56.01], [-158.854, 56.003], [-158.909, 55.935], [-159.272, 55.891], [-159.375, 55.872], [-159.412, 55.789], [-159.494, 55.766], [-159.552, 55.705], [-159.53, 55.665], [-159.618, 55.596], [-159.734, 55.57], [-159.679, 55.656], [-159.673, 55.751], [-159.644, 55.83], [-159.811, 55.857], [-159.847, 55.803], [-160.01, 55.797], [-160.058, 55.722], [-160.186, 55.659], [-160.28, 55.641], [-160.411, 55.665], [-160.393, 55.603], [-160.436, 55.574], [-160.463, 55.507], [-160.537, 55.475], [-160.58, 55.564], [-160.667, 55.544], [-160.667, 55.46], [-160.781, 55.452], [-160.837, 55.473], [-160.865, 55.527], [-160.944, 55.508], [-161.014, 55.431], [-161.232, 55.357], [-161.365, 55.384], [-161.508, 55.363], [-161.469, 55.497], [-161.356, 55.606], [-161.416, 55.632], [-161.587, 55.62], [-161.699, 55.519], [-161.686, 55.408], [-161.876, 55.25], [-161.903, 55.205], [-161.979, 55.236], [-162.046, 55.226], [-161.967, 55.155], [-161.961, 55.107], [-162.053, 55.074], [-162.177, 55.154], [-162.224, 55.102], [-162.189, 55.06], [-162.219, 55.029], [-162.3, 55.043], [-162.414, 55.037], [-162.471, 55.052], [-162.521, 55.115], [-162.461, 55.126], [-162.51, 55.25], [-162.585, 55.298], [-162.662, 55.294], [-162.718, 55.22], [-162.645, 55.197], [-162.58, 55.137], [-162.619, 55.097], [-162.569, 55.016], [-162.646, 54.997], [-162.771, 54.933], [-162.845, 54.927], [-162.914, 54.95], [-162.971, 55.001], [-163.002, 55.08], [-163.079, 55.112], [-163.188, 55.091], [-163.226, 55.043], [-163.05, 54.969], [-163.036, 54.943], [-163.214, 54.847], [-163.373, 54.801], [-163.313, 54.753], [-163.184, 54.775], [-163.108, 54.733], [-163.059, 54.661], [-163.223, 54.677], [-163.34, 54.749], [-163.428, 54.715], [-163.424, 54.656], [-163.489, 54.655], [-163.586, 54.612], [-163.747, 54.635], [-163.966, 54.632], [-164.085, 54.62], [-164.232, 54.585], [-164.331, 54.53], [-164.353, 54.465], [-164.457, 54.42], [-164.64, 54.391], [-164.744, 54.394], [-164.845, 54.418], [-164.95, 54.576], [-164.919, 54.605], [-164.709, 54.662], [-164.562, 54.851], [-164.55, 54.889], [-164.427, 54.933], [-164.344, 54.894], [-164.207, 54.928], [-164.164, 54.954], [-164.031, 54.97], [-163.895, 55.039], [-163.774, 55.056], [-163.533, 55.049], [-163.53, 55.017], [-163.443, 54.97], [-163.398, 54.902], [-163.287, 54.967], [-163.281, 55.033], [-163.315, 55.126], [-163.105, 55.184], [-162.957, 55.171], [-162.882, 55.183], [-162.84, 55.224], [-162.888, 55.27], [-162.798, 55.311], [-162.732, 55.308], [-162.66, 55.365], [-162.575, 55.348], [-162.501, 55.39], [-162.519, 55.461], [-162.493, 55.512], [-162.265, 55.689], [-162.147, 55.733], [-162.063, 55.786], [-161.899, 55.833], [-161.816, 55.889], [-161.586, 55.937], [-161.45, 55.954], [-161.133, 56.015], [-160.826, 56.027], [-160.863, 55.995], [-160.818, 55.953], [-160.828, 55.911], [-160.93, 55.896], [-160.931, 55.814], [-160.806, 55.738], [-160.758, 55.786], [-160.769, 55.884], [-160.639, 55.858], [-160.495, 55.864], [-160.469, 55.791], [-160.386, 55.796], [-160.242, 55.85], [-160.326, 55.868], [-160.536, 55.94], [-160.59, 55.983], [-160.489, 56.077], [-160.357, 56.28], [-160.223, 56.347], [-160.146, 56.4], [-160.083, 56.411], [-159.938, 56.474], [-159.828, 56.544], [-159.535, 56.627], [-159.389, 56.69], [-159.263, 56.723], [-159.018, 56.815], [-158.957, 56.851], [-158.853, 56.793], [-158.784, 56.781], [-158.674, 56.797], [-158.647, 56.847], [-158.694, 56.888], [-158.679, 56.989], [-158.54, 57.125], [-158.393, 57.237], [-158.23, 57.322], [-158.084, 57.357], [-157.932, 57.476], [-157.786, 57.542], [-157.704, 57.563], [-157.649, 57.5], [-157.573, 57.515], [-157.607, 57.613], [-157.691, 57.611], [-157.704, 57.722], [-157.642, 57.869], [-157.584, 58.124], [-157.533, 58.16], [-157.397, 58.173], [-157.547, 58.278], [-157.536, 58.392], [-157.452, 58.506], [-157.358, 58.534], [-157.281, 58.6], [-157.078, 58.708], [-157.049, 58.78], [-156.994, 58.837], [-157.041, 58.913], [-157.117, 58.868], [-157.275, 58.836], [-157.551, 58.755], [-157.696, 58.73], [-157.855, 58.678], [-158.14, 58.615], [-158.232, 58.62], [-158.332, 58.665], [-158.351, 58.728], [-158.424, 58.77], [-158.565, 58.803], [-158.52, 58.857], [-158.487, 59.0], [-158.53, 58.998], [-158.62, 58.911], [-158.768, 58.864], [-158.771, 58.765], [-158.861, 58.696], [-158.828, 58.626], [-158.704, 58.483], [-158.795, 58.408], [-158.896, 58.39], [-159.063, 58.423], [-159.242, 58.619], [-159.391, 58.762], [-159.502, 58.824], [-159.644, 58.845], [-159.587, 58.9], [-159.616, 58.932], [-159.733, 58.931], [-159.754, 58.856], [-159.806, 58.806], [-159.908, 58.78], [-160.054, 58.887], [-160.151, 58.866], [-160.286, 58.945], [-160.257, 58.994], [-160.318, 59.07], [-160.477, 59.026], [-160.753, 58.91], [-160.823, 58.829], [-160.872, 58.878], [-161.001, 58.85], [-161.338, 58.743], [-161.372, 58.666], [-161.626, 58.603], [-161.683, 58.565], [-161.871, 58.637], [-162.066, 58.621], [-162.172, 58.648], [-161.995, 58.689], [-161.939, 58.656], [-161.77, 58.775], [-161.757, 58.826], [-161.787, 58.9], [-161.784, 58.969], [-161.879, 59.068], [-161.982, 59.151], [-162.056, 59.271], [-161.951, 59.381], [-161.877, 59.4], [-161.79, 59.468], [-161.703, 59.491], [-161.758, 59.557], [-161.874, 59.649], [-161.911, 59.742], [-162.092, 59.881], [-162.121, 59.965], [-162.172, 59.984], [-162.228, 60.056], [-162.372, 60.167], [-162.491, 60.143], [-162.477, 60.048], [-162.504, 59.999], [-162.644, 59.973], [-162.707, 59.99], [-162.809, 59.934], [-162.904, 59.919], [-163.086, 59.861], [-163.349, 59.82], [-163.559, 59.801], [-163.772, 59.796], [-163.931, 59.804], [-164.115, 59.837], [-164.16, 59.865], [-164.208, 59.949], [-164.125, 59.965], [-164.192, 60.024], [-164.385, 60.077], [-164.518, 60.199], [-164.634, 60.243], [-164.699, 60.296], [-164.85, 60.304], [-164.963, 60.34], [-165.129, 60.434], [-164.961, 60.508], [-165.057, 60.545], [-165.19, 60.498], [-165.363, 60.507], [-165.42, 60.551], [-165.381, 60.578], [-165.269, 60.579], [-165.063, 60.689], [-164.971, 60.711], [-165.032, 60.76], [-165.032, 60.904], [-165.172, 60.94], [-165.19, 60.983], [-165.116, 61.016], [-164.951, 61.031], [-165.12, 61.079], [-165.173, 61.147], [-165.326, 61.169], [-165.368, 61.084], [-165.555, 61.093], [-165.627, 61.167], [-165.623, 61.278], [-165.88, 61.335], [-165.919, 61.419], [-165.767, 61.457], [-165.754, 61.499], [-165.912, 61.556], [-166.15, 61.513], [-166.183, 61.588], [-166.139, 61.632], [-165.81, 61.673], [-166.007, 61.73], [-166.092, 61.801], [-165.955, 61.832], [-165.758, 61.825], [-165.64, 61.847], [-165.744, 61.963], [-165.748, 62.074], [-165.672, 62.14], [-165.312, 62.379], [-165.269, 62.427], [-165.096, 62.522], [-165.076, 62.582], [-165.013, 62.64], [-164.838, 62.685], [-164.877, 62.784], [-164.784, 62.946], [-164.717, 63.006], [-164.584, 63.058], [-164.634, 63.098], [-164.423, 63.212], [-164.14, 63.259], [-164.037, 63.261], [-163.885, 63.222], [-163.733, 63.213], [-163.616, 63.141], [-163.507, 63.114], [-163.316, 63.038], [-163.04, 63.062], [-162.845, 63.154], [-162.821, 63.206], [-162.663, 63.23], [-162.437, 63.378], [-162.422, 63.409], [-162.271, 63.488], [-162.252, 63.542], [-162.042, 63.49], [-162.026, 63.448], [-161.84, 63.447], [-161.677, 63.465], [-161.584, 63.448], [-161.31, 63.471], [-161.137, 63.505], [-161.103, 63.548], [-160.904, 63.658], [-160.766, 63.774], [-160.766, 63.835], [-160.892, 63.986], [-160.952, 64.09], [-160.976, 64.236], [-161.264, 64.398], [-161.505, 64.423], [-161.469, 64.507], [-161.389, 64.533], [-161.234, 64.5], [-161.024, 64.5], [-161.049, 64.541], [-160.94, 64.55], [-160.802, 64.61], [-160.783, 64.717], [-160.936, 64.822], [-161.08, 64.87], [-161.214, 64.883], [-161.293, 64.853], [-161.377, 64.773], [-161.518, 64.753], [-161.667, 64.789], [-161.878, 64.709], [-162.169, 64.68], [-162.234, 64.619], [-162.54, 64.531], [-162.614, 64.471], [-162.632, 64.386], [-162.81, 64.353], [-162.807, 64.406], [-162.858, 64.5], [-162.941, 64.542], [-163.031, 64.542], [-163.061, 64.588], [-163.218, 64.632], [-163.312, 64.588], [-163.027, 64.478], [-163.107, 64.409], [-163.175, 64.399], [-163.253, 64.47], [-163.451, 64.535], [-163.598, 64.563], [-163.83, 64.575], [-163.974, 64.551], [-164.147, 64.565], [-164.422, 64.545], [-164.808, 64.449], [-165.017, 64.434], [-165.413, 64.498], [-166.237, 64.584], [-166.392, 64.638], [-166.484, 64.733], [-166.479, 64.797], [-166.407, 64.834], [-166.416, 64.872], [-166.531, 64.937], [-166.691, 64.985], [-166.696, 65.036], [-166.86, 65.091], [-166.638, 65.114], [-166.464, 65.177], [-166.475, 65.224], [-166.347, 65.276], [-166.486, 65.331], [-166.655, 65.325], [-166.796, 65.337], [-167.027, 65.382], [-167.398, 65.4], [-167.474, 65.413], [-167.711, 65.499], [-167.91, 65.551], [-168.075, 65.576]]], [[[-169.054, 52.863], [-168.959, 52.886], [-168.959, 52.937], [-168.861, 52.968], [-168.861, 53.016], [-168.785, 53.045], [-168.802, 53.108], [-168.763, 53.183], [-168.6, 53.274], [-168.539, 53.252], [-168.344, 53.262], [-168.41, 53.411], [-168.342, 53.476], [-168.2, 53.534], [-168.005, 53.566], [-167.902, 53.521], [-167.784, 53.501], [-167.858, 53.438], [-167.842, 53.386], [-168.04, 53.304], [-168.271, 53.243], [-168.342, 53.186], [-168.344, 53.155], [-168.497, 53.035], [-168.588, 53.027], [-168.688, 52.966], [-169.041, 52.839]]], [[[-169.763, 52.978], [-169.746, 53.021], [-169.666, 52.997], [-169.698, 52.958]]], [[[-169.79, 56.618], [-169.507, 56.611], [-169.49, 56.583], [-169.583, 56.537]]], [[[-170.004, 52.847], [-169.86, 52.858], [-169.774, 52.894], [-169.667, 52.864], [-169.704, 52.794], [-169.838, 52.817], [-169.963, 52.79]]], [[[-170.113, 52.902], [-170.002, 52.91], [-170.05, 52.857]]], [[[-170.186, 52.723], [-170.171, 52.785], [-170.062, 52.774], [-170.078, 52.72]]], [[[-170.424, 57.169], [-170.39, 57.206], [-170.162, 57.23], [-170.171, 57.181], [-170.304, 57.155]]], [[[-170.833, 52.6], [-170.818, 52.636], [-170.728, 52.68], [-170.634, 52.697], [-170.563, 52.675], [-170.604, 52.602], [-170.674, 52.603], [-170.788, 52.54]]], [[[-171.313, 52.494], [-171.252, 52.53], [-171.196, 52.5], [-171.237, 52.451], [-171.304, 52.45]]], [[[-171.84, 63.548], [-171.742, 63.665], [-171.743, 63.783], [-171.667, 63.786], [-171.653, 63.709], [-171.609, 63.68], [-171.382, 63.631], [-171.044, 63.58], [-170.907, 63.572], [-170.698, 63.647], [-170.488, 63.697], [-170.282, 63.685], [-170.176, 63.625], [-170.096, 63.613], [-170.047, 63.49], [-169.857, 63.442], [-169.643, 63.428], [-169.547, 63.373], [-169.268, 63.344], [-168.999, 63.341], [-168.687, 63.293], [-168.783, 63.184], [-168.859, 63.147], [-169.043, 63.177], [-169.198, 63.176], [-169.376, 63.151], [-169.535, 63.074], [-169.576, 63.036], [-169.568, 62.977], [-169.638, 62.938], [-169.735, 62.977], [-169.83, 63.079], [-169.944, 63.132], [-170.124, 63.184], [-170.263, 63.179], [-170.365, 63.286], [-170.559, 63.355], [-170.865, 63.414], [-171.101, 63.423], [-171.269, 63.385], [-171.333, 63.335], [-171.464, 63.307], [-171.739, 63.366], [-171.825, 63.437]]], [[[-172.62, 52.299], [-172.568, 52.349], [-172.448, 52.391], [-172.326, 52.366], [-172.301, 52.33], [-172.414, 52.277], [-172.609, 52.253]]], [[[-173.064, 60.503], [-173.041, 60.562], [-172.951, 60.606], [-172.885, 60.508], [-172.765, 60.447], [-172.592, 60.393], [-172.424, 60.393], [-172.326, 60.328], [-172.51, 60.334], [-172.606, 60.32], [-172.723, 60.359], [-172.932, 60.476]]], [[[-174.048, 52.133], [-173.922, 52.133], [-173.802, 52.106], [-173.625, 52.152], [-173.357, 52.096], [-173.125, 52.109], [-173.156, 52.06], [-173.314, 52.059], [-173.394, 52.029], [-173.548, 52.029], [-173.612, 52.051], [-173.901, 52.049]]], [[[-175.327, 52.027], [-175.033, 52.076], [-174.656, 52.108], [-174.568, 52.138], [-174.553, 52.18], [-174.405, 52.184], [-174.299, 52.215], [-174.256, 52.274], [-174.369, 52.28], [-174.318, 52.345], [-174.325, 52.378], [-174.185, 52.418], [-174.068, 52.39], [-173.989, 52.325], [-173.988, 52.295], [-174.06, 52.225], [-174.178, 52.234], [-174.197, 52.196], [-174.135, 52.169], [-174.142, 52.125], [-174.278, 52.089], [-174.334, 52.115], [-174.415, 52.028], [-174.509, 52.049], [-174.737, 52.007], [-174.783, 52.032], [-174.968, 52.037], [-175.015, 52.007], [-175.212, 52.006]]], [[[-175.954, 51.983], [-175.815, 51.994], [-175.785, 51.939]]], [[[-176.2, 52.079], [-176.15, 52.118], [-176.056, 52.109], [-175.975, 52.041], [-176.045, 52.008], [-175.994, 51.96], [-176.038, 51.931], [-176.169, 51.948]]], [[[-176.236, 51.826], [-176.218, 51.875], [-176.08, 51.859], [-176.065, 51.903], [-175.993, 51.913], [-175.954, 51.868], [-176.095, 51.792]]], [[[-176.991, 51.629], [-176.984, 51.657], [-176.871, 51.732], [-176.904, 51.812], [-176.79, 51.817], [-176.762, 51.868], [-176.81, 51.927], [-176.774, 51.966], [-176.656, 51.952], [-176.604, 51.997], [-176.554, 51.991], [-176.545, 51.927], [-176.616, 51.903], [-176.576, 51.842], [-176.398, 51.868], [-176.291, 51.872], [-176.266, 51.818], [-176.29, 51.742], [-176.508, 51.73], [-176.632, 51.657], [-176.713, 51.683], [-176.752, 51.635], [-176.863, 51.685], [-176.931, 51.592]]], [[[-177.705, 51.707], [-177.64, 51.736], [-177.555, 51.721], [-177.461, 51.751], [-177.281, 51.784], [-177.212, 51.812], [-177.2, 51.925], [-177.099, 51.936], [-177.045, 51.899], [-177.137, 51.814], [-177.123, 51.729], [-177.146, 51.707], [-177.262, 51.681], [-177.391, 51.734], [-177.49, 51.705], [-177.632, 51.697]]], [[[-178.225, 51.881], [-178.125, 51.92], [-177.952, 51.915], [-177.798, 51.793], [-177.856, 51.681], [-178.013, 51.629], [-178.104, 51.702], [-177.962, 51.72], [-177.965, 51.778], [-178.039, 51.779], [-178.215, 51.858]]], [[[-178.87, 51.795], [-178.811, 51.839], [-178.748, 51.81], [-178.75, 51.758], [-178.816, 51.749]]], [[[-178.992, 51.381], [-178.927, 51.384], [-178.909, 51.341], [-178.991, 51.312]]]]}}]}